Group_ID,Name_EN,Name_KR,Album_Count,Version_Count,Image_URL
cmh7fcxv6000ujv04fljvnvdi,&TEAM,"['andteam', '&t', 'teamies']",0,0,
cmoohtzwo0049l404hr3cwpts,0wave,[],0,0,
cmpmd3qqx008nju04y38wlmf8,100%,[],0,0,
cmqd1c5qa00jxjl04gpes46br,10cm,[],0,0,
cmnrj59fs00bnl704rooe6zbw,13Found,[],0,0,
cmovol2f2000bjr0430w6xmo8,14U,[],0,0,
cmq6xbpz3000rju04u5lrrw8g,15&,[],0,0,
cmq1izm3900u4j70bmnzfex8x,1CHU,[],0,0,
cmqsol14v004aj90a67rqrx7h,1NB,[],0,0,
cml41owu0000ml2042pujk18o,1TEAM,[],0,0,
cml6lb63p000gjl04igolvx9t,1the9,[],0,0,
cmrtq85ns00dfl804194juqd4,1TYM,[],0,0,
cmh819clx0005jl04gr84p7r9,1Verse,"['SB BOYZ', 'Universe']",0,0,
cmh7r91y7001tjv04tneze5ga,24K+,"['24k', 'Team 21:00']",0,0,
cmjvobq1h0029l1044785pzte,257,[],0,0,
cmjt3ere0003olb04ui45h4eh,2AM,[],0,0,
cmpl0fp20002gle04wccuxtza,2EYES,[],0,0,
cmeqz9aw000hv136wi3bzllxr,2NE1,[],0,0,
cmjt3w7bp008ojv04780pic0r,2PM,[],0,0,
cmnrjdwbv005zld04qqec27kp,2Z,['TU:ZI'],0,0,
cmptzlgrn01m2jr04bq5r9sxx,3piece,[],0,0,
cmjb2p8st000dl704kx3lk4w4,3YE,[],0,0,
cml8axyd10007lb04oimuusl0,4Minute,[],0,0,
cmrp8kz1l01hvl504oo5gnfcg,4SOME,['Sugar Pop'],0,0,
cmq1j18dh006tj10bhw1s5d7d,4TEN,[],0,0,
cmrmjxh7j00b4jq04fzks4se1,5urprise,[],0,0,
cmh9q3obl0019lg042oia56jc,82Major,[],0,0,
cmnrjnmej00dtl8045tlv1cbx,87dance,[],0,0,
cmjgekz1c005ql704hxnvq5xn,8TURN,['BOM'],0,0,
cmlcgy4r0000vjv044ergzdsm,9MUSES,[],0,0,
cmq5q7w0u00wojo04yc219hvz,A-JAX,[],0,0,
cmh6lkq4e001bih04amlvnxft,A.C.E,['ace'],0,0,
cmsjgcmp30068ko0apr39pvka,A.cian,[],0,0,
cmrcft3s00247jd0aldlqm6dn,A.De,['Eidii'],0,0,
cmpkxtrrq0075l204ezextgh0,A.KOR,[],0,0,
cms69dcb8006cla04nszsvt1m,A2O May,[],0,0,
cmh83ifbk005ijm04gaqeqs5z,AB6IX,[],0,0,
cmmcaaggm001ajv04e44jadie,Ablue,[],0,0,
cmiarxkw30007jw04au1crqnv,ablume,[],0,0,
cmpt98zr000aul104uze70odp,ADORA,[],0,0,
cml39kc5h001yl7040imv559p,ADYA,[],0,0,
cmri2d1i7007cl204wsuu2ero,AEN,[],0,0,
cmpswllwf04akgw04v433n6ky,AEONIT,[],0,0,
cmeqz8t7a0054136w5gno950a,aespa,[],0,0,
cmqgtkwiu00b0l704ts57jlvl,AFOTS,[],0,0,
cmkek940a0019jo04s3lh8tjn,After School,['Orange Caramel'],0,0,
cmpp1trk6009jl20433a0ar67,AfterMoon,[],0,0,
cmpc3o4l2003ckz04o6oppvw1,AFuture,[],0,0,
cmnkxf3z400gkky04qb6utn77,Ahn Yeeun,[],0,0,
cmgqsslrw000bl5046yc8mf2z,AHOF,[],0,0,
cmmwxg65m00iujr04lzg5rwi8,Ailee,[],0,0,
cmlah2ji60012ju044kxdddpf,AIMERS,[],0,0,
cmlmw082x004vib047h5zfa2t,AKMU,['Akdong Musician'],0,0,
cml7lg9600009i204j2vgk8i5,Alice,['Elris'],0,0,
cms697311001fjp04t8apfgia,Alice Syndrome,[],0,0,
cmnqj3gal002uib049x6zvvn8,ALIEN STAGE,[],0,0,
cmo6h9hg1002gju04gm1kxysh,ALL'N,[],0,0,
cmhmyzjjx000xl104l6mk5pb0,ALL(H)OURS,"['A(H)S', 'AHS']",0,0,
cmgr86iva000bkz04b79e2dbi,ALLDAY PROJECT,['ADP'],0,0,
cmixndk5h000rl204403w1lmk,ALPHA DRIVE ONE,['ALD1'],0,0,
cmq8aa2hr001yko0czbon8sxm,ALPHABAT,[],0,0,
cml5xoqo7001pl204afcxpd7y,AM8IC,[],0,0,
cmqujf3mw012jjx04x4oc96l4,Amakize,[],0,0,
cmmkchkkw0001ju040w4fbh8f,AmbiO,[],0,0,
cmpzpqdyu017ila040bqjm1b4,Amón,[],0,0,
cmgplpzyf001qk104ak4z56yw,AMPERS&ONE,[],0,0,
cmoamq3bb004ljq04dtndwyp5,AND2BLE,['A2B'],0,0,
cmnrkfe5a00ahjr04vx74g2pf,ANEX,[],0,0,
cmo4e1sx000aal104xnozib03,ANS,[],0,0,
cmrxc34dh009eju049v5iyem3,ANTARES,[],0,0,
cmjbecze80001ju04pa32jiwo,AOA,['Ace of Angels'],0,0,
cmeqz93a000cg136wu4ddrlyk,Apink,[],0,0,
cmjug7qss002ll204nrlz24pz,APRIL,[],0,0,
cmp35o8ce000pkz0476qncwsh,ARGON,[],0,0,
cmkoncscn000llg04cgjq0uom,ARIAZ,[],0,0,
cmjvtkhty000djw04u39w6r73,ARISE,[],0,0,
cmhzlsuds000pji04ffh07j43,ARrC,[],0,0,
cmpjhbfsw005sjp04jpz1j1kt,ARTBEAT v,[],0,0,
cmgpsbmhd0011l104h7qtld97,ARTMS,[],0,0,
cmjvp3j9m0036l204ftq805lt,ARVVY,[],0,0,
cmmca3cg9000okz04hpdk9oaq,Asc2nt,[],0,0,
cmqpabw2h0001jx04clnso5sg,ASCENDER ,[],0,0,
cmpxt5qjp0012jr04r7rpl93s,ASH ISLAND,[],0,0,
cmptxz82e004bjm04b4fozx5s,ASTIN,[],0,0,
cmeqz98jl00g8136w468ywvf2,ASTRO,[],0,0,
cmh7ldfiz001vl804lszowid5,ATBO,['ABØ'],0,0,
cmeqz8z2f009d136wgxw75rz8,ATEEZ,['ATZ'],0,0,
cmixlkt700009ju04udhkz2fo,AtHeart,[],0,0,
cmptrcuyk008fi9046ms0ztx8,AWEEK,[],0,0,
cmq2t1gtt013mjl04h3et9ro4,AWIN,[],0,0,
cmnksiy110081jx046dmucwbq,AWU,[],0,0,
cmkz9pc7s0001jr04x4sa0a53,AxMxP ,[],0,0,
cmq3yhe6f00sfl504aomuelxt,B-OURS,[],0,0,
cmprjbrdi060el504juue4j8o,B:DAWN,[],0,0,
cmqvhm0hq000fkl0agcuqxdsq,B.Crown,[],0,0,
cmmglfbg9007kky04p6bcd1gv,B.D.U,[],0,0,
cmjehx52d0008l804u34hbtjm,B.I,[],0,0,
cmppqnv2h00kii904vk1prglb,B.I.G.,[],0,0,
cmprzi0m700kzl404ucaei1rg,B.O.Y.,"['Best of You', 'Both of You']",0,0,
cmquj7ew500u8jx04u5j4d6g6,B.YourSide,[],0,0,
cmidmyz7j000djo048b9d7315,B1A4,[],0,0,
cmh3k8k0y0011jm045pp5xsem,Baby DONT Cry,['BDC'],0,0,
cmpuc9v8200c8lg048rxss6bc,Baby V.O.X,[],0,0,
cmgqj0yy70001ie04b0j7fb85,BABYMONSTER,['baemon'],0,0,
cmqr8z7st00jol5045sb8gr63,BADKIZ,[],0,0,
cmj8uxc2f000ll504h9bkgf06,BADVILLAIN,[],0,0,
cmoa6qne2000yl404rthc38mr,Bae Jinyoung,[],0,0,
cmjpemgis003gl204andzijwu,BAE173,[],0,0,
cmq3bpe1c00qdky04x7q22aau,Baek A Yeon,[],0,0,
cmlhpdf1j000ik104wnkg2znr,Baekho,[],0,0,
cmq52veh700gbib049xdjqta7,Balming Tiger,[],0,0,
cmr05f1dv002sjj043dka2sow,Ban Seolhee,[],0,0,
cmpc6m9cs001nl5041uto6yqv,Bang Yedam,[],0,0,
cmguqd2gp0001jm04mlljkt0d,BANG&JUNG&YOO&MOON,['B.A.P.'],0,0,
cmqvpx04m000rjb0a9hf86ww5,BASTTIE,[],0,0,
cmqvgrh3r0041j90a4rj13yut,BB.Boys,[],0,0,
cmhpd4pyr000hla040yiqjime,BBGIRLS,['Brave Girls'],0,0,
cmo8s4yil000xld0471ie5rlq,BDC,['BOYS DA CAPO'],0,0,
cmnp3xtli000qjk045bpy5y1h,BE BOYS,[],0,0,
cmq9uhi4h00ajl5041bh6n7dl,BE:MAX,[],0,0,
cmplh0ll4004ikw040wdp67k6,Be.A,[],0,0,
cmq80htzq005pjp04kaaau9ks,Be'O,[],0,0,
cmpifkbcx009hkw04evugc4bl,BEAUTY BOX,[],0,0,
cmoiwruxr0002ih043hpg0sw9,Berry Good,[],0,0,
cmliqxtbj004vli04g8ae9anl,BESTie,[],0,0,
cmh2f1pqe0001jr04jrtmppqz,BEWAVE,[],0,0,
cmgzt3rht0001l504vwpwbsl1,BIBI,[],0,0,
cmqftv8kw000vji04znnv93vg,Big Mama,[],0,0,
cmpv8xzr600frjs04mnlod52d,BIG NAUGHTY,[],0,0,
cmha54x2r0003l204nbvy3x54,Big Ocean,[],0,0,
cmeqz8uk00063136wl42zkk7v,BIGBANG,[],0,0,
cmnvbcucd0031la04sz6ad9b8,BIGFLO,[],0,0,
cmpyo4i4i00e0la04d4fg6aya,BIGSTAR,[],0,0,
cmo76cplx0085l604236gpktu,Bill Stax,[],0,0,
cmgpwf02y0002l404ivsl6bdp,Billlie,[],0,0,
cmo1n54p80049lh04lnt4paw1,BLACK LEVEL,[],0,0,
cmpqc7b6v0008jv04a918kt57,Black on,[],0,0,
cmq2stoyd00aojz04dy4sm8kj,BLACK6IX,[],0,0,
cmeqz8m6a0004136w21hm3ty4,BLACKPINK,[],0,0,
cmjb0gg8h0003l104eozrmlfy,BLACKSWAN,[],0,0,
cmpyr3i1o006fjy049l8txr99,Blady,[],0,0,
cmpx9ad5i01e2jl04nwqkod59,Blah Blah,[],0,0,
cmpqu8htx0030l704rpp9dvwq,BLANK2Y,[],0,0,
cmjufkkvl0010la04xhwzfyb7,BlingBling,['Bling Bling'],0,0,
cmqlly4nf0047k104lw3b53kz,BLINGONE,[],0,0,
cmjx1gpox000sjp04hen2y0bv,BLITZERS,[],0,0,
cmeqz9e9l00k9136w3re6r985,Block B,[],0,0,
cmh7tmag8007ql504k28p8q8u,BLOO,[],0,0,
cmq2tmmqm009zl004y2ieolrz,Blue.D,[],0,0,
cmhp8o8us0005la04zf7tc1o2,BoA,[],0,0,
cmk12agb5000clb04n9e096l1,Bolbbalgan4,"['bol4', 'blushing youth']",0,0,
cmppqjkxw006pkw04gtvufgds,Botopass,[],0,0,
cmnxnqsah00a8l704c8lqj2bw,Boy Story,[],0,0,
cmh07vt0t0001l104qmdh3qpa,BOYFRIEND,['BF'],0,0,
cmgple3no0038l204pqtql8u3,BOYNEXTDOOR,['Bnd'],0,0,
cmm7r0tc00003ju04mhrsa14w,Boys Republic,[],0,0,
cmjvupcez003pk004c42psux5,Brown Eyed Girls,[],0,0,
cmeqz9ceb00ix136w1y3xk7i2,BTOB,[],0,0,
cmdzx8kv100001019i4dirgdl,BTS,"['Bangtan Boys', 'Bangtan', 'Bangtan Sonyeondan', 'Tannies']",0,0,
cmjhbyepb001bk1046jdqf2aw,bugAboo,[],0,0,
cms7ohl4800flj80apaabp3f8,BULLDOK,[],0,0,
cmq85ep76000gjo04ryhf0ifj,BUMKEY,[],0,0,
cmjvty1xv0001l504b01qws3i,Burvey,[],0,0,
cmpn2yw5x03tgld04duj81u4r,BUS,['because of you I shine'],0,0,
cmpu1q50004x7l104x98yng1q,Busters,[],0,0,
cmrqpjuxi00m3ju04qahapx4x,BUZZ,[],0,0,
cmkd1hfp4006cky04sy4yotlm,BVNDIT,"['Bandit', 'Be Ambitious N Do It']",0,0,
cmhazhsv6003hl10420oyq8b2,BXB,"['Apr Project', 'Boy By Brush']",0,0,
cmquaxyya007pl404skyy9iac,Bz-Boys,[],0,0,
cmpypbk0q00lnie04lqukccit,C-Clown,[],0,0,
cmr9nmrh201zil404q9size0f,C-REAL,[],0,0,
cmqgwj5is005lkw045sfr8fqf,CAMILA,[],0,0,
cmpoiqe5t019ak004h2o1d9if,can’t be blue,[],0,0,
cmjuccx5u0001jr0409cfmhi4,Candy Shop,[],0,0,
cmpes19l4000eia0cieoh8jb2,CATCH THE YOUNG,[],0,0,
cmqip9x3b00sql404vyzadpla,Celeb Five,[],0,0,
cmpyuiu4w010ljs044hjze24g,CELEST1A,[],0,0,
cmray7mr6005cjo0466z7c6fd,Chakra,[],0,0,
cmpe0d3p6004rla04pvm26xi4,CHASER,[],0,0,
cmpu9b6v4001pk204imzptllt,Checkmate,[],0,0,
cmqipjpld01kzlf04ei6grdt9,Cheeze,[],0,0,
cmhko9was000sjr04lfpufxmf,Cherry Bullet,[],0,0,
cmq2pu64r002vju041m6zjz17,Cherry Coke,[],0,0,
cmnpvbmty0004jl04zwolqs9x,CHI CHI,[],0,0,
cmqtjl012009mj80azzbewmoi,ChillLit,"['ChillLIT', 'ChillLit On Air', 'ChillLit Seoul']",0,0,
cmqv5h8ch005phy09n1us3qqv,ChoCo,[],0,0,
cmljm3oi2000ejs04aj0a7w6u,ChoColat,[],0,0,
cmqjjjihe0051l5048qal6pbi,Choi Yoojung,[],0,0,
cmlcfer35000dl504ec6olyaf,ChRocktikal,[],0,0,
cmh9p977b0024l40443b5rk9n,Chung Ha,[],0,0,
cmh2ztbg40001ju040h03fjys,Chuu,[],0,0,
cmj93c87m000bk30411w3vust,cignature,[],0,0,
cml045wkd00dqjx04h4llucd6,Ciipher,[],0,0,
cmh83xi3n0031jx04i059u7l3,CIX,[],0,0,
cmhdn4vis0019jz04dtdh2eeb,CLASSy,[],0,0,
cmiz1xlse000bla04wvda5i32,CLC,[],0,0,
cmq3yxl63003ykz04uiyb3rxf,Clear:I,[],0,0,
cmq3z06f40072ky04rfe27xfl,CLEO,[],0,0,
cmrtii8pg0049l404859u79tg,Click-B,[],0,0,
cmh7tjs5i000zl504f1kkudrr,CLOSE YOUR EYES,['CYE'],0,0,
cmqnnfrqu00d5l204e9sclgep,Cloud Koh,[],0,0,
cmoszesp2002ujr04c1ii3d1p,CMDM,[],0,0,
cmpc8wk6v001el704orqcr7f8,CNBLUE,[],0,0,
cmqi1girg00c0l504p4y6n200,Co-ed School,[],0,0,
cmq31tubl00r8l804u33hvok2,CocoSori,[],0,0,
cmpozu27b021jl404rvjk3gv7,COMMA,[],0,0,
cmr6khq2h0001j709ukf5pdx8,Continewd,[],0,0,
cmgqtsggm0003l504dlhq7cob,CORTIS,['COLOR OUTSIDE THE LINES'],0,0,
cmjuc082e0040i804tcnorwg3,Cosmosy,[],0,0,
cmh0djk6q000hjp04c9vu1mnl,CRAVITY,"['CRVT', 'Vity']",0,0,
cmjhg3530002vl204c4pxzjhq,Craxy,[],0,0,
cmnxesjbt0001la04byad4hxi,Crayon Pop,[],0,0,
cmprrsgxe031yl704wadwc8sl,CrazAngel,[],0,0,
cmr436mwe00oqlb04nhq8ayw8,Crazyno,[],0,0,
cmqwn0j2x03gljs04wvrkn90e,CREZL,[],0,0,
cmorodd9k00cvjr04f4swwt6u,Cross Gene,[],0,0,
cmq549j6100awjr04wja0914p,CRUCiAL STAR,[],0,0,
cmnv7pxlu0063jx04wc7kjrwm,Crush,[],0,0,
cmhrfwhh60003l40429j8c9j9,CSR,[],0,0,
cmosnf4vp000bl8042z3tgjk9,Cutie Street,[],0,0,
cmnp39y8f004ikw04xjmllf7b,D-CRUNCH,[],0,0,
cmltrwakf0092jo04jg9tm0kp,D.COY,[],0,0,
cmq13voel00hhhn0cc8eqv2d2,D.Holic,[],0,0,
cmqukvdat017ul104um1maxbs,D.I,[],0,0,
cmmu5vizb0027jw04l2j0xb36,D1CE,[],0,0,
cmrqnwyf300iik3040kw5lv8z,DADADA,[],0,0,
cmquku4zm00ktl204o62sb7ye,Dae Yeol,[],0,0,
cmltwno01004qle04xdff64dp,DAILY:DIRECTION,[],0,0,
cmjuebuc2006rla04jlszziig,Dal★Shabet,[],0,0,
cmqudodru0034jr04edwa8m36,Davichi,[],0,0,
cmh6g451l001kl704wkaxqo2m,DAY6 ,[],0,0,
cmpo56tog002il704ysn61vmc,Daychild,[],0,0,
cmq0kqn31008hjs04x4d3kxfp,DEAN,[],0,0,
cmo6zij2g001bl7045cb54rib,DearAlice,[],0,0,
cmrs3poiy0054l804nyi7jbwt,DEUX,[],0,0,
cmq1be3un008zgl0bpljfxxt4,DeVita,[],0,0,
cmhm4xmvg0012l804zg3dj3ku,DIA,[],0,0,
cmps7zqlr0013le043s0ds6wy,DIGNITY,[],0,0,
cmrshp76e00belc04nepwhka2,DIVA-X,[],0,0,
cmha77jwo000djr04opcvklgt,DKB,[],0,0,
cmlchbsqk0005l5044dl2spyb,DKZ,"['DONGKIZ', '동키즈']",0,0,
cmps0yr1y0002js04w81bd06n,DMTN,['Dalmatian'],0,0,
cmkr6vix8000sl204cf5rdcfh,Dodree,[],0,0,
cmps8hyu4021fld04kxageasb,Double 0ne,[],0,0,
cmrp8pcsy00pojp045kso8fn6,DPNS,['DICKPUNKS'],0,0,
cmgy2s5vb0007ju04ghh1pz5m,DPR,[],0,0,
cmma419mk001njo04q5mte8d8,Dragon Pony,['Saehamano'],0,0,
cmgwjnrzu0001k004ofzfd2ve,Dreamcatcher,['MINX'],0,0,
cmh93dfx00017le04blo4vx7v,DreamNote,[],0,0,
cmha6148r0001jy04lj212dyd,DRIPPIN,[],0,0,
cmq229wdl00g4l204kqpavlzj,DROP,[],0,0,
cmhaxgnfa002ajj04h4obmbmj,DXMON,[],0,0,
cmp81zs0k000ihu0c98f1bpac,DXTEEN,[],0,0,
cmq53f5pp0061jr04fj501x97,Dynamic Duo,[],0,0,
cmha5x8ql0015ll04a6fnjt8r,E’LAST,"[""E'LAST"", 'EBOYZ']",0,0,
cmpd0jdwn000njd0bnhh017bh,E11iVYN,"['IWU', '11']",0,0,
cmqgdi0eh000bjl04cb5g2lxi,EASTSHINE,[],0,0,
cmr3i46y4006ujs04idql5fly,Eddy Kim,[],0,0,
cmph5f45600bkju04put86fmy,eite,[],0,0,
cmjwr578r0026jx04061gpxuy,EL7Z UP,[],0,0,
cmrci6wrd0011l404ek7qjm58,elf,[],0,0,
cms4w78i900pild04rs6jdx66,EMOTI:M,[],0,0,
cmeqz8xb80082136wuj0zw24i,ENHYPEN,"['Enha', 'En-']",0,0,
cmh7dbr690013lb04g6086k9a,ENOi,[],0,0,
cmkxpny7u004fjr04ui4jhnud,EPEX,[],0,0,
cmh963xq4000rjo04x59po38d,Epik High,[],0,0,
cmkydltk4002il304qv3apffy,Eric Nam,[],0,0,
cmq8y5qfj0140l704jpgxre60,EVAN,[],0,0,
cmgshd6d4000vl104r7mjygoc,EVERGLOW,[],0,0,
cmj2s2hrc000xl604ydpr62xp,EVNNE,[],0,0,
cmn8qjtw8000ol504abwfi0m4,EvoL ,[],0,0,
cmiuz97u40033jx04cucqkrwt,EXID,[],0,0,
cmeqz8na5000w136w1fvzow0b,EXO,[],0,0,
cmqujr8l400bsl104digjis5v,Extreme Idol Project,[],0,0,
cmsava63q0029ju041mh65klt,Eyedi,[],0,0,
cmpphpqp400fplb04a6kp2o6w,F-ve Dolls ,[],0,0,
cmptrgdlm0038ky04iiez0ukk,F.able,[],0,0,
cmqvgzqxb009dja0amyi9cosx,F.CUZ,[],0,0,
cmo0nmjwo0001ju04vhftreo8,F.T. Island,"['FT Island', 'FTIsland']",0,0,
cmhi7ry040003l404cvg51qsy,f(x),[],0,0,
cmpiewazm000cju042of8y4fk,FANATICS,[],0,0,
cmjukfli5004ejm04kwb185u3,FANTASY BOYS ,[],0,0,
cmpoukokh05wxl704k0t6jzcv,FAVORITE,[],0,0,
cmm5215ch00a6l204wjy4aeps,Feverse,[],0,0,
cmpv3onji00msjg0b1nqkmm52,FIESTAR,[],0,0,
cmiar7p8n0017k804s3q2rowj,FIFTY FIFTY,[],0,0,
cmqpu2iy0005gjk0czbn5vx1o,Fin.K.L,[],0,0,
cmok17xud003jl704mbsm4n7g,FLARE U,[],0,0,
cmqgqsnok000akz040wikks91,FlaShe,[],0,0,
cmsjkmq7900zuhu0av5rx4wne,Floria,[],0,0,
cmrz7arqj004qjy04l6pl3khp,Fly To The Sky,[],0,0,
cmne2g04e007fla04es7ovvhz,For The More,[],0,0,
cmnw0zfoe0016ld04nxinf7y5,Forestella,[],0,0,
cmpyocf96014kjm04rc34i4ku,FRAME THE X,[],0,0,
cmptbcp750177if04yg1m7hgi,From20,[],0,0,
cmeqz92ba00bq136wx099llhx,fromis_9,[],0,0,
cmfdevjaw0000pzwbiow52tza,G-Dragon,[],0,0,
cmlndnagm000mjy04yibvkv5t,G-reyish,[],0,0,
cmmwgftfg00n1jx04xe2kuq4m,g.o.d,"['god', 'Groove Over Dose']",0,0,
cmqh3tzuq006xjr04prerdggi,Gain,[],0,0,
cmpviywoz03mxl7043cshmq5s,Gavy NJ,[],0,0,
cmq5371190042jv04wnk44fxc,Geeks,[],0,0,
cmjucyrxm0013lb04yuhn10pq,Geenius,[],0,0,
cms6kvyy0008cjf0acafo117l,Gemini,[],0,0,
cmjuctmz6000ml20473fg2tov,GENBLUE,[],0,0,
cmqujw4ff000el804cyv5cpfi,GENUS,[],0,0,
cmeqz93r200cr136wvsftvv72,GFRIEND,[],0,0,
cmgpmekhd0008jp04iemhkory,GHOST9,[],0,0,
cmprjfx0503adl8046knr1kk6,GIRIBOY,[],0,0,
cmhhsttsb0007l8048y4a252x,Girl's Day,[],0,0,
cmr8kv58l00vhky04u1cvor22,GIRLKIND,[],0,0,
cmeqz8uwv006c136wzy1ooe03,Girls' Generation,['SNSD'],0,0,
cmpmxy34b000plb04f47xwig7,Girls’ World,[],0,0,
cml158m2z001wkz04emp2hdbz,GIRLSET ,['VCHA (former)'],0,0,
cmqj9imqh0095kz049ztfr6nc,Gitim,[],0,0,
cmpnp093n02edjr04y7x51u32,GLAM,[],0,0,
cmjipxgd60001ju042ps7o6og,Golden Child,[],0,0,
cmpt0gkod01fmic041l6ptvqh,GOOD DAY,[],0,0,
cmjw665qb004jlb04596k9e93,GOT the beat,[],0,0,
cmeqz8tz9005o136wqxojc9ap,GOT7,[],0,0,
cmpzt8z6z002ujl04n92ekcgb,GRAY,[],0,0,
cmiv1e5u5000tl204pj3nixl5,gugudan,[],0,0,
cmjb1i3df000tl704azhn21ma,GWSN,"['Gongwon Sonyeo', 'Girls in the Park']",0,0,
cml4yplz0002rl504o3qz2azv,Gyubin,[],0,0,
cmrfuqs22001vht0aotllwn58,H.B.Y.,"['HBY', 'Hot Blood Youth']",0,0,
cmlo2vyk2001mlh041fvk8r1q,H.O.T.,"['Highfive of Teenagers', 'HOT']",0,0,
cmjgc1j4o003cii041d6tup2c,H//PE PRINCESS,[],0,0,
cmpttl9r600j2jr04uvsh0042,H&D,[],0,0,
cmhcbties001bl104xxet0jwl,H1-KEY,[],0,0,
cmjiuh443002sle04n5uf0jrk,Ha Sung Woon,[],0,0,
cmq2qimss000oic04xw42sxkf,HA:TFELT,[],0,0,
cmm39ldrw0730l1046t51xppx,Halo,[],0,0,
cmr2e55qq01frle04ow69l9j6,Han Seung Yun,[],0,0,
cmq54j86w00eel8042ql5aaq8,Han Yo-han,[],0,0,
cmpooger002c5kz04nxnot5bg,HANA,[],0,0,
cmpqzrz6t00c5l8047l4r9yq9,Hanhee,[],0,0,
cmodt0bfp0045jm04ptzt9zut,HANRORO,[],0,0,
cmpv63n6w013bl704et9e1toz,Hashtag,[],0,0,
cmppsrrpo03g1jr04o4kcluu3,HAWW,[],0,0,
cmp6p359q000xjk06vejrkjq5,HEART OF WOMAN,"['H.O.W', 'HOW']",0,0,
cmh88p3ik001kl504rzbrhdlm,Hearts2Hearts,[],0,0,
cmo8vm2ox0001i804pv5i5y3u,Hebi,[],0,0,
cmo8x1vdt0006js04pbnb626y,Heegyu,[],0,0,
cmoy7zbrw000zj807k6ykxq31,Heize,[],0,0,
cmptbagcw01xekz04w5ol028c,Hello Gloom,[],0,0,
cmjuep7040087la04b4m4onfc,Hello Venus,[],0,0,
cmoj1jznp0003ky04ckrtlbi6,Henry Lau,[],0,0,
cmppiimml01k6ju04ayg3invq,Hi-Fi Un!corn,[],0,0,
cmpjgur7y002wl204s41snhbr,Hi-L,[],0,0,
cmia9h19r0003l104h8vndw2x,HIGHLIGHT ,"['B2ST', 'BEAST']",0,0,
cmjb21fo90009la04ndb7bguf,HINAPIA,[],0,0,
cmnvb94kx001akv04w5aip24h,HISTORY,[],0,0,
cmjgftocu0013ju04yg6ec01q,HITGS,[],0,0,
cmpq0qxhu008ela04e85gzpg5,Holland,[],0,0,
cmpps4h4501stle0498d5msy2,Honey Popcorn,[],0,0,
cmptrlna000jkjp048w2d00jl,HONEYST,[],0,0,
cmpzvn9qp00ryi804unn6i3y0,Hoody,[],0,0,
cmrfckwdm005nje0an9xzym3n,Hoppipolla,[],0,0,
cmpozu0tz0214l4043309psbp,HORI7ON,[],0,0,
cmjucplc40099l104xvd0106n,Hot Issue,[],0,0,
cmjiulpya005ajr04ojz8hla6,HOTSHOT,[],0,0,
cmn38m8dg00e8ie04pr1vi4m8,hrtz.wav,[],0,0,
cms2lurgg003cjp04bmmyy1rm,Huh Jiwon,[],0,0,
cmqgt355l000fjy04xueg59w5,Hwang Chiyeul,[],0,0,
cmlhp4i3n0003ie04dx3cp4oq,Hwang Minhyun,[],0,0,
cmpvmwbk000uzjv04dai8u2am,Hwina,[],0,0,
cmpvintz105v6l504etic61w3,HWISOO,['Ahri'],0,0,
cmp6xacg9006tl804p4rxw41u,Hyemin,[],0,0,
cmh3snikb0001ji04h72nm0rj,HyunA,"['Hyunah', 'Hyuna', 'DDASA KEEM']",0,0,
cmlvb9ipb0015jl04k4zj0zs6,HyunA&DAWN,[],0,0,
cmliz8lwv000vjv04amjddy69,Hyunjun Hur ,[],0,0,
cmr5p8o3x00x3ju04239kz5dv,I (Cha Yoonji),[],0,0,
cmeqz948i00d4136wyoglur5d,i-dle,"['(G)I-DLE', 'GIDLE', 'IDLE']",0,0,
cmq2sw27u00gwjm04jtlhk4h7,I-REX,[],0,0,
cmjug2xn10004l504qmwrp5gh,I:MOND,['Partyence'],0,0,
cmp3f4o5b008cjx04mbwl8u9m,I.B.I,[],0,0,
cmpnc8pgg01sujv04se29iy3o,I.MET.U,[],0,0,
cmh9q92k4001il204wyjwu7o7,I.O.I,['ioi'],0,0,
cmjb325oa000fju044dgoehcq,ICHILLIN’,[],0,0,
cmj8ym4hp000zl704sb512vib,IDID,"['IDID', 'idid']",0,0,
cmha16jm6004eld04a9w5q1pk,idntt,[],0,0,
cmh3r2v4v000fld04gxmbz9og,ifeye,[],0,0,
cmjkp6uhu0027l504r8jrtvh0,iii,[],0,0,
cmskbkpw7000rju04tja3i9v4,IITERNITI,[],0,0,
cmia9ri0j0005lb04sn91g48d,iKON,[],0,0,
cmgr5rldv0008l204cvhlrxae,ILLIT,[],0,0,
cmgzhi7x90001l704mi4l9z61,ILY:1,[],0,0,
cmpt4t3aj00t4k004tx0hub1i,IMFACT,[],0,0,
cml26yb200007js045pu86dqx,IN A MINUTE,[],0,0,
cmkebcgkd0013jq0430y5bzor,INFINITE,[],0,0,
cmoxbnbe30006jv04s16ai5m4,INI,[],0,0,
cmq2s0blk00tal204kszh20a8,INX,[],0,0,
cmrvwvo7l006aj60aclwb2niy,IRION,[],0,0,
cmmj1ifqq0031l404q36ah3j1,IRISÉ,[],0,0,
cmlo9nwk30064ju04evj9eu44,IRRIS,[],0,0,
cmjukkd8g003ojs04uvwmo6yj,IS:SUE,[],0,0,
cmq6kgt0d00ofld045sz2xccs,Isaac Hong,[],0,0,
cmpm3ehdg027ele04qkpndtb5,ISEGYE IDOL,[],0,0,
cmeqz8tkb005d136wwr54jpjy,ITZY,[],0,0,
cmh7g7e3d003gkz04735r66vd,IU,[],0,0,
cmeqz8ovh0021136w2tlf7rpt,IVE,[],0,0,
cmplelzwn00ckl804pez1zowc,Ivy,[],0,0,
cmprztvhq00qnk004yrn7ch5l,IZ,[],0,0,
cmgvivhwm000mky04d6mwa39r,IZ*ONE,[],0,0,
cmgr8b8460011l404xjinzfcr,izna,[],0,0,
cmlo89ipn004bjm04cytrz3gt,Izykite,[],0,0,
cmmpcfj0200a9js04ce2kl4z3,J.Y.Park,"['JY Park', 'JYP']",0,0,
cmq54rq9s00oykz04cnkdo23r,Ja Mezz,[],0,0,
cmpvsg8dq00m7jr04s4gctyw3,JAMIE,[],0,0,
cmkzvldyo005fi604taa030sb,Jang Haneum,[],0,0,
cmo76gxdu009al604gj287pgq,Jannabi,[],0,0,
cmq027f0m00edla045j4zcy0x,Jay Park,[],0,0,
cmj6pxteh000tl2044m0b5dir,JBJ,['Just Be Joyful'],0,0,
cmowoel8g0002jo04b3veobmc,JD1,['Jeong Dong-Won'],0,0,
cmhkm9wt2000fkw04f5z8wf8x,Jeon Somi,[],0,0,
cmnq1ah0c000nkz04a91ab898,Jeon Youl,[],0,0,
cmpu9wy0t02q9l204q62uo8h8,Jeong Sewoon,[],0,0,
cmn0767fg0009l104w1evf54o,Jeong Yein,[],0,0,
cmqbnaw6o00l8kz04qtwk3rfk,Jessi,[],0,0,
cmqipqmyn01ull804qag042fw,Jewelry,[],0,0,
cmp1c81ln0039jp04mlor9ydu,JI BLUE,"['lapone boys', 'ji blue']",0,0,
cmpovrgnh00iyii04t3qqpu6a,Jiae,[],0,0,
cmqmglx9h00oqk6049t8hywww,Jin Longguo,[],0,0,
cmkw29xu60007jo04bre87xnv,Jini,[],0,0,
cmqvd2glh00cci30adob7zeyo,Jiyoon,"['Yoonie', 'Swan']",0,0,
cmptrt3be0119jp04v0w0x4yd,JJCC,[],0,0,
cmk1darfe0001js04qldbmpfl,Jo Yuri,"['Yuri', 'JOYURI']",0,0,
cmokdfyqk002sk004el7ruiyl,JO1,['jo1'],0,0,
cmr1dr36y0031la04qqvpm6ey,JQT,[],0,0,
cmopovndt000eks085k0aye3t,Jueun,[],0,0,
cmpz5wtgh00a7l204z4piw400,Jung Ilhoon,[],0,0,
cmqiravbe029ml404a33hi4w4,Jung Seunghwan,[],0,0,
cmqng5tsx00a0ho0bvpccbdom,Junggigo,[],0,0,
cmpqwhd7p00pdkv04bf78nagx,JUNGSOOMIN,[],0,0,
cmllrp0t8001zk004wuo5w3tq,JUNNY,[],0,0,
cmgp5cvtp000hjr04u2vbyghf,JustB,"['Fave Boys', 'Play M Boys', 'Bluedot Boys', 'JUST B']",0,0,
cmpzllool000rl504hl0scj5l,Jvde Milez,[],0,0,
cmli4x1z7002el704se7wvtrk,JWiiver,[],0,0,
cmpq6we8d00iojs04vv5ezbzt,JX,['JYJ'],0,0,
cmq54y8mc00i3l1047g7uzpcd,K Jun,[],0,0,
cmoromvi4009hie049ob38yw5,K.will,[],0,0,
cmr9mq10r012mk104h5oldho6,K’Pop,"['K-pop', ""K'population""]",0,0,
cmjufw2px000fkt040p87zd3x,Kandis,['Girls Like This'],0,0,
cmpzbdbtf00a6ky04yicq5q29,Kang Hyewon,[],0,0,
cmh83bsvx000ml204gd7avbgy,KANGDANIEL,[],0,0,
cmosbw5m6001njq04ucsqiy5n,KANGTA,[],0,0,
cmjidlcwd004mjo04wc0f8yqj,KARA,[],0,0,
cmh9deatg002qla048rsx6stt,KARD,[],0,0,
cmgp6ig0m0001ld04rae8rztl,KATSEYE,[],0,0,
cmppn37m30013jm0455g6k9w0,KAVE,[],0,0,
cmjjimc0x0049l404c6klqs01,KENTA・SANGGYUN,"['JBJ95', 'KENTA SANGGYUN']",0,0,
cmgpq1gsw0003jo046ovydabb,Kep1er,[],0,0,
cmgquot16000dju04513uoali,Key,[],0,0,
cmo61e1gt0036if04zszno7e6,Keyveatz,[],0,0,
cmnqh0gii003jlj0486nl0f6w,Keyvitup,[],0,0,
cmi259q7g003gjj044twf0dp9,KickFlip,[],0,0,
cmh6t6c730009jo04h1fana51,KiiiKiii,[],0,0,
cmgptqm2z0003k004thyv6yo0,Kiiras,[],0,0,
cmpuv8zk50047ja0bc1dqqudd,KIK,[],0,0,
cmnbgbf2s0040ld043ff99qti,Kik5o,[],0,0,
cmnc2ftx200hgl908m7ll1s8c,Kik5o x AleXa,[],0,0,
cmqx7364h00vil8042sawc6a8,Kim Feel,[],0,0,
cmqmxfzc800lrl404ayg7y6p2,Kim Hyerim,[],0,0,
cmqagncbm007yl5049sk5w6mo,Kim Hyojong,[],0,0,
cmshun3rq012gjv04com12lut,Kim Hyun Joong,[],0,0,
cmip4ys7o0001l704s0u14lfc,Kim Jae-joong,[],0,0,
cmn0ep86a000ajy0494m4baky,Kim Jaehwan,[],0,0,
cmmkmzoq10008jr04y0pizlul,Kim Ji-yeon,[],0,0,
cmqcmodxi00yil804qk8djrhj,Kim Minju,[],0,0,
cmkn7lbxf002fjp0480j4xcvy,Kim Se-jeong,[],0,0,
cmhi7wplj000vju04jxd4t2o7,Kim Seri,['AleXa'],0,0,
cmpvru7ta00gxjl04gf3qpdmf,Kim So Won,[],0,0,
cmqoevg6x00o7la04m1ufnet0,Kim Wan Sun,[],0,0,
cmljlfy510001l7042gzo9jbx,Kim Woojin,[],0,0,
cml2x9rr1009zk404uyqq2itm,Kim Wooseok,[],0,0,
cmqujyqc800goky048we4ya5i,KISEO,['IHOTEU'],0,0,
cmhaqwl1u000xjr049t6gv4bk,KISS OF LIFE,['Kiof'],0,0,
cmlhr4jay0005jp04bhjggab2,KNK,[],0,0,
cmf2n23wb002j5e2h2je3hqkc,KPop Demon Hunters,"['KPDH', 'KDH']",0,0,
cmgvl25t0002kl804gpekuogc,Kwon Eunbi,[],0,0,
cmrs1dmwv010rie04rdkba2bg,La Poem,[],0,0,
cmjuf405e004fjm04vbf6iewg,LABOUM,[],0,0,
cmqip12870062jx04v7nvfa19,Lacuna,[],0,0,
cmlms7zvb001bjs04gy4caykz,Ladies’ Code,[],0,0,
cmpxtqly6009ol704m0twqhxb,Lady,[],0,0,
cmjb3mut2000il504c4vmoxm8,LAPILLUS,[],0,0,
cmj92weks0001kv04j4tr92j1,Latency,[],0,0,
cmr9ghqb4007jle04kd7vv4s2,LC9,[],0,0,
cmeqz8pd4002e136wxlrxz44a,LE SSERAFIM,['LSFM'],0,0,
cmqfnfohi000fkz04w8lpsl3c,LE'V,[],0,0,
cmpv1ug8e00uokv04ifgj51i7,LED Apple,[],0,0,
cmk2yvqd9002bl804821nim3e,Lee Chaeyeon,[],0,0,
cmqngdx6b005rj60bsfkr2xil,Lee Dahye,[],0,0,
cmlo61b7b002hk4043khf5cte,Lee Hi,[],0,0,
cmrtgwq6700gyjl048u4ool0e,Lee Hyori,[],0,0,
cmquk9fyi004ll8049ia21q7m,Lee Jaye,[],0,0,
cmqyrd6mt0029jn0ajbibx1bs,Lee Jinhyuk,[],0,0,
cmrsbc6a1005fie04uo28fq36,Lee Jiyeon,[],0,0,
cmpn6i3bp001njm04vy2hi4l3,Lee Jun Young,[],0,0,
cmrrma6wj003xic045dvxut2s,Lee Junghyun,[],0,0,
cmn06yuw90019jm042se3oewc,Lee Sujeong,[],0,0,
cmle4ig7e0046l7043np7nxsx,Lee Youngji,[],0,0,
cmhdlob9q0001ib04kwh2t0jl,LIGHTSUM,[],0,0,
cmnikdjg1008cl104v2y3hwl6,Lim Kim,['Kim Ye-rim'],0,0,
cmjgtolsb000bk104wmb5rrkc,Lim Young Woong ,"['Mr. Trot', 'Lim Hero']",0,0,
cmputk3y400ffjg0bbj84rf12,Lim Youngmin,[],0,0,
cmq9rid12003ile04zfl24fnj,LIMITLESS,[],0,0,
cmsjjghnk00ipjd0ake6lxoim,Lip Service,[],0,0,
cmpvs1f5g001yjs04f6yjxbld,LIVE HIGH,[],0,0,
cmjp82vu1002fl804o4b1bhjo,LNGSHOT,[],0,0,
cmq02jwkk00s8jv0421wtuu4d,LOCO,[],0,0,
cmgpglpfu000yl204ykvbkxlb,LOONA,"['Girl of the Month', '今月の少女', '本月少女', 'LOONA 1/3', 'ODD EYE CIRCLE', 'yyxy']",0,0,
cmgqvu2ok0001js04vdojbfip,Loossemble,[],0,0,
cmgs47fsu0003l504bv8szsfj,Lovelyz,[],0,0,
cmh2hp7oh000bl504oobtqslp,LOVEONE,[],0,0,
cmn0nn295002wk104css0txe5,LU,[],0,0,
cmldcp6t5000ul204o05gv5aw,Lucas,[],0,0,
cmqnk549g00dzjz04vi1sro98,LUCENTE,[],0,0,
cmha5ssuo000klb0435andl3x,LUCY,[],0,0,
cmppljaas000tjl04i3k3s2js,Luminous,[],0,0,
cmlicmadr001ol504irhu8oxw,LUN8,[],0,0,
cmrauss09006mi00aoifhvabl,LUNAFLY,[],0,0,
cmkj0iwgq0015l804ppy6fc3z,LUNARSOLAR,[],0,0,
cmrqp1x7n00uul6049dfsajvt,LUV,[],0,0,
cmqh1i5rg003qi804ezhhpd3c,M.I.L.K,['Made In Lovely Kin'],0,0,
cmjukcmjx002mi904d1owxvd1,M.O.N.T,[],0,0,
cmpts10q600k4l104r8oq1x2g,M.Pire,[],0,0,
cmpslxinc0191jv04jdre17c0,M&D,[],0,0,
cmjzwqx7d000gi504f4ggavi8,MADEIN,"['MADEIN S', 'MΛDEIN', 'メイディン', 'LIMELIGHT', 'LΙΜΞLIGHT']",0,0,
cmq6vp5al009pi804xjsay4zn,Madtown,[],0,0,
cmnllsrx20004l204nmp8l3q2,MAJORS,[],0,0,
cmnqf9ida004ajv04hankjrgz,MAKAMAKA,[],0,0,
cmgq9cbpi000rjp04dhimuams,MAMAMOO,[],0,0,
cmptrxr1n01plk104kzza69y8,MAP6,[],0,0,
cmpvhinmf028vl204rrvoltev,MARMELLO,[],0,0,
cmqval5vj000oi20a3dc20q81,Mashiho,[],0,0,
cmp8ukmul004kjr0405v3c7oz,Matilda,[],0,0,
cmqeeljw700pvig04qiu72hus,MAVE:,[],0,0,
cmr8avygu0084l204ca9jgffx,Maywish,[],0,0,
cmoro63vz0012l504klvrqhzh,MBLAQ,[],0,0,
cmq552n3q00d0jx04bmonb22f,Mckdaddy,[],0,0,
cmhb169g8001cl504gc0px3yl,MCND,[],0,0,
cmjukqbta000fju04inbdeh6m,ME:I,[],0,0,
cmpqurlu0004oky04lp9ecxzo,Megamax,[],0,0,
cmpvish3z050qlc041qc3l5fo,MelodyDay,[],0,0,
cmrqq1m88009zky04qrvo6i4q,MeloMance,[],0,0,
cmquklcw400jhjl041nywjh4t,MELONii,[],0,0,
cms2hxl4600kil4049i8o6oxf,MEMI,[],0,0,
cmgp78fnf000qic044c2frfix,MEOVV,[],0,0,
cmps4amre02kul104v74hz38j,MiiWAN,[],0,0,
cmn01gwlj009ql804s9i34soq,Mijoo,[],0,0,
cmphbu0au0088l1048oy3tr3r,MILLENNIUM ,['Gongjuboi'],0,0,
cmq053fke006djr044azan0b2,MILLIC,[],0,0,
cmjgctazh002ll40483rn3vgq,MIMIIROSE,['mimiimiii'],0,0,
cmju2veg3001vl704ofbdnjjp,Min Jiwoon,['Min Ziwoon'],0,0,
cmrd5mfel00y9l604kk6p9kk7,MINIMANI,[],0,0,
cmlf90lsa002pl504iogsnn2a,MIRAE,[],0,0,
cmpzwhmo50060jy04wxmbh4cy,Mirani,[],0,0,
cmpzz95pb00d0l50446olq5zr,Miso,[],0,0,
cmjuj86po001yl8048b3yadv4,Miss A,[],0,0,
cmpvscklz00z2jh0bn5t6weup,MIXX,[],0,0,
cmksquz2t003wjj04lgj445c7,MOBB,[],0,0,
cmjum0bkn000ojv04ebszcsla,MODYSSEY,[],0,0,
cmgs8vrdz000lif04yccctp4y,MOMOLAND,[],0,0,
cmgvgqw63000vkv04jtdqfkz3,MONSTA X,[],0,0,
cmq1iwlxj00gdja0bh30mg5ik,Moon Hyuna,[],0,0,
cmpzw9c140004i804f1plhjzq,Moon Sujin,[],0,0,
cmps0v3dx02zvlb04375qc53a,MR.MR,[],0,0,
cml4by7hn000jgy04oz39qla8,MUU,[],0,0,
cmq388gmd00cdjv04n6eulvn1,MVP,[],0,0,
cmndcfzy2001yl804j9gznsxe,MW:MEU,[],0,0,
cmndw8ue9009uk1042h7ml6rx,MY.st,[],0,0,
cmqscehdr0152ht0a210xrvjy,MyB,[],0,0,
cmoror82s004ml804iq61ggbj,MYNAME,[],0,0,
cmprzko0500l6ky04jzi9x6u1,MYTEEN,[],0,0,
cmoroh4d9002tjx04ypqwv8w1,N-SONIC,[],0,0,
cmj8qo7p0000nla04usmvfvh2,N.Flying,[],0,0,
cmj4xfrai000bl4045or1ctde,n.SSign,['Nssign'],0,0,
cmp15sclz00i2jj04bcw68n0p,N.TOP,['NTOP'],0,0,
cmlo46wtn000wl8045otossz9,Nævis,[],0,0,
cmq31dvzi00aljm04p15atu94,Nano,[],0,0,
cmgs9u0fi000bl804ykdkpmr3,Nature,[],0,0,
cmptuk6yx005hie04z4amfhbm,Navillera,[],0,0,
cmo8xr6dc0017jn04lzb12kiy,NAZE,[],0,0,
cmjrxxvpd000bl204lu3vo4x4,Nchive,[],0,0,
cmeqz8rmv003x136wzz62kpat,NCT,[],0,0,
cmgqqjo100001jv04305dpicf,NCT 127,[],0,0,
cmgqx0ou60003l504ypxryur9,NCT DREAM,[],0,0,
cmgqtipye0001jl04qh6qr3x9,NCT WISH,['NCT NEW TEAM'],0,0,
cmp9hvbcr000fjr046ngvcnk2,NCUS ,['N.CUS'],0,0,
cmlhfek1n0007jp049ezqohfa,NeonPunch,[],0,0,
cmpwee7sv0096l504be4yymr5,New-L,[],0,0,
cmhk1uw970001ky04aje92zlb,NEWBEAT,['NBT'],0,0,
cmeqz8ofp001q136w0ja468ff,NewJeans,"['NJZ', 'New Jeans', 'NWJS']",0,0,
cmnkfn6qy004ljv04qjiocsgd,Newkidd,[],0,0,
cmjml5ltm000ijy04g73378oj,NEXZ,[],0,0,
cmquksakl00d7jv04f0ll7fub,NiA,[],0,0,
cmq16w7ed00z8j70avl3v0czh,NIKA,['MONIKA'],0,0,
cmjioodnm0003jz04gyf5rm1m,NINE.i,['ninei'],0,0,
cmiexi4dw000bl7049j2ka2nu,NiziU,[],0,0,
cmeqz912c00au136ws70z0rys,NMIXX,[],0,0,
cmp6g2sr1000bhu07ye04g370,NND,['Night N Day'],0,0,
cmr2ihrr1003rjj0428q08b2d,NO:EL,[],0,0,
cmq22iwlm002yjx04ytkqnqa4,NOIR,[],0,0,
cmlhim1n9000jl104utu5sbrc,NOMAD,[],0,0,
cmpt8kb340076kz04o2uxr2nu,NOTES,[],0,0,
cmka5j7dx0006lb046c5mha2s,NouerA,[],0,0,
cmh7s0xpp002ujp048nmdfk7y,NOWZ,['Nowadays'],0,0,
cmqptv7q2005sjd0bst0ja9th,NRG,[],0,0,
cmppkzd1200mfii04njgwlm4h,NTB,['NAUGHTY BOYS'],0,0,
cmmid3g30002bl604og2a292s,NTX,[],0,0,
cmiaa8xeu0002i904gv0che8w,NU'EST,"['NU EST', 'NUEST']",0,0,
cmnc22yvg00d2l9074ylq2cbm,NuNew,[],0,0,
cmq8rgnin004xhy0bawotopro,NWH:I,[],0,0,
cmqujigs20004l104pjyfcde0,NXMERCY,[],0,0,
cmq3y2lw800uel5049ygod2id,O.A.Be,[],0,0,
cmhso3adt0003l104p2d5cg6k,ODD YOUTH,[],0,0,
cmeqz95ly00e4136wg1o51mzg,OH MY GIRL,['omg'],0,0,
cmrvzztdw00ayjc0adt88y7rp,Oh Yoojin,[],0,0,
cmrqnrxaa009kl104t4ejasj2,OK PUNK!,[],0,0,
cmrx0bfy0008sih04qo3bt59f,Olivia Marsh,[],0,0,
cmia8aits0001k104cehuacgq,Omega X,[],0,0,
cmqhdttkg001nl704je158xtq,ONE,[],0,0,
cmpwwuem1006gk304e0mufmsq,One or Eight,[],0,0,
cmj6gxyu90007l104za63v9zz,ONE PACT,[],0,0,
cmgsrfimn0003jv042hqkmmf1,ONEUS,[],0,0,
cmh82dlpz000ll704zhivz4m4,ONEWE,"['MAS 0094', 'M.A.S 0094']",0,0,
cmgss047b0017l404hetwvrv0,ONF,[],0,0,
cmqfczf1c000zjr04hk9kevjg,Ong Seongwu,[],0,0,
cmpcry8df000kjg0bw9vkgh3y,ONLEE,[],0,0,
cmgsx7x5q000mjv04ph69fmr7,OnlyOneOf,['OOO'],0,0,
cmrw23dtl0034l204ef8auoxm,OURBIRTHDAY,[],0,0,
cms3fi90400f6j40a9dfa0dc9,Overclass,[],0,0,
cmmj5cpkl007cju04nli36hr2,OWIS,['Only When I Sleep'],0,0,
cmpwbyuqd004pjv047uqqjuw3,owoon,[],0,0,
cmpc932gu001ml7041hasph13,Oyster,[],0,0,
cmq0dl06o00odl204ru6k5hhl,P.O.P,[],0,0,
cmgp9o92y002kic0422yo1qhp,P1Harmony,[],0,0,
cmrci1z6j0030jj092wo3sj3k,Papaya,[],0,0,
cmm88phez000sjv04a2eot5wb,Park Eun-bin,[],0,0,
cmql5p3fv0052jv04selnhk6a,Park Hyoshin,[],0,0,
cmj69nbe9000zjr04ekdnbic7,Park Jihoon,[],0,0,
cmpr90mo902r8l704l1o9y6u6,Park Junil,[],0,0,
cmpt8z0lt00btjs0416ijkyn8,Park Min Jung,"['Lulu', 'Park Minjeong']",0,0,
cmia8gbhl0001jv044phn6ek1,PENTAGON,[],0,0,
cmqydt5c2007skl09udt1tym9,pH-1,[],0,0,
cmpmvqfck00hvjx04xde3hx7v,PICKUS,[],0,0,
cmjvqo2ug000fjo04xvjqoebc,PinkFantasy,"['PinkFantasy SHY', 'MDD', 'PinkFantasy Shadow']",0,0,
cmiezpkcx000jjx047v3wva69,PIXY,[],0,0,
cmqukwvbo00fajz041dk366nz,PJX,[],0,0,
cmgznf4xh0001l104qgt3w5g3,PLAVE,[],0,0,
cmqujk38h002ojr04ze8km5lx,Poison,[],0,0,
cmkn2omyy004dl404g1bexjnh,POLARIX,[],0,0,
cmkx0km1t001rjr047gpvd73s,POW,[],0,0,
cmq8busje007mhr0b6x1m62v5,PRIMARY,[],0,0,
cmjftqkfq000bkv04yngdwzrr,PRIMROSE,[],0,0,
cmio2s3fr000yl404babofvly,PRISTIN,[],0,0,
cmrum1sav0025l404bub0l54j,PRITTI-G,[],0,0,
cmqpjxr840005jm04bjkiiy4j,PRITZ,[],0,0,
cmq6yjxmc00snif04g776i42n,Psy,[],0,0,
cmp3f11dy0032jo04b8k2bjbo,Puretty,[],0,0,
cmgp7psmy0004l504x66sx1gw,PURPLE KISS,['PURPLE K!SS'],0,0,
cmlhf6a9w000vk3049f2yzj2e,Purplebeck,[],0,0,
cmj5n53e2000xld04bu51d81r,QI.X,[],0,0,
cmjuakj8u004ejy04u04idttf,Queenz Eye,[],0,0,
cmgpdsafd003wi604fkecvp2b,QWER,[],0,0,
cmpwcjwvm00gsl804a3eyl0gf,R.E.D,[],0,0,
cmskcbozb002zjq04gom4tl9g,Rain,[],0,0,
cmpspnd2y00t4jj0434d63wzt,Rainbow,"['Rainbow Pixie', 'Rainbow Blaxx', 'Rainbox18']",0,0,
cmm3xag9b004dl9049nspos4w,RAINZ,['RApturously INspiriting boyZ'],0,0,
cmosftvd60020l1044xv2kq87,RaNia,[],0,0,
cmrp99fyk00dol604mgn9ppx4,Rare Potato,[],0,0,
cmqufuj910076if04q12nfimm,RE:GUYS,[],0,0,
cmpqplkh901chjs045pbfsnl4,Re:Hearts,[],0,0,
cmia927qn000djs04hdf51ih3,RE:WIND,[],0,0,
cmeqz8o0a001f136wacczbsh5,Red Velvet,[],0,0,
cmlo9m55j003cky04jok6ho02,RedSquare,[],0,0,
cmr0z4qhh005zhv0anvt3std6,REN,[],0,0,
cmid6c1sv000bld0439hwfhbe,RESCENE,[],0,0,
cmgpz4yee000ric04x6qr5wi2,RIIZE ,[],0,0,
cmmccvv6e007cla04ojix3h90,RiRi,[],0,0,
cmpt92uby00hgl4041z6u6cqh,RoaD-B,[],0,0,
cmj07t03p0005js04zwc8hw07,Rocket Punch,['RCPC'],0,0,
cmqr9oe5w00fsl104y5hwj1tn,Rocking Doll,[],0,0,
cmmlwvdsh0003i3049udqzwgs,ROCKY,[],0,0,
cmrng4t8k000zje0aiel8hk8a,Roh Taehyun,[],0,0,
cmir2oqd9000rk104x2c1g804,Rolling Quartz,[],0,0,
cmpn6smao01pgl4042lva6did,ROMEO,[],0,0,
cmliupilx003ykz04qorb0mrh,Rothy,[],0,0,
cmr1kynwu00ewj7093l31vqze,Roy Kim,[],0,0,
cmpys5izo001ol404dj0hhevf,Royal 44,[],0,0,
cmpyphbk400q7jm04qsojo2zy,Royal Pirates,[],0,0,
cmqy1hsaq00pqi9099a2f5lzn,Runy,[],0,0,
cmr1l0mhu008kkx0b5hb3kgya,Ryu Sera,[],0,0,
cml296eha000qib047bj7d84v,Ryu Sujeong,[],0,0,
cmrrwvbhs00oxl804ljzgvwxv,S,[],0,0,
cmposis1f04j7ld04y7a1p2nv,S.E.S,[],0,0,
cmpifdo0s00apjp04zn3jt0ng,S.I.S,[],0,0,
cmq8jy40800osjk0bpuenk0ek,S.M The Ballad,['SM the Ballad'],0,0,
cmpewjfgt000wkt0b3pab6js3,S2iT,[],0,0,
cmhpsf8580001jv04nvtorxtb,Samuel,[],0,0,
cmnpdsi14000mju04e00694or,Santos Bravos,[],0,0,
cmjvfsp690041l50472qdsh24,SATURDAY,[],0,0,
cmqogougg00b5lb042hamnkzc,SAVVVY,[],0,0,
cmh892436000ji504ub91hchf,SAY MY NAME,"['SMN', 'SAYMYNAME']",0,0,
cmpyonpui00hgl504v35m51jo,Scarlet (2014),[],0,0,
cmjr8enpz001njj042p9wln3p,SE SO NEON,[],0,0,
cmpqpqsvo014pla046s4wtptl,SECHSKIES,[],0,0,
cml7l9jmv000pl404yzuxv57k,Secret,[],0,0,
cmhpiu4ae0007jo04h7bli52a,Secret Number,[],0,0,
cmqh30ky201ykkz04g3gzb7ew,SeeYa,[],0,0,
cms2bfuow00lrjm04acctqof6,Seo Jiwon,[],0,0,
cmrrwdx0b002pks04oku67i06,Seo Taiji,[],0,0,
cmrr0dekw013ela047hj0cwgm,Seo Taiji and Boys,[],0,0,
cmrv08stf00dijr0436esc5jb,Seori,[],0,0,
cmrgj6dxj00lyjr04t1b4dgej,Seven O'Clock,[],0,0,
cmelog27k0006fjcyhohmw6ut,SEVENTEEN,"['SVT', 'Sebong', 'Sebuchi']",0,0,
cmjc1mp430077jo049j6qfn68,SEVENUS,['MASC'],0,0,
cmiv3v3u40005le04h76x23a2,SF9,[],0,0,
cmqd186dw006xl204ufqhn7rk,SG Wannabe,[],0,0,
cmpun0p6y04txl404azhligtd,SHA SHA,[],0,0,
cmsan1kzq005vji0bb32m2iq3,Shannon,[],0,0,
cmr9nprce007uie043unsnz1b,She'z,[],0,0,
cmshsunqo008zjv048h3fu7ux,Shin Jimin,[],0,0,
cmgpatm7c001qla041qkydvkm,SHINee,[],0,0,
cmnhutfkb000nl704a6qp1a67,Shinhwa,['神話'],0,0,
cmqnposjy013nkz040o938hex,SHINVI,[],0,0,
cmrqou6j4007ol404pqqmgb21,SIKKOO,[],0,0,
cmmc1oyj10029lh04yvb5sx5f,siso,[],0,0,
cmj8w6tdu0047l4049jbfr0e8,SISTAR,[],0,0,
cmpu1sn6s033gl404icr6vbu8,SKarf,[],0,0,
cmprj97se05nxjr04t8mwk61q,SKINZ,[],0,0,
cmpor97yb0029l704oifs5mf6,SKYE,['IN2IT'],0,0,
cms999ev900kwgg0ah849zvmi,Smile.G,[],0,0,
cmj1k5srv001xjs04i86d2804,SMORZ,[],0,0,
cmocjl7oy000ijo04pijsi05v,Snuper,[],0,0,
cmr9oj7qd00n0l104wpflwlfm,Son Dam Bi,[],0,0,
cmjufmv3v006bl7049gv2xi02,SONAMOO,[],0,0,
cmr7tiabc000hjc0ac73kilzv,Song Ji Eun,[],0,0,
cmh8stc3000epju0402hqi1s5,Soojin,[],0,0,
cmks7neci002li904r3rwfwoz,Soorin,[],0,0,
cmp1ssdsv0010jr042fhgglpu,SoRi,[],0,0,
cmlcig9dt0019lb04gupyjufc,Soya,[],0,0,
cmq1k72zk00cmhy0b5s4coczr,Soyoung,[],0,0,
cmpseyhpj0058l204x7e1dzqv,SPECTRUM,[],0,0,
cmll3exyg004ujo04ma0eoukj,Speed,[],0,0,
cmsf2coi100tmla042jttll8q,Spia,[],0,0,
cmjue22zq000kjv0478npp2yq,SPICA,[],0,0,
cmrwvnkei001kl704hm4oiubf,SPLAYIT,[],0,0,
cmjmdp64t001tla04cjywpi4d,SS501,['Double-S 501'],0,0,
cmeqz90kt00ah136wlppgnong,STAYC,[],0,0,
cmog97030009cl204kwnss3gq,Stella Jang,[],0,0,
cmmy21yku005pjp04gx3ifxg8,Stellar,[],0,0,
cmnsxih3k001blc04x2fhoq8f,StelLive,[],0,0,
cmeqz8psl002p136w6g8us9kk,Stray Kids,"['SKZ', '스키즈']",0,0,
cmquk0wos007zl104vguit5ai,STRITZ,[],0,0,
cmqujxiqx0024l804mccnd11t,SUCTION,[],0,0,
cmpzxuw6t01kflb04bdq6timd,Summer Cake,[],0,0,
cmpr86j2l027djy04zagacamk,Summer Soul,[],0,0,
cmh3ipm4z0019jo04nni58gez,Sunmi,[],0,0,
cmoro9la9008gjv04c8t1u631,Sunny Days,[],0,0,
cmqtt9ph5002phx090wcglees,Sunny Hill,[],0,0,
cmq5324yo001gjv04ok8fqw02,Sunwoo JungA,['SWJA'],0,0,
cmeqz8vz70074136we137g8j9,SUPER JUNIOR,[],0,0,
cmojtwqrp004zlh04z905ioth,Superkind,[],0,0,
cmgqx3o5u0004l7046uk6ryn9,SuperM,[],0,0,
cmq1i0cyn006qhx0byavs7ldo,SUPERNOVA,"['Choshinsung', 'Choshinsei']",0,0,
cmqn7f6ht00pzl104dwhjz5l2,SURAN,[],0,0,
cmm52n0nf005nju048tr66r0t,Suzy,[],0,0,
cmqc69q3c002xkv04pqf8c2so,Sweet Sorrow,[],0,0,
cmjiop70a002vju043wbdnrr5,T-ARA,[],0,0,
cmgqfgy870004l504b9iy55wq,Taemin,[],0,0,
cmhh9g6aj002gl804f4xt9d6h,Taeyeon,[],0,0,
cmr9oz3tc00ttjo04zrm5s1fm,Tahiti,[],0,0,
cml0zefxa002fl404v68sun7t,TAN,['To All Nations'],0,0,
cmr4gqpln006djo04xory1cic,TASTY,[],0,0,
cmqn4763702bzk0040ngfhr7c,TEEN TEEN,[],0,0,
cmlnufb9s0005l8040sft1eik,Teen Top,[],0,0,
cmhmel3sg0003lb04b6ltucf2,Tempest,[],0,0,
cmkx58tt100efik04q9ice5ss,TFN,['T1419'],0,0,
cmpuagorc0032ju04x9njdv1y,The Boss,['DGNA'],0,0,
cmeqz8zq7009u136w96q6s6t2,THE BOYZ,['TBZ'],0,0,
cmjuiuew3006mjy046z9ywffs,The Deep,[],0,0,
cmqfqb6mo002zjs04pgkp9qh6,THE FIX,[],0,0,
cmr9g9xn90025ik04h3p0d0zw,The Grace,[],0,0,
cmhphp78f0011jo04hayc5xt9,The KingDom,"['Kingdom', 'TKD']",0,0,
cmpot8c500240l5047dza5trg,The Legend ,[],0,0,
cmps3twli0330jl04x41ecmt1,THE MAN BLK,[],0,0,
cmrqmynjf00s6l804oghd8pqs,The Midnight Romance,[],0,0,
cmqn7c2ju00cbl804w5tl1w62,The Poles,[],0,0,
cmgvx2waj0001jo04jfu1cok3,The Rose,[],0,0,
cmprdvgbq026cl904jouyzfs8,The Wind,[],0,0,
cmnllecid000nl204towa4azq,TILDE,[],0,0,
cmpp59ww80067la04u7ckobz8,Tiny-G,[],0,0,
cmjx0zbfh0002l104wu2iomo1,TIOT,[],0,0,
cmia8jed7000bjw04s0yy14lx,TNX,['THE NEW SIX'],0,0,
cmlh7innk001qjs04ljbz0rau,TO1,['TOO'],0,0,
cmoiy1zih0040jj04aa6x1wte,Toheart,[],0,0,
cms2h9dra009iky04bmrmuzou,TOMATOMAT,[],0,0,
cmeqz8xvh008h136wc3r3bpa9,TOMORROW X TOGETHER,"['TXT', 'tubatu']",0,0,
cmq1e46q1004ikv0bns2tnomw,Too Many Color,[],0,0,
cmpwc8omc00hljr04fdxxirbd,ToTh6y,[],0,0,
cmrqoaejo00c9l104o0xuvnga,TOUCHED,[],0,0,
cmjm10c860005k104lgck40b1,TOZ,[],0,0,
cmrtoolo2011bjv043sxsomxa,Trade L,[],0,0,
cmrp8fmo100lbl804kcyldyg3,TRAX,"['The TRAX', 'TraxX']",0,0,
cmhazo9rk003bl804bosmgcba,TRCNG,[],0,0,
cmeqz8yb0008s136wmndc3bd9,TREASURE,[],0,0,
cmp6a0iud0028jl04q3hmauyj,TREI,['TRiNiTiOPUS'],0,0,
cmh83j3l3000xl10484nl2i2u,TRENDZ,[],0,0,
cmjb0qbim0009kz044dg3oepb,TRI.BE,"['LIONGIRLS', 'TRI.ANGLE']",0,0,
cmlesgqfq001nk104zo7tx8ct,Triple H,[],0,0,
cmppmflk300gqlb04j4oxuepy,Triple7,"['777', 'TRIPLE SEVEN']",0,0,
cmgq4n3z3000hk104z94h5x1p,tripleS,[],0,0,
cmn82st5x0049k104a2wtxdzy,Trouble Maker,[],0,0,
cmrmjs3xq00h9jl04ybr4l6aj,TROY,[],0,0,
cmptd29k1002nkw049oqly69d,TST,[],0,0,
cmpslsx0h01skkv04e2wti0y6,Ttutti,[],0,0,
cmsbxtqft0099la04g63tyuh7,TUIDE,[],0,0,
cmko9s811000ol104jpi5iwnl,TUNEXX,[],0,0,
cmh3jyelc002jjo04qvzlyoqn,TVXQ,[],0,0,
cmeqz8mjp000d136wrytytuwp,TWICE,['Teudoongies'],0,0,
cmgpquyzh000ql204rh4xb7v9,TWS,[],0,0,
cmkp472uc0005i604smbh0bn6,U_Chae,[],0,0,
cmo1tnq1c000jjl04uaza19x4,U-KISS,[],0,0,
cmpump6up03dpl804d6cg2a0m,U.ing,[],0,0,
cmjtxtmg60014ky04185nlot1,UDTT,[],0,0,
cmsdsu9a90041ky0434ulcdpv,Uhm Jung Hwa,[],0,0,
cmrry8gu80030jq04m13ef9sf,UN,[],0,0,
cmnzmrx7s007vl704pcfwlfl3,UNB,[],0,0,
cmnp61e2k001al10477nwiqfw,UNCHILD,[],0,0,
cmjuap1qb0001l4044oyx9csj,UNI.T,[],0,0,
cmjn9itna0012jp04cqwowizw,UNICODE,[],0,0,
cmhah6s2l0001la043a0a77l7,UNIQ,[],0,0,
cmhadoipp0003jo04bnu18e3m,UNIS,"['U&iS', 'U & I Story']",0,0,
cmqapewsn003pl804tbd56q5z,UNVS,[],0,0,
cmkp9wjq9000zkw04wr6s7phi,UP10TION,[],0,0,
cmshlf1of006sl504zd4tm1hw,Urban Zakapa,[],0,0,
cmj0xm7vo0031il04l2lw3e2l,USPEER,[],0,0,
cmnjirtzo002cld04sop74i7i,V01D,[],0,0,
cmjb17qt3002ll7043788uzau,VANNER,['Team 11:00'],0,0,
cmkgh3wkj0007jx04qdnoaqgy,Varsity,[],0,0,
cmj5d14ps000hky04pl885290,VAV,['Very Awesome Voice'],0,0,
cmjuhn5jl0014l404khb0bemt,VAYONN,[],0,0,
cmhsjen0p000oju043ls111el,VERIVERY,[],0,0,
cmgpg4063000ald04w4etaxru,VICTON,[],0,0,
cmoroxcsx00b1ld0473nl8yn4,Villain ,[],0,0,
cmjn4jy1y00axjo04vd9ehspc,ViV,[],0,0,
cmgq6tkw9000rld049ams0wdr,VIVIZ,[],0,0,
cmjkhcxdz0006la04cfr58t9y,VIXX,[],0,0,
cmprzkpth016tky046zgqlf5i,Voisper,[],0,0,
cmlcqu6zx004al8042a7gofbn,VVS,[],0,0,
cmj1t31fe0011l504sqgrdjao,VVUP,[],0,0,
cmjuggomu007slb04hygo52h4,W!TCHX,['WiTCHX'],0,0,
cmpojenvr0086id0498przj7m,W24,[],0,0,
cmps84eyr01mgl404dtpyfmn4,W3WAY,['3WAY'],0,0,
cmqm2k1gb00hyl804dk02lnbz,WA$$UP,[],0,0,
cmkl14pcq001vl204xtazgaf4,WAKER,[],0,0,
cmrwbz86800hzkw049lwkt15v,Walking After U,[],0,0,
cmqr8u4ji006fkt04pkd9mhdh,Walwari,[],0,0,
cmh836cft002bl604kb7bjlan,Wanna One,[],0,0,
cmnj3dte9004nl104pit7c6rt,WATERFIRE,[],0,0,
cmprso87s00q9jm04fb85x24n,wave to earth,[],0,0,
cms94wgat00dhkg09rusxa4s5,WAYF BOYS,[],0,0,
cmgqx2dlf000gl204zk7oo4ro,WayV,['NCT Vision'],0,0,
cmqh2it2u003lkz04sh2lvhod,We Girls,[],0,0,
cmpqwc1z402fejx04usey65tr,WE IN THE ZONE,[],0,0,
cmm3u75tn000ol704688214yh,We;Na,['CLIP'],0,0,
cmr83ff51000ii904yiv83hc8,We1ne,[],0,0,
cmh886lv5004hjr04styvvkld,Weeekly,[],0,0,
cmjd4dipl001ejs04evl6joyg,WEi,[],0,0,
cmic4epqf003ngv040vm1uxhv,Weki Meki,"['WEME', 'i-Teen Girls']",0,0,
cmrp90fm7006zjr0483cabk0f,Welldone Potato,[],0,0,
cmq1eh2i600nvku0b8cqkhdlm,WeNU,[],0,0,
cmpufig8w01o2l704cjnpo2a8,Wezag,[],0,0,
cmlg1kki70054lb04jzib8weq,WHIB,[],0,0,
cmk2f6d9e0021ju04gnk2hlzq,WILD WILD,[],0,0,
cmeqz9a5u00hd136wkoac8uwv,WINNER,[],0,0,
cmltjc7bk0014jr042s37iupm,Wish,[],0,0,
cmpor7jd100cpl704z7lgtd4s,withus,[],0,0,
cmic5afuo0025kw04at1jzbzy,WJSN,"['Cosmic Girls', 'WJSN CHOCOME', 'WJSN THE BLACK']",0,0,
cmpyozljk00aejy045es9m0os,Wonder Boyz,[],0,0,
cmeqz9b9000i4136wnpaaa1xr,Wonder Girls,[],0,0,
cmiotsszy0003lb04xqzjc0y9,Wonho,[],0,0,
cmpmj6za000rvl504vflbmhhk,WOO,"['Chuurry', 'Jiwoo']",0,0,
cmgq6ya3z001fl20448ksk5yd,WOOAH,['woo!ah!'],0,0,
cmhafwf8y0007jy04kf2imri3,WOODZ,"['Cho Seung-youn', 'Luizy']",0,0,
cmorfw3f5004mjm046kr55nwt,Wooseok x Kuanlin,[],0,0,
cmpl12a7p007ajp04bbmf847y,X-5,[],0,0,
cmgz6nwc3000bl504hhoe0knp,X:IN,[],0,0,
cmhags3t00003ld04i9qisja8,X1,[],0,0,
cmiaa297t000zjv04mcpilvc3,XD ,['XEED'],0,0,
cmgpfjwo00008jy04kkxcdf84,Xdinary Heroes,['XDH'],0,0,
cmok8tmsp000tjj04yamq6jpi,XENO-T,['Topp Dogg'],0,0,
cmgsk9kfg0004jn04qibd2dv7,XG,"['Xtraordinary Genes', 'Xtraordinary Girls (formerly)']",0,0,
cmkq9xz780001ky04cyyz3boq,XIA,[],0,0,
cmgquqfl40005l5049brg7t5e,xikers,[],0,0,
cmgqyol400009kv04ltkbtbol,XLOV,[],0,0,
cmh840rgl0009l804nczedta4,XngHan&Xoul,[],0,0,
cmp6g7ehr000ijk07ww6e9oq4,XODIAC,"['ソディアック', 'XDC']",0,0,
cmqr4jfgo00etl104tyycual1,xooos,[],0,0,
cmlvpo70g0013l804h5qfvvvb,XUM,[],0,0,
cmpumrln002wql404mfi83moy,Year 7 Class 1,[],0,0,
cmr2orfd400ual204flxhtpum,Yeeun,[],0,0,
cmgvk3yrg0007l104d05vc01v,Yena,[],0,0,
cmma4ndpo002ijj04vi1zlsqx,Yeojin,[],0,0,
cmklcsk57000fl204gv9zao9w,Yerin,[],0,0,
cmoa01pqn0032jr04r8e1tpuv,Yerin Baek,[],0,0,
cmpx7gher01r9l504iaj3ouio,Yim Siwan,[],0,0,
cmqu0efpb005tki0a8446b6v8,YongYong,[],0,0,
cmnbkbdj50036gw0463is5hsk,Yoo Jiae,[],0,0,
cmohboig6005rl8040q04hzsp,Yoon Jisung,[],0,0,
cmpnbe82r0030l5047j5h1del,Yoon Min,['M!N'],0,0,
cmpuc6k1s0093kz04dftl2eqm,Yoon Seobin,[],0,0,
cmldctqz1000mih04r38o4hut,You Dayeon,"['Seoryn', 'Liu Duolian']",0,0,
cmpwd4efy00abjj049h9y7atz,Youha,[],0,0,
cmshs8vuw00hukz04ea2pglbx,Youkyung,[],0,0,
cmi6dmqfk0005la04o4ppsw7t,Young Posse,[],0,0,
cmq17bono006wji0afixyynr8,YOUNGBIN,[],0,0,
cmp9l8rr8001sl30449mhjxee,Younha,[],0,0,
cml5wr35q003rl2045olru3k7,Younite,[],0,0,
cmp3c64qv0029l204cxicxzgy,Yubin,[],0,0,
cmo772zhw006ml80403r5ow5m,YUHZ,[],0,0,
cmi2jtw6e0011l704lafy3rxh,Yuju,[],0,0,
cmju4joys001xii04jnp6o14b,Yukika,[],0,0,
cmh2z89aw0001ju047hgifc1o,Yves ,[],0,0,
cmqnrlklh001fju04vg1bst2t,Z-Girls,[],0,0,
cmjsqzzfa000dla04pnano2vh,ZE:A,['Children of Empire'],0,0,
cmsa44ts600gnju04okhzujyk,ZENITH,[],0,0,
cmgpf3e25005rjm042iiq75qa,ZEROBASEONE,['ZB1'],0,0,
cmpv9yoax0110ih04x1pye6jz,ZION.T,[],0,0,
