Card_ID,Group_Name,Member_Name,Album_Title,Card_Name,Original_Image_URL,Local_Thumb_Path
cmqkhqu57007zj50c9z5lctrv,,,,,,
cmrbgbrop007vl7045dkeflqc,,,,,,
cmr9jbfab00xvi604sy1weh3v,,,,,,
cmrp4x7us00bajr04hjmon14a,,,,,,
cmq80eshc00aale044vfajdcn,,,,,,
cmqfyq8li003ql504yk89juxe,,,,,,
cmq3z0buj005ijz0499w58emk,,,,,,
cmqqm4civ00bsjl04d7cqpjbo,,,,,,
cmq6fs61i009tle04s2ofmp2w,,,,,,
cmpgegp2d006pi804xi1unkx7,,,,,,
cmqgr6hxr006ykz04dw37p2fp,,,,,,
cmpuus6410012j70b0xj4dcs1,,,,,,
cmpwidkb2000oju04qltkjuti,,,,,,
cmpvkhvr10133jr04ig5ahsgg,,,,,,
cmqejm9ld01ssjy04c3r82l4p,,,,,,
cmqejkwvy008cl504qll15fzk,,,,,,
cmqejlnf900m9jx0434of35ey,,,,,,
cmozwya8t004tlb04n53nv7cr,,,,,,
cmpau6ivm0084l404derv1t5t,,,,,,
cmq1bewia00aikv0baxcbwvuq,,,,,,
cmp6r2225000ji007rtsbrefs,,,,,,
cmp89xsfi000njf0bytzr23k1,,,,,,
cmoyj4g0x000ukv08w0unfpmh,,,,,,
cmpcmc89q000sjd0a981hhaei,,,,,,
cmo6lx7gh004zju04ojfub2qh,,,,,,
cmoqz65wl004ujk042jvpw630,,,,,,
cmnmqla8i004fjm04opkv4opz,,,,,,
cmp9l5kpq002dld04aknwb7im,,,,,,
cmp9gw5vv006il504k4grqr8r,,,,,,
cmnx4c717001kl704v58wb95g,,,,,,
cmogrdskc0050kz04fnpxqary,,,,,,
cmoy70rhq0001ge07jxukfsa0,,,,,,
cmpckzg0d000bkn0bonfe0aeu,,,,,,
cmoh2r5gg001rl204s40inrz5,,,,,,
cmo9imnrl000dl604oods5gfn,,,,,,
cmov4rxft000ijx04lm5f9wca,,,,,,
cmohm2pyj003tl404yxa0zq2y,,,,,,
cmp7cq5so001fld04sd92en78,,,,,,
cmny1guys00aal504itd9wbbo,,,,,,
cmougr6730004jh08lk1f2is5,,,,,,
cmnkoc3p1001tjr04si9cbkvh,,,,,,
cmmj9p1pd001cju048pf91yws,,,,,,
cmnegrns50014jt04qvbhjex2,,,,,,
cmnpestak003sjx04nrb3awrm,,,,,,
cmnsc1a3q005cla045k0bj41t,,,,,,
cmoh9ld4s0014l4048x7adjck,,,,,,
cmo5zcuja005dju04o026unyt,,,,,,
cmnopvszd0018l504ey5nj4n9,,,,,,
cmnc4mti3000amb078giwb1h3,,,,,,
cmoa4bnx1005yl504olzqky5k,,,,,,
cmlihxgrl0014ky04ilk4489l,,,,,,
cmnkncwjf0060jy04bte6twoc,,,,,,
cmn1yevvc013bju044xwyde6n,,,,,,
cmn6cqp3n004bl504hcg302hh,,,,,,
cmn7j2ep8002dl704yyyj21xv,,,,,,
cmnbly7k0000ml804iviowaa8,,,,,,
cmn38pi3c003xjj0447065iv3,,,,,,
cmm7w2773000wjs04g2etzdxe,,,,,,
cmn3917cn0073jy04xd9qkjie,,,,,,
cmpmyt6qk01vijs042xjx4kxz,,,,,,
cmnjteeu0000pl704ap5f3ms2,,,,,,
cmn685y6j0075ju043cx06vve,,,,,,
cmmuz65s00001ju04v1p0ix6c,,,,,,
cmmuy6r6n006zjo045zh901if,,,,,,
cmmeo42qr002ml104f2rjm9et,,,,,,
cmn4oow9f0001ju04zpxbs7kp,,,,,,
cmnroc70800cijo046c650e67,,,,,,
cmmih0doa002kie04shne79xe,,,,,,
cmmj1azl0006ile04ds870169,,,,,,
cmn5wirb0001vlb04xc5zkosx,,,,,,
cmnaw19fr0098lb04e5vkkww2,,,,,,
cmmd4cgnj004qk304wbnz9wd3,,,,,,
cmm8liwlc0065jo045w0m1h0d,,,,,,
cmn2slzmj001hju04q0q01dt0,,,,,,
cmkfp05vi001ol404j24hn7ry,,,,,,
cmmant4sz00aeld0489fjcf5l,,,,,,
cmn3s80rk000yih04a6sbq0bd,,,,,,
cmmnqt5e3000fl8044juvtzy2,,,,,,
cmm3yqsi0002ll404qo1ulycc,,,,,,
cmnm303vu000ql40462pu1j4g,,,,,,
cmm2xfn86005wjj04qj0b0eh2,,,,,,
cmmp6omg4005pl704k7rzu5w1,,,,,,
cmmkp9w4n00n8l204eiar5tq8,,,,,,
cmm7wga8v002uky04zai3nmy6,,,,,,
cml59oiyz0035l404b1jo2qiv,,,,,,
cmmarkvl3002gla04rtuvdw61,,,,,,
cmmi2lhgg0023jp040kp3yq2h,,,,,,
cmkgkapaj002zl904mkjrwh4o,,,,,,
cmmqg5ugx00b4jl0441d64n95,,,,,,
cmkumzs1v001rla04zic6pel0,,,,,,
cmkukbqzq0002js0439dpypfd,,,,,,
cmpn9zdr0023tl2049mravjtn,,,,,,
cmlupqb8m002llb046tz5dkj3,,,,,,
cmkuh43cp000wic04sirayzd5,,,,,,
cmn3rg0hu01lhjy0401mzbcrl,,,,,,
cmk9vfajl0007ks0452aa4xiq,,,,,,
cmi9neyr00003jw04cv4eb58p,,,,,,
cmka7hrc70005l104jp8818ec,,,,,,
cmmnfdher001rjr04kg9hspgp,,,,,,
cmlki3ubz001cjr04wyoj8rod,,,,,,
cmk2fz079000li2046uhg4ucr,,,,,,
cmkpzb5p9000ljr046uqa7q9z,,,,,,
cmkrek9d80001la040hv4u3b3,,,,,,
cmkldhhjx000rjp04hsiwvi5a,,,,,,
cmj7faync0001jr04vk86c4o8,,,,,,
cmkm57qnt000uju04dug93ox8,,,,,,
cmixxq9060001l504txgx0ah0,,,,,,
cmkh82gau000kjr04vn2g6zgb,,,,,,
cmjx5qdfv003akz048er9hs1g,,,,,,
cmjczsz1n0001l8041dbg0d7i,,,,,,
cmk51pj45002vju044ex1gxif,,,,,,
cmk1104qv0030jy04wemc4jql,,,,,,
cmixpk776001ll50478sq0ovn,,,,,,
cmjgdtjp7001xld04o7tcwe8s,,,,,,
cmj097c38001bif04wi0mokyr,,,,,,
cml9q9z2d0014jl04kbr9erbb,,,,,,
cmppeuqqh00d9k004ovo15i1z,,,,,,
cmjncc3s20028jr04grmquwlc,,,,,,
cmid7937i000bjx04ku6fb5aw,,,,,,
cmie549hr000bjs044c92pbiu,,,,,,
cmiid1tu00001l104q1pkq1mv,,,,,,
cmieibkno000nlg04j8yc4xm2,,,,,,
cmhcmpsg2001ile04mm0judq2,,,,,,
cmh7x6w33000ljl04x3vgzu8n,,,,,,
cmiddxykw000wl5042j2ec96r,,,,,,
cmii24rsc000mjo04480e940p,,,,,,
cmicxv20r000hld04jfv4pab6,,,,,,
cmijii81l0001l804ul4vcv6a,,,,,,
cmi7dp6wl001mjo04kz9u0vgl,,,,,,
cmhoui4gw000njr04kfib61pe,,,,,,
cmlk4l7y9004ol6044fvy7asu,,,,,,
cmju2nbei0037js04yyqotxjm,,,,,,
cmhyki5h30001jy04pl3nie0l,,,,,,
cmgvenlks0009l404bif9h8kv,,,,,,
cmicj75ji0003l504wmhopfsx,,,,,,
cmh4iwif60001jv04zza9k0a3,,,,,,
cmi7hmnku0001la04wri6cf25,,,,,,
cmhdkqi580001l704nxz2yo1l,,,,,,
cmh7gzran0017jm04d1xwsgyk,,,,,,
cmk2rcp9h0041l4041fcd1k93,,,,,,
cmgphif5z000njs04jhn5xtev,,,,,,
cmhmjcbaq0007l704qkgem6d3,,,,,,
cmjmmsl4v001elb04xjdv6wp8,,,,,,
cmhpfxkh20009l804dcerzl1t,,,,,,
cmgv6c7o1000fl1048k16w5su,,,,,,
cmguta24h000kjs04crecwiym,,,,,,
cmn8fvpm20029l404scewibzm,,,,,,
cmh8ctm8f002tjp04wghq0m78,,,,,,
cmgq6dve6000dl404urrh1m3v,,,,,,
cmh3wbpq30009jl043pcii435,,,,,,
cmgtsyqam0002ie04ux4ihyw9,,,,,,
cmgqm0xuh000qjp04wmjtpdk2,,,,,,
cmjwjr2t0002wl504dkntyfh7,,,,,,
cmgvdbe3r0010l704x1v1f4t0,,,,,,
cmgqaiplv000jjx04lmi778wt,,,,,,
cmhck2nqc0007l40492t90pij,,,,,,
cmh8qza6n002zl504itljheuy,,,,,,
cmgqqy54o0001l60486s3ltxu,,,,,,
cmg3w45s400037fmhcv4ke2qy,,,,,,
cmh84va7w0079ik04a4y2oyio,,,,,,
cmg294vr00009qycdma5jt9ya,,,,,,
cmnc5mtnm003hmg07lmejw9qn,,,,,,
cmgv8llog000dju04joj2p37a,,,,,,
cmgwi7zfg000jkz049rkbc9i9,,,,,,
cmgr034620008l10425i4ec2f,,,,,,
cmjuc9h660023l8047awdd4q9,,,,,,
cmhzxe1lb0003k104iawrc8ft,,,,,,
cmi27jpfk0017lg04g0uh1943,,,,,,
cmgqqgioz0001ib04ns7azpkx,,,,,,
cmg29b1y00005sqp5tqfsoeo7,,,,,,
cmj8zs6jt0001l1041is2qe34,,,,,,
cmnco80nh000fl907c4sgjfmp,,,,,,
cmgrv80e20005js04wf5j7utl,,,,,,
cmgvm1bwe002el1048sitrs64,,,,,,
cmhn2oxkl004glb04lohehtl8,,,,,,
cmgqu4oce0003l20403gn5vsq,,,,,,
cmh92y667003bjs04etcjk9mk,,,,,,
cmgv6fyfq000xky04cu2a814p,,,,,,
cmh9gcjvn0003la049kg1idut,,,,,,
cmh6ikd3h002ql8045i9oqkd9,,,,,,
cmh25m011000nib04ybe0a4yv,,,,,,
cmgr21ddf0001l804prvm9yay,,,,,,
cmiv3m6i90007ky04lgbsiyra,,,,,,
cmgpg8to9000tl6046n581orf,,,,,,
cmh0ewnvw0003lc04ddskuogd,,,,,,
cmgr0dt36000ojx04yppdaih3,,,,,,
cmgr7iaxd0005ju043s7yln8g,,,,,,
cmhdem8wg0019l104bi1wur80,,,,,,
cmkoncmmf000yjv04k266rvqo,,,,,,
cmi55onvs0015jo04yoozmc0s,,,,,,
cmgsxdcn7000ajs047pyopm38,,,,,,
cmjouxfsf001zk004gsdjrhpr,,,,,,
cmgpaysxu000qif04xino3c6o,,,,,,
cmjsnncuh0001jp04uhuyzdcl,,,,,,
cmgucikoa0003jp04pzxm3wvh,,,,,,
cmhfsrrt20001jl04fx9ltz22,,,,,,
cmgu3d321001ji904ghuik0sj,,,,,,
cmgvm2gdp0013jp04kd7apn1h,,,,,,
cmh3ow28y0003l704x2zc6zsy,,,,,,
cmi7kyjwa000jla04efl269nw,,,,,,
cmj0cyirc000vl8041qmkswf5,,,,,,
cmgqxkbmz000al704krez2wha,,,,,,
cmhkmnv50000bld04s7rrans1,,,,,,
cmgr8rnxf0001l7040w1iskwa,,,,,,
cmj79y2wk0061l204lmkhox77,,,,,,
cmjubqu9h0007la04ymbefgwb,,,,,,
cmh677ple000ul704vfzecjvy,,,,,,
cmh6txt7w0001l704t9aahza4,,,,,,
cml30fw6u000vle04jofpzqkm,,,,,,
cmhi4e7600001l704aa0qzm6b,,,,,,
cmgsxcjpk000akz04mu04kg2a,,,,,,
cmh843alu0001l104u5o8ltl9,,,,,,
cmjf0fthw000iky046pht9l7a,,,,,,
cmgvkhw1w000xl704c11kyy0s,,,,,,
cmgwtwmk90003ic04oqmm8375,,,,,,
cmgsuxcet0001l204uricwlwh,,,,,,
cml2nyzo6002ujm04xk7djr7n,,,,,,
cmgusxoq40001l504y9eiw8s4,,,,,,
cmjf12xu40019l204eeeoyjbz,,,,,,
cmgpe2sqs001ml4040elnp4em,,,,,,
cmh5m33qk0039l804poqnmjbz,,,,,,
cmedju04p000g13k0jbhgo4rb,,,,,,
cmh81apyc003qju04tlo1i0tg,,,,,,
cmgqxeld2000ald0412z5ou2c,,,,,,
cmh3rkti70001ju04sgvcy3df,,,,,,
cmhjsrsht000hjs04s4lo6k0o,,,,,,
cmgrtu1uh0017jo04col1gtzi,,,,,,
cmg0r6i00000114e33kjswiuy,,,,,,
cmgqqc8te0003ky04i78tog5o,,,,,,
cmgt79zm10005la04kjhgboiz,,,,,,
cmf1lbx8u001o5e2hngkgd1vy,,,,,,
cmoo0t3c8007rl204owhr05s6,,,,,,
cmhlenba3000cjs04oewk40eu,,,,,,
cmh7ukhbd0016ld04iolj85cm,,,,,,
cmgsi0p3m000hk004p2oxlz2p,,,,,,
cmgsqatvz0008l804moat79w6,,,,,,
cmjougg99000ola04s5kblubv,,,,,,
cmldxi6w60022l5047twmtmp9,,,,,,
cmid77ytz0007jx043fpnhs1h,,,,,,
cmgqaus5k002ple04gtidqr15,,,,,,
cmgqqvd000008lb04a148rieg,,,,,,
cmgvejtlw000lky04983cng9q,,,,,,
cmgsw18y6001fl804yv7evhkz,,,,,,
cmkefxnij0090l804296vmczb,,,,,,
cmgp6zfhx0002l8041z8282od,,,,,,
cmfjpwkpm00016zvbjdidw976,,,,,,
cmgv5hrmp0007l204h7lj3632,,,,,,
cmhkpvoiq0017ld04d7nwo019,,,,,,
cmgve5jx10003l3045alc7k6m,,,,,,
cmpoo61dw00rhla04chipae51,,,,,,
cmgutoj9y001olc04ejyxg3jx,,,,,,
cmh0etojw000ll90440xg257e,,,,,,
cmh3kasrh0009kz04vanewzkd,,,,,,
cmgrbioyl000hl804reueollo,,,,,,
cmgqr8lhz0004js0498ql9tpe,,,,,,
cmgpaxpfq0007jo042o0o5fcb,,,,,,
cmh8corfg000lla04luqrlby9,,,,,,
cmgr7hjnv0003ju04w63l7cum,,,,,,
cmgwi2wzi0001lb046or00znl,,,,,,
cmgpobppi002cl404s2dqekiz,,,,,,
cmgsgztl2000mjy04li35yqnc,,,,,,
cmg0shxhx0001100srvbkl1ux,,,,,,
cmjg8ibvq003ejr04ir4iggvh,,,,,,
cmhjk68m20001lb044dn7lpmc,,,,,,
cmpqx483g008zl204uqk1wchq,,,,,,
cmgv8kofs0001jt04xs86aauh,,,,,,
cmg29dj76000d12xj2khsygdu,,,,,,
cmgpe6kfm0007l4047ut49rc6,,,,,,
cmgqjeyp10017ie04iwrepjem,,,,,,
cmhb1uqlg005ii304z4djkwsf,,,,,,
cmgsuvgh20007jl04bi9cvkp4,,,,,,
cmgs1g1ta0005jo0484d94umv,,,,,,
cmj0y2oyu0027jq041ththsgt,,,,,,
cmjg7bvpe001bjr04qqb99mw3,,,,,,
cmk5tg3y1000rjp04hm3flwci,,,,,,
cmk7331r10002jn04cbyqsoi6,,,,,,
cmhy64xos002cl804i7bc2c9s,,,,,,
cmh7hp7ws001ql404wfo1an84,,,,,,
cmgrkv3es0005ld042e6yqcsv,,,,,,
cmi27ibdf000uky04ia30ee2i,,,,,,
cmgvkl8ki0013l504eo5zixqm,,,,,,
cmgqn8t310001la04w0pcv650,,,,,,
cmhcv0c8s000bif042de0aldo,,,,,,
cmh3tswco000fl404qttvhrsr,,,,,,
cmg293xnz0005k6tqp876wb9c,,,,,,
cmg3qcrgs000110t2lkfjxpjl,,,,,,
cmi0v7jia0003jm04ffa5vk0g,,,,,,
cmgslru7h000bjv04bcdw8uzq,,,,,,
cmhb1h4k3000bju04rz4du7dh,,,,,,
cmgq6c52p000hlg04d6iyvsrj,,,,,,
cmgr0p5wv000hjv04ei7pxmj9,,,,,,
cmgp7hj1o000cjl0403xpcmmo,,,,,,
cmgr027ga0006jv049miltzw3,,,,,,
cmgpf0027001kjv04l7w4pyxf,,,,,,
cmg293be40003juthmtoq06bm,,,,,,
cmh84sgy50015jr04a7wgij4i,,,,,,
cmhau7e0w0053jr04y7ubhusm,,,,,,
cmpmzpfzg006ml804s1r0qh78,,,,,,
cmicj686k000zl104fuqjyfma,,,,,,
cmju8vi8t0016l704n6656ne6,,,,,,
cmjmmpwa6001hjo042r0fd8fp,,,,,,
cmh3g2yo60011jv040jzvtauf,,,,,,
cmh7gwzfz0005jx04d0osjvvn,,,,,,
cmh6720as0009l404pogq3jcv,,,,,,
cmgqadnuu002hii041direxzi,,,,,,
cmhcv7q1n000ljs0488y7m067,,,,,,
cmi9ebjrz000fjr04dradf547,,,,,,
cmgr1zys2001gjm04wobzun1z,,,,,,
cmh9qjp1g0013js04g7r0mai2,,,,,,
cmnfmv6x8000gjp04obm1bdg5,,,,,,
cmh3rjp69000dl604e1lws86z,,,,,,
cmh91veis003fle04zx1odw0d,,,,,,
cmgwi0oev0005jo041gnhnvbt,,,,,,
cmgr538a80006l20490bzjzmo,,,,,,
cmh7ui1s3003djy042uvfa25r,,,,,,
cmh484twg0019l404j6fy3wi6,,,,,,
cmgrhden70016l804lw7t1ugz,,,,,,
cmgv67s0e000iky04yklwfais,,,,,,
cmhk306za0001jr04zy3jtahu,,,,,,
cmhanu8ox0007jv047k01srv7,,,,,,
cmh6twt6z0003jo04nnm7vqvy,,,,,,
cmis76ylk000ojp04vtdoea47,,,,,,
cmg0s7969000zhnknnuf6flei,,,,,,
cmjwkjhey000lkz04m6xaveao,,,,,,
cmmah1nig002hi304gu9p18b9,,,,,,
cmgusuipj002njs04u1nqt1he,,,,,,
cmgvdarqk000rky0481jq144q,,,,,,
cmgwu70cw000bl50438d7tp4i,,,,,,
cmgut8ado0003i904q2oq9haj,,,,,,
cmhi4gmsp000bjm04pe5gxvlj,,,,,,
cmj5ghuxz000djx04v8hho8pe,,,,,,
cmgvki6kb001kky04f51w5hxz,,,,,,
cmg3vr3em00017fmhvgt6bjuq,,,,,,
cmgwi972e000dl404vfnswh2s,,,,,,
cmjouzllv002sl704fhmp5f5h,,,,,,
cmiv3ko5n002pjp04ozz37ryu,,,,,,
cmh8d27ta002il804mb0kpzde,,,,,,
cmpq0153e0187jp04kf8ingyj,,,,,,
cmg0rmsgc0003ctfvv2t2ac3q,,,,,,
cmkfgeoxr0008jo04s1y0taad,,,,,,
cmjsnaivs000pjr04fcb03xce,,,,,,
cmi7kxpya0001i904apm6ut44,,,,,,
cmh8e7t2o000dla04kkkl7uaf,,,,,,
cmkefwm47001vjv0429x4mbfl,,,,,,
cmfdew8o50002pzwb4scji5n7,,,,,,
cmgpg7ush000al504gzmor7qc,,,,,,
cmh8cl6jk0007ju04lfjbz5w9,,,,,,
cmpak1o3m002bl404u2j0fuzj,,,,,,
cmgsu67bt0007i804ivu5cphh,,,,,,
cml4b2eou000fkz04f7x0rkqb,,,,,,
cmjv92712008nl404nz615lml,,,,,,
cmguuueh6000hl404cff4762u,,,,,,
cmlde5q80000ejy04i2rir3fz,,,,,,
cmlo2sb6j0037l204knj6wh9y,,,,,,
cmlo7aiss0022kv043zp24gi4,,,,,,
cmlo2fjkv001hl704wn1sau9o,,,,,,
cmlo3sn2u003ul8048cnr64ga,,,,,,
cmlp3uizr0044l7044lbeop8u,,,,,,
cmh812erf0005kv045k4titly,,,,,,
cmjf11oi70034la04pywfajg2,,,,,,
cmnelccqh0006js04vmfwmgcz,,,,,,
cmk2ey157000xju043ki4hb0x,,,,,,
cmp26pavt002mjf06npi2zht0,,,,,,
cmkfnmr4t000vl704hhg24c4g,,,,,,
cmh3oqnrc0001jy04m8j4fg26,,,,,,
cmid762kc000bju04gaemo1vz,,,,,,
cmgsxauer000ojv04umfagr47,,,,,,
cmhn2nth2000xjr048pqtci5q,,,,,,
cmgpgyss00014k4047blqi2dv,,,,,,
cmhmpi6ei0001lc04nkr4jom0,,,,,,
cmg299fub0001sqp5i5jzatr9,,,,,,
cmi27gxfl001ll904g76n7wva,,,,,,
cmgp45hqt001kib04gmwl4syf,,,,,,
cmhqzerxm0017l4047h8zjqy5,,,,,,
cmgsvzo07000ii804dx1n718z,,,,,,
cmgwi50nb0001ky047f1t0han,,,,,,
cmgsgxz6s000cjj04as0yath8,,,,,,
cmgr1cwr0001bjy044cy3syhu,,,,,,
cmjwk4gg0006ljw04fk6nq46u,,,,,,
cmn7ev57o000ll804dgywq6db,,,,,,
cmh7rnrqp001bi604g6gzitx5,,,,,,
cmp9l1pzp00d8l204n56wiqea,,,,,,
cmh7gv43j0007jr04x5l7viqe,,,,,,
cmgpawg8v000ejo04d31ziexy,,,,,,
cmgutlzxu001mlc04lgalu764,,,,,,
cmh9bke9l001hl804tj56pysb,,,,,,
cmf1lb4pd001g5e2hadlwffb2,,,,,,
cmi7brvfo002pk104jha5zbzp,,,,,,
cmgx54qmp000rl904domhsjaj,,,,,,
cmgvm4qdj000lkz04mq8lqj1w,,,,,,
cmgqa3akh001ole04yx88t67y,,,,,,
cmgsumx7y0001l704rur54808,,,,,,
cmh824sd6006ui904qiew61gg,,,,,,
cmhlhji5g0019js04ncafzxjr,,,,,,
cmh3g15ep000bjp04dxvdoo9e,,,,,,
cmkqzfddx0006js04brk12ls4,,,,,,
cmkuaitn0000el104318utf3b,,,,,,
cmhlel9cm0009l40429glrcfq,,,,,,
cmhli6y07000ll404n4k3egzd,,,,,,
cmgr17vj4000fjm04zd4rg3hy,,,,,,
cmjmmo5b3000cjp04z0uxn8ot,,,,,,
cmgp3tx1c000ijr044q5nqtv0,,,,,,
cmg3qb6vl0001gdvfsmssk45r,,,,,,
cmh676xpr0009ju0418gkzbwg,,,,,,
cmjg5cgs4002djy044vqtxvol,,,,,,
cmgpavb31003kl404mj2eg5kd,,,,,,
cmgustchk001jjj0413f8egt3,,,,,,
cmgrtsb9v0001l104tgw45jd9,,,,,,
cmgsuu129000jl704yv7cudhs,,,,,,
cmgtylarj0001ie04ax0f3618,,,,,,
cmgsl22q90006i8041n0qanu7,,,,,,
cmgshzq3p0009li04om12ti9f,,,,,,
cmhux7ljy000bju04i2mz9us1,,,,,,
cmm6krl6e0023lb044yu53qyl,,,,,,
cmgpe5ob2000djo047p8899vz,,,,,,
cmhsoevz90016il04fgxx69r9,,,,,,
cmgqqwjqv0010l404tq0wfmf1,,,,,,
cmgu3bjnf0003jr040iyljwp1,,,,,,
cmlbh9x5v0025l204v6o3n6gc,,,,,,
cmgwtvcmq000dk304qj9t33h3,,,,,,
cmh7gtjfl0009l404bfhhvxq9,,,,,,
cmgr16gfy000fjy04p5xcnxka,,,,,,
cmgr0cnu40009jl0414tc4jhr,,,,,,
cmgr7g3u40003l804zjem9frt,,,,,,
cmgv5cws90001l2040w4fegoh,,,,,,
cmjf10sf0004fju04gsykn30l,,,,,,
cmgqoq3rv0001jl04055j3fzl,,,,,,
cmi7ztnrq0001l204req069rb,,,,,,
cmg29b9u20002kq1srb6qyloa,,,,,,
cmhjjvii80007lg04jn1sze4k,,,,,,
cmh9qhnlo0005jk04yiyjjz5u,,,,,,
cmgv6550q000ll204fifnq16m,,,,,,
cmgsicb5m001rla04uxyy7c9z,,,,,,
cmh9ha4de002vi804cm2nczbk,,,,,,
cmq739btn00jejl04ezq8aose,,,,,,
cmhb0ypwg000jl704spr8geb9,,,,,,
cmgqxids00006l704d89xl86x,,,,,,
cmgqyjban0006l104cdanf2h5,,,,,,
cmkjuzku6003ul204wivxcnmd,,,,,,
cmgvkh67r000tl504jve03mij,,,,,,
cmpak0chf0001lg04s4qw1xoj,,,,,,
cmhfgvh200003l40407ct9pbb,,,,,,
cmgr1tm2x001ejm046jqhwfqu,,,,,,
cmguspmti000pjs04bvpu40uu,,,,,,
cmgr00oyb0002l5044kc7tkmr,,,,,,
cmgrhfg560001jo04s46swp0w,,,,,,
cmgq6397c000dla04xsfduo83,,,,,,
cmf1lcnrt001w5e2hglvsn5t0,,,,,,
cmhcuxeaq000bjs04ms8tynm4,,,,,,
cmgr4zwyb0003l20484vh76i9,,,,,,
cmi405wdt004dlb044fomsxrk,,,,,,
cmh3tuqz30001lb04pygh3de7,,,,,,
cmk006isv0008l504nngsklhs,,,,,,
cmgwg5jxg000fky04vh2hg8iv,,,,,,
cmgpe4w6a000dib043kr7yxua,,,,,,
cmh71zyk5000ajm04ssnn0lnc,,,,,,
cmgut6rbb0001kz04eo4jgmxp,,,,,,
cmgsx7dk2000ji304o2l2yow6,,,,,,
cmh7sbi4h0003lb040ae3n84v,,,,,,
cmid73wmh0001ju04ihqhuna9,,,,,,
cmgpg51oc001yl704eng7mfj7,,,,,,
cmjtsk9xv001dl704kosgjekt,,,,,,
cmh881uof003dl104un9jmldw,,,,,,
cmi7kvuab000bju04zl6iu5h1,,,,,,
cmhftbefs000sl404fa3zc4gt,,,,,,
cmh2dmjzm0001js04d9oem0nq,,,,,,
cmgqpu78q0007l104kw99k4bg,,,,,,
cmj5gfi5u000vkv04ug9crmhp,,,,,,
cmgvd9ct10007jl04ucp4gjt2,,,,,,
cmjgf4res005bib04pr553q88,,,,,,
cmgp6xmx3000ni704mdt54pqi,,,,,,
cmh9iugw7004jjs04w2fdo99d,,,,,,
cmgve44k40005jv04hr68ozee,,,,,,
cmh94ht8c0005js041shqasd1,,,,,,
cmh7grxjf0003l204xgvkswuz,,,,,,
cmhdmg99t0001jp04wq8mz5im,,,,,,
cmgr5ai0k0001jl04dndnkrk7,,,,,,
cmi9citbt000rl504f47gf3br,,,,,,
cmhjsucjy0009ic04x4lmrxqk,,,,,,
cmhkmmgov000bjr04rk3l4ko4,,,,,,
cmgpatxz9000iky041ibcglu7,,,,,,
cmgwubngt000hic04u3hvlruv,,,,,,
cmg7y7cym0003l10ms8yadjzk,,,,,,
cmf1l76pz000s5e2hlnft8llx,,,,,,
cmhtwudit0069le04ylgepxfu,,,,,,
cmgtvki0b0009kz047g4qhkxt,,,,,,
cmgsus4p60001js04qdg6xu2v,,,,,,
cmgucghbt0001ih0436xru6l2,,,,,,
cmh7rn4hw0008i904m94g9ecg,,,,,,
cmg28bzdx000112xjq731rqqu,,,,,,
cmh0q9wp7001vjm0454hefrlm,,,,,,
cmhn2lfq2001pl504woobssj5,,,,,,
cmgqcusub0003jp041is2luxo,,,,,,
cmgqqnwvq0004ib04fqg6cscu,,,,,,
cmgusnvj0001tjx04617k4vfu,,,,,,
cmhjjsnvh000ll404rcw3sabm,,,,,,
cmh8fgfwj009xl7048awqxwwk,,,,,,
cmgr1r5n4001kl704a1tvhwy5,,,,,,
cmmii2tid00g9jx040rhcl38p,,,,,,
cmh671dn00001la04rytqcm7e,,,,,,
cmgqs5sgx0005l704vklzvlu6,,,,,,
cmgqa9rfa000wju04lmdcjry9,,,,,,
cmlgdq02i000tkw04tkr15fik,,,,,,
cmhymfogq001jjp04jcngouzl,,,,,,
cmmil9zok00a1l504w982jsyp,,,,,,
cmhkpuw6g0017l104wmiji9re,,,,,,
cmkyn23ly001wjs04s6q8n133,,,,,,
cmjg46omq0003l4041th144of,,,,,,
cmk1p8whv001vjs044olilxif,,,,,,
cmh3ttvxm0003lb04558jcp9v,,,,,,
cmgwi6gd20009jv04kxm8ispv,,,,,,
cmj4hkr1y000hjr04v7xmj3eo,,,,,,
cmf1lachp001a5e2hapaqie4s,,,,,,
cmh84ljov00aqjx04g07hlzo6,,,,,,
cmjucp0xv006jla04y3ksq8po,,,,,,
cmj93zj600013kv04cbinmyry,,,,,,
cmiex9lvj000kjs04t8qem3eu,,,,,,
cmjf0zibt0001jm04o0uhpnhr,,,,,,
cmh82eeww000zl6044kckk912,,,,,,
cmgu3a9jv0001jr04qor2okxg,,,,,,
cmj8vrkzp002dky040cq4iazg,,,,,,
cml2yhfq70004k104sk9t64xg,,,,,,
cmgwhyhbu0001jo04fyug468r,,,,,,
cmgpoelkw005ujp04qtd09hsn,,,,,,
cmh673qr90008l204syefmdio,,,,,,
cmgq4ysyb000el4041z967ny3,,,,,,
cmhyme20l0004l404fom865k4,,,,,,
cmfjq0ult00019gln92pty97e,,,,,,
cmhdelc0s000nif04fvutvffd,,,,,,
cmk2ser0e0012jx04ydr1dg2f,,,,,,
cmgsl0fsk000ajp04i7rd69eo,,,,,,
cmhebuvnf0001l404yghqy1d1,,,,,,
cmjmmickj000qju04lrg471zs,,,,,,
cmg3vkfb30003fhzqbannzbqq,,,,,,
cmgzte3pj0003kv04jaczo4z1,,,,,,
cmgsuod090005jl04472d6k5k,,,,,,
cmgpg3zad0008ld04ftd9032r,,,,,,
cmjfz37c2000fl4041uj2j4dj,,,,,,
cmgr0rzv60015ic043swxf03j,,,,,,
cmgu38jaa000gjr04veuz666q,,,,,,
cmh7gnuo1001llh04icms0990,,,,,,
cmjoufqja000ajp04zs3fj5ts,,,,,,
cmjwkgdyy004wl104nwjj01zj,,,,,,
cmjm1nrjn000qk104i15tyiiv,,,,,,
cmhfsd4ct0001l204fwt83tdj,,,,,,
cmgsx2xxb0003ji04tbb9tnhj,,,,,,
cmhzxcz8x0005l20479p6k6lf,,,,,,
cmgv5zhbd000rla04b18u227r,,,,,,
cmgrk5tfl000yl804r3chpu4g,,,,,,
cmg29a71r0005105m366guwr9,,,,,,
cmlkreczb001nl504hkehqp7f,,,,,,
cmjx4xo22001qic04cbrrxrsd,,,,,,
cmhb0si13000pju04m2x9u8x7,,,,,,
cmjvwe4wt00bvl7040vem8l5a,,,,,,
cmh84wfm9002wjr04a616jhh5,,,,,,
cmgwg44hd000bky041q8ml6f4,,,,,,
cmgpmx2lo001pla04eofgimz6,,,,,,
cmjn4xdik00emjv04holbgsnh,,,,,,
cmgsulpqy0001jl04owm91okk,,,,,,
cmhgfzouq0003jo041gi6609d,,,,,,
cmi717cdg000vjs04rdmmy6hs,,,,,,
cmhlekc80000hl2040q8bqe9s,,,,,,
cmgqqgdbo000el8042bgbzro5,,,,,,
cmgpe3apj003sl1041whrrojd,,,,,,
cmgpf5nry0001l704abswot02,,,,,,
cmg7xxdsi0001l20fenhepcwq,,,,,,
cmjucnssx000dky04hd1jr2ea,,,,,,
cmi9cejgn0001l604vb5fbnss,,,,,,
cmgqxgufy000kjy04dssbhi8f,,,,,,
cmid700k0000fl704xtj3z5j6,,,,,,
cmgrtgjod0003jp045droskvz,,,,,,
cmgr7875a0001ju049t8ghan5,,,,,,
cml3v6xq00012jt04hto4dtln,,,,,,
cmi7kudst0005jr04kpfc6b3l,,,,,,
cmgpg12610004l804searo3zn,,,,,,
cmgr0acx60008ju04ch25wgwe,,,,,,
cmh7225gr000fld04z3nwobtp,,,,,,
cmgwu4lau0009ic04qxym0uqs,,,,,,
cmpajznvu000zk004vsliaw8w,,,,,,
cmljdznv60001l204q0bbk27p,,,,,,
cmjwjp5rf000ljr049oyg2zzu,,,,,,
cmgvm0br3003vld04hij0yqse,,,,,,
cmh9pckvu000pif04au1emqh6,,,,,,
cmhmj5wqk000bi504umemvuz7,,,,,,
cmgr4xi14000flg04hxmvtexj,,,,,,
cmjf0durx001ijl04d7r70y07,,,,,,
cmlikdvwb0069l404cgt6c769,,,,,,
cmgqyi7hx000bl20415koa13u,,,,,,
cmgr1mxlt001il704p8lcg8x0,,,,,,
cmh3orjnn0001i804q86s72sl,,,,,,
cmjt1xmug002vl104wyh87kyq,,,,,,
cmh9mytl3004mk1048678iwy6,,,,,,
cmh25ihln000jl804y7paa82r,,,,,,
cmf1lddg900205e2hi3x2o7gi,,,,,,
cmhjyq6ih0001lb04goei663n,,,,,,
cml4883pg000kl7043z8udg8d,,,,,,
cmjdk1q0m0002lb0487kt9v80,,,,,,
cmhfsqubv0013k1042fj52ay6,,,,,,
cmgut59o20001l404bvbsdlvq,,,,,,
cmj9tr4r50001jw04q9ad5i2j,,,,,,
cmj6hira40003js04qd4yt5bm,,,,,,
cmhantgw40013la04dh7ehcgn,,,,,,
cmkuahte90014jp04d6u43pwf,,,,,,
cmgqzyr8y0002l104mqm1f0wl,,,,,,
cmm5yawx4001wl5041ziob0it,,,,,,
cmg292eqs0005qycd6f029r56,,,,,,
cmhmpfpny0001l204ze6r7wbl,,,,,,
cml2nxrka0009l4044re9eq1x,,,,,,
cmgqa71kv0025ii043ifj9p63,,,,,,
cmhjzr85a000bi8040qumi0l0,,,,,,
cmjtjalfn002cjp04tvqeypoj,,,,,,
cmhay2srr0009i9047vxgofa6,,,,,,
cmgvd82hs0003jl04j9hoi1zy,,,,,,
cmgvkflwc0031l504vwaw3qqe,,,,,,
cmlhu7l4m005mla048eocdqoc,,,,,,
cmlhazo8i001rl104kwegd2xl,,,,,,
cmhn2iowh001xkz04xcp4t8ph,,,,,,
cmgud8op10003jz04hh2lic68,,,,,,
cmjsn75x50011jp04nfn1saxy,,,,,,
cmg29alyp0003sqp5x05hezhs,,,,,,
cmll1noht004bl80475kkzig3,,,,,,
cmgtvjkzy0007kz04r6xh8s8o,,,,,,
cmlbhzpfi007ekz04kyjbqj01,,,,,,
cmgpoh7d6001bl504aocccvqr,,,,,,
cmjf0xlb20025if047fm4fni5,,,,,,
cmpdj1w1k000fi80cc4r51pt9,,,,,,
cmjwkenuo0003jo040gcin6iz,,,,,,
cmps681xt00iwld04cgjbkco4,,,,,,
cmhmvva5o0005jv04p6je5v4a,,,,,,
cmhebtzpc005nl404uosa92sc,,,,,,
cmh7rlbue0009jn04h3zhyj9f,,,,,,
cmk2g6mv20002ky04lrk8d1u1,,,,,,
cmgwu1zhj0005l404k90zl2rj,,,,,,
cmgsuqd5i0005lg04ux66a2my,,,,,,
cmgqxewy3000cjt04z83l4dxy,,,,,,
cmh7glfg7001fl704sex95pyy,,,,,,
cmgqs4whl000il4042ux6iz0v,,,,,,
cmgv5bct1000pjs04tjnutavc,,,,,,
cmjg7aezk0006l504nix2gk7c,,,,,,
cmgpaswnx000oji04pvd0bew1,,,,,,
cmhdekblg000hif04iggdqxx3,,,,,,
cmhjjpjng001hjv0454bc0s8f,,,,,,
cmkd3zhar001ikz041bc0q0y4,,,,,,
cmiv6ihv80007jl04qtyodg9e,,,,,,
cmgpfzp53000al6049mi6k3xa,,,,,,
cmef4uym0001f2eq3ufvp8dtm,,,,,,
cmgshysz9000dl50466dmdfep,,,,,,
cmhi5m08e001pl104dekugec3,,,,,,
cmgshzcv90007li04g9sz1ybo,,,,,,
cmh1qtzkd0007jp047h460mav,,,,,,
cmgqfylip000rjo04n9rpto4j,,,,,,
cmpajyy8h002mjs04iy574fhs,,,,,,
cmgut3d7e0001i904c4v2atzd,,,,,,
cmmb279d50021ju04ulpl1o7i,,,,,,
cmgsibkq5001ejj04siods2vu,,,,,,
cmgqolg6e001jl504xdzyboxa,,,,,,
cmhmj4bzj0005i504r2i7bdlz,,,,,,
cmhzxc32d000jkz040d1vc0yz,,,,,,
cmh670q5n0001kv04sfbzo2g7,,,,,,
cmi7kstxp000ljp044byebyec,,,,,,
cmp89fv4p000dje0b0qf68t6c,,,,,,
cmg3vjmtv0001fhzqpbpzkpsl,,,,,,
cmijjerdo0010l104w47s8yg0,,,,,,
cmjljmldb001ujm04bp3eizw2,,,,,,
cml70be3n009vl204daex98kq,,,,,,
cmeqzhhll000n6kh6ceq8rzl3,,,,,,
cmgpf2t6g005ljm04inu9q3gj,,,,,,
cmhftnmhd000blk04cp034esn,,,,,,
cmkw2ku2c0010l5049hxum9p3,,,,,,
cmkx1mxl3001wjy04i44g4xas,,,,,,
cmhdmewdw001bjx04ytasu8nk,,,,,,
cmgv63zod000clb04hxrhbnjf,,,,,,
cmgr13n490001ji045tv34cie,,,,,,
cmh480zff0009l404rrmjfbke,,,,,,
cmgshyg0i000bl504yvadv2lq,,,,,,
cmg29212g000b12xj5a2bta8e,,,,,,
cmgsujz6p0001lg04lkun48n1,,,,,,
cmjm1l726001ll404i6yxhql1,,,,,,
cmgskymgy0005kz044sj5ly7u,,,,,,
cmgsvv822000nl4046nqzm3l0,,,,,,
cmgu35voa000ejr04btkcd5rz,,,,,,
cmh6maiem001mjx04y7c22k9b,,,,,,
cmjwkd28q002lju042rusxfvl,,,,,,
cmkfhhds4004wlf04sllcd7t8,,,,,,
cmjbx0sxc002ljx04ld9u34dj,,,,,,
cmgwg1fwm0003ju04ht6ivzsb,,,,,,
cmjwrrcfh0017i8046k8ku159,,,,,,
cmjgf1m65004tjs040951hjje,,,,,,
cmjt1uieo006sl104sxa9y1v7,,,,,,
cmef90e0q000v13qq3qtu1uxu,,,,,,
cmj0h8xrw000hl404b8kdejp4,,,,,,
cmpriv1n304u4l504j4orql22,,,,,,
cmgpars4z0001l404k1aocayw,,,,,,
cmh84hny2001ll104cqclwevv,,,,,,
cmkn7um7t002iie04ntgjnjc6,,,,,,
cmgr088mr000cl104br5vbk6o,,,,,,
cmgsuzchl0003i604oi3n97eq,,,,,,
cmh3tvod70001ju04l2l4cxa6,,,,,,
cmgpmslhy000fl2046mo1nu43,,,,,,
cmoxtxp8w0004ko07uqlssrbe,,,,,,
cmhkpto5b001fi9044nui5ehp,,,,,,
cmlkrii0j0041l304mm4fdw0e,,,,,,
cmj93yjhq002bl5044qyca79n,,,,,,
cmgshxmky0015l10474lwkkbg,,,,,,
cmgt6nipg000jle04l367taut,,,,,,
cmh3osauo0001ld04fkamwyd6,,,,,,
cmgsj4xiq000ljy0455hmsr9p,,,,,,
cmm2dm3a20022la04ae7skaru,,,,,,
cmklcwhnz0002jp04bo5eu6c3,,,,,,
cmguthqui0001l704ag3fsyx9,,,,,,
cmm5xf5gn001oju04anxbrk9n,,,,,,
cmjezwbbw0094ky04m9n6cixt,,,,,,
cmk2xy2ph000tla04e7fyh1lq,,,,,,
cmg7xtvr60001jm0k9laj7wg5,,,,,,
cmjfwe7se0025k004gx96d0sj,,,,,,
cmf1l9egw00125e2hr96og8cv,,,,,,
cmgr10lv6000tjp04aqwa4lyf,,,,,,
cmgusko760001js04x1xbksdz,,,,,,
cmpk4t6t90026jg0arwfd0eu6,,,,,,
cmk1e9y6v0001l504gc4p5ei9,,,,,,
cmhkml3mm000fl504kqn7jmww,,,,,,
cmgwu0pcy000nk3045nmfdlzk,,,,,,
cmlhawsh90032ky04jw33lb6f,,,,,,
cmkhyppzv0002la04ka7uswt5,,,,,,
cmhqzbw30004qjr04u1o6fwno,,,,,,
cmgrji6mm0009ic04xus4tnqf,,,,,,
cmgr4v16p000djx04zdacd8mn,,,,,,
cmgvl8iyi0022ii04y2bgog7x,,,,,,
cmijjwwsz0011i804uaua1jzo,,,,,,
cmg2992dw0003105mken3vamn,,,,,,
cmiv3ca3j000vjp0485g104hq,,,,,,
cmhb3zezo000sl504mvshn2kj,,,,,,
cmh2dkcrs001hkz044uz91g0y,,,,,,
cmhpvjeqf000bky040kynys4x,,,,,,
cmjtsfslq009fjr041boussqi,,,,,,
cmeqzhh2z000j6kh648hnl0av,,,,,,
cmlfma3ky007gl8049h37ws1o,,,,,,
cmjf0bj70002ykz046d8z6i47,,,,,,
cmgrtr7gf0001jo04w7so0zkr,,,,,,
cmpt0x2id00jfid04n0jms16b,,,,,,
cmh1qvc0y0001jr04696fjf1v,,,,,,
cmgvd67ht000ajp0405hufbpn,,,,,,
cmgr9pofu002cl5046y23zizy,,,,,,
cmgpfz1b8000wl404xiozsm8t,,,,,,
cmhjjkvul0001l404antt9koz,,,,,,
cmgqcslpd0001jp044i7onirt,,,,,,
cmkrkmf5i0004jp04bze8nty8,,,,,,
cmjd7qbxm001mi304ary1fvd7,,,,,,
cmgvke1sa0016ky04x6p4ukre,,,,,,
cmgqn75tq0001l5047q9buz78,,,,,,
cmjsn287u001djo04et3sekrl,,,,,,
cmn3jniye003dla04sm5i3jtl,,,,,,
cmi716cm7001djv04af9fyjse,,,,,,
cmh86tlyv002rjv04idtnc70i,,,,,,
cmgpois0i002rla04dpbwbdsy,,,,,,
cmlin62y0004qjl04obl88pwk,,,,,,
cmh7giz290007l704zf7gpjih,,,,,,
cmha88nj6000bjv04jd6dgufx,,,,,,
cmgwuacgi000tk104eynqv15d,,,,,,
cmj8yhcvg000nl504zab70q7v,,,,,,
cmhi8cvkg0021l204s672ercz,,,,,,
cmgqzuhbs0009if04fau6s5ev,,,,,,
cmpajy8de002gjm04huaj9kzp,,,,,,
cmh2h63550001l804e57gfzz6,,,,,,
cmgve3gv20001l204yuuu6dj9,,,,,,
cmgpaqe85001lla04vo7znh0p,,,,,,
cmgsx16zx000zi604omagx2bw,,,,,,
cmf1l97e200105e2h07axuezr,,,,,,
cmgpmqdwe0001l904nlmukx5o,,,,,,
cmhmpehp20004la045ow0smf5,,,,,,
cmhjzng0z0005lh04fe02g8k7,,,,,,
cmh7rj0l9004kjl04c525y4sl,,,,,,
cmh9isnvt0009l4043inqq53r,,,,,,
cmjru0zoh000hle04wy0y6xl1,,,,,,
cmgsulbg90001jv04z5qruw5e,,,,,,
cmjgckx4j005xlg04whcnl7d6,,,,,,
cmgqog29z000ekt04ohpj1pl2,,,,,,
cml709cs8002vle04tjkxo1ss,,,,,,
cmjnc0yy6000tl204t205zp79,,,,,,
cmg291g9e0001juth1st6xhbc,,,,,,
cmqwjkz8400l2la04xz9p0vnh,,,,,,
cml4x3hh3003tjy046af4ejy3,,,,,,
cmm5x1pac069pi9041qvlt4xv,,,,,,
cmgv58hs20001lb04atxa53wc,,,,,,
cmgsvu4uy000hi6040kudbkmf,,,,,,
cmgr0z7tk000hl4043f80ceyg,,,,,,
cmmr2c9kz0043jj04pmpjj5tj,,,,,,
cmeqzhi2w000r6kh6028n81p6,,,,,,
cmpe07rc1004cla041f10vcs1,,,,,,
cmgv62nn6000xla046k0iujkp,,,,,,
cmj0aj6sx0001gs043vwqywen,,,,,,
cml3up0ui002bjm04nnvx5dw7,,,,,,
cmgsialiv001al1043dna1iw6,,,,,,
cmkymys4z004ujo04thqon2j4,,,,,,
cme04rg7o000j6jgeq1lng3f7,,,,,,
cml2nwcll000vl204uoknbb55,,,,,,
cmp8x36mz00xil104sowtmoad,,,,,,
cmguuzmsb000jl404wln8ovrz,,,,,,
cmhmj2ccu0007k104fudcrcum,,,,,,
cmovroag9000wl1042w84zles,,,,,,
cmk2z7ck7003ul804ifhvxrz6,,,,,,
cmh94px660005ju04986xfkw0,,,,,,
cmeqzhhih000l6kh6orw1ppap,,,,,,
cmgu349z10019i904wu7hcg9z,,,,,,
cmgvg7cdb001ekw04fyucehtk,,,,,,
cmgusja2z0009l804tblfirom,,,,,,
cmf52f8ay0003v2hr6j0cl6pj,,,,,,
cmgr4tga0000djo046s8zptp9,,,,,,
cmgrjh5ya000fky04th57ac8n,,,,,,
cmhrg7blg001hl6043h9i4acz,,,,,,
cmgqocudf001el404zttg550z,,,,,,
cmg7y6t1j0001l10mf06fmp4o,,,,,,
cmhzxbbd70005ih04juau61lo,,,,,,
cmjhrplow006ujg04yckyit8x,,,,,,
cmkvwi5kz004jjy04nzip822z,,,,,,
cmgsjdz1k0003l204424ke8d9,,,,,,
cmngb0an80067i904rza6hpos,,,,,,
cmeqzhrp6001z6kh6zx0dc02m,,,,,,
cmh84g7ir000dl104ymhlx52m,,,,,,
cmh6kbi7g002gl80408xe4218,,,,,,
cmhcv641e004tlb04ncdhnzvf,,,,,,
cmh3oy7260005jv04tlv89i6n,,,,,,
cmirgepag000bjp04in9rzqvv,,,,,,
cmeqzhffv00076kh6ikmsmta7,,,,,,
cmhkoymit000bl804oyaz3h2l,,,,,,
cmjt1vxi60006ju04uckbxlfy,,,,,,
cmgud2p520001la04ns73ajeo,,,,,,
cmicj3b2s0009ju04inmz0yj8,,,,,,
cmgpaos7a0034l404j9qee0l0,,,,,,
cmgwtucia0001k304l8fd5qj5,,,,,,
cmlf2qw1a0042l5045c9kfg9c,,,,,,
cmjsfmy580006l504a0lrih2x,,,,,,
cmgr06lkz0004ju04g1nyzckh,,,,,,
cmeqzhra0001x6kh6eoljoekw,,,,,,
cmjdjy0sh0036jv04zbmqmv93,,,,,,
cmgr0umm20007i804tazl4bbi,,,,,,
cmgr927g00007ji044w6qzf0p,,,,,,
cmgs0recr0015js04kopaquqd,,,,,,
cmjsmyvpd0016js04fb6dhfj0,,,,,,
cmgwi3mdk0009k504hqhlk4r8,,,,,,
cmgshxv6z0009jl04kyplwtcj,,,,,,
cmgshud39001ijy04oxgesp5p,,,,,,
cmh84scn80066l804iak9zqdd,,,,,,
cmgpf1wee0005jy04v2nbga8y,,,,,,
cmgutfa1h0033jx04k0yksa1g,,,,,,
cmj93xigt0019l804wa9m6q64,,,,,,
cmgvkdau4000xld045x1ioi58,,,,,,
cmjw6sypq0010l40473vr7jiq,,,,,,
cmjfuy6ie000tle04mitdzgx8,,,,,,
cmh1rioo1000rjr04aqmkn88x,,,,,,
cmj5gdls60015le04zfr6nxxr,,,,,,
cmhkpst51000cjr04amosn9dg,,,,,,
cmgsu2gh6001llb04zg0p191u,,,,,,
cmgsjcqun0001l204mmoxv5l8,,,,,,
cmgsht9ws000kl0047xcz1gn7,,,,,,
cmlo3s225003wla04m5p52vru,,,,,,
cmosbl8ep000uii04a64ths0z,,,,,,
cmjv8z77h000jl704rpfpgy48,,,,,,
cmn6jw958009vjx04yl9cov9c,,,,,,
cmgyaah7n0013jj043l82azw8,,,,,,
cmn6xzjrc00b5kv0453o3eh70,,,,,,
cmnelf01r001ojl047owkqgpf,,,,,,
cmkuacj32001zjj04c5anas80,,,,,,
cmlfm80zt003pjy044qxzysqb,,,,,,
cmgrtf8is0008la049yujmm2e,,,,,,
cmpbycdoq0088kw04yqzugd7n,,,,,,
cmh7ggdlj003fjr04h0froyui,,,,,,
cmhfue9q80013jx04em1xxr8f,,,,,,
cmfjpzbk40001x14vqd17qybv,,,,,,
cmg294t530007qycd1awe347i,,,,,,
cmgqzwoeh000el7047wn4shry,,,,,,
cmgqqjx6l0003jv04eybsgrbf,,,,,,
cmgqs41ou0009l40407rrv878,,,,,,
cmgusguzc0009la04unnin3x9,,,,,,
cmhmj0fnl002ek104vymsmy1u,,,,,,
cmlnsnc3k0001js0420o9hwqg,,,,,,
cmjg775dg000nl80406s9eqhl,,,,,,
cmgzt89wx0008l804obas9w68,,,,,,
cmicj0e09000vi8042521bocd,,,,,,
cmhrg6whw000bjr041gwts8tn,,,,,,
cmle93z7q001vjx04ya0azuyt,,,,,,
cmh4806jb0001l1042mxx4vqy,,,,,,
cmpk4sofz002ll00b5bb0m06l,,,,,,
cmj4hdeq60003kz04t6eub050,,,,,,
cmgqm1seu002cl804cfvnojw5,,,,,,
cmjncallw000yjv04so8qk42c,,,,,,
cmh84e9vs0017js040efu96mn,,,,,,
cmhi8beye001fl8042q42rmz0,,,,,,
cmgv61tmz000alb04lvjk7g77,,,,,,
cmgtyjrsm0022l80445rm6p67,,,,,,
cmjwewcja0070jw047df6b1b0,,,,,,
cmgr0y7cd0003l204g8xfb3pc,,,,,,
cmg3q95m3000frj16gl2me18f,,,,,,
cmhlhgn3p0001ju04kzqd7coi,,,,,,
cmhpfj78m005pl8042jnz4c1s,,,,,,
cmgudlyof0001ju04xpad8jz6,,,,,,
cmgsuj7fr0003l10430gq528v,,,,,,
cmjubo0kj006el104zrpp83j2,,,,,,
cmi7151u5000ojr04i264xexm,,,,,,
cmhfslc9u001dii04tlhscios,,,,,,
cmgv0tkc5000ql20432rkmryb,,,,,,
cmgud04hw0001la043wyi8ujk,,,,,,
cmk730ns2002ala04b2xt8wsf,,,,,,
cmi22b14f0019ky04oe7re9rl,,,,,,
cmeqzhhzu000p6kh651yn1ovv,,,,,,
cmg290r0s000912xjbxya1dci,,,,,,
cmgu32pwc000wkz0488r4a9nf,,,,,,
cmk2z5pgk005bkw04i9rm0j10,,,,,,
cmgvl7y0u001wii04riew9xeh,,,,,,
cmjridcqg0076l504e9ci509g,,,,,,
cmh7rgf7a0012jm04izcgmlcj,,,,,,
cml27ecxq0009js041j3qqtnv,,,,,,
cmgrj7xa00001jl0431d7blys,,,,,,
cmgpamgt20010la04zgty0k6h,,,,,,
cmg3ukpax000111o076ys99c6,,,,,,
cmhzxaesp0007kz04iadlrdvg,,,,,,
cmgvkdv2h002rl5040ts3z2k9,,,,,,
cmiv3779e000xl104cy1lbe8y,,,,,,
cmldxfpfu003el404h4vzrpum,,,,,,
cmiv0uic5002nk404e5a2wb8y,,,,,,
cmh77pyei0015la0473t70zpn,,,,,,
cmlfm5wln0003lb04afehqa1r,,,,,,
cmjgez1l80052ib043vcnbgv3,,,,,,
cmgvd13am0003kv04ljdtrn7c,,,,,,
cmgshqxv00001l204s43r9ptx,,,,,,
cmeqzhet100036kh64iqsfseq,,,,,,
cmh8aw1yk002skw04n5x1basu,,,,,,
cmgu30e7z003al504zfuqj4n5,,,,,,
cmgqo9v00000xlh04jfvwn6d6,,,,,,
cmgr93uhb0008l104bozrvjpz,,,,,,
cmgqcr7or0003jl04j7saapl8,,,,,,
cmhmiz6e00007l5043cfklirb,,,,,,
cmescqm1j0005v63whk4jlie6,,,,,,
cmiv74t8v0001l804u0jqvad9,,,,,,
cmgudkxs50003js0481oy44y7,,,,,,
cmpzfa36v00hqjr04pq4f3jgy,,,,,,
cmhmpd9vo0003l504e5zv9ex3,,,,,,
cmgrkgme0000vl2049i0zwzrc,,,,,,
cmgt6m4wq0001l804dupeyrke,,,,,,
cmjwjnlee0014l504ak764qh0,,,,,,
cmgwts12o000kjo0414g95r10,,,,,,
cmjt1rmaf00c4l804qcedb57s,,,,,,
cmjdjr1iz0006jj048b5p0jup,,,,,,
cmjiu7no8003vju04fyv3w34i,,,,,,
cmhd62qmp000xl204zw25dvyq,,,,,,
cmgsvrz0l000hl1040alhyqk7,,,,,,
cmgvkcfhh0012ky043fcef73r,,,,,,
cmeqzhgzl000h6kh6391aw6v2,,,,,,
cmgqqhuta0001jv042ksxscck,,,,,,
cmhrg6euq0019l704n62t38ob,,,,,,
cmlimrbyj000gkw04lus9g6vr,,,,,,
cmhb3sxih000llf04yokn7bdk,,,,,,
cmhpfigb80003jv04er1lb9w8,,,,,,
cmgudihhx0001js04g5nyf0f8,,,,,,
cmgr037aw0008l10409ynzat0,,,,,,
cmgqzw56w000cl7044t4nmbht,,,,,,
cmgv60vlc0001jx04pbkllkd9,,,,,,
cmkymwmox0017js04kka9l8el,,,,,,
cmh3p963q0003js049veobeic,,,,,,
cmgusfb0k000il40437e33svf,,,,,,
cmgrlf43s000hl404uqfcuj9k,,,,,,
cmeqzhl9i00156kh6o6g3xbj2,,,,,,
cmg7xrshj0001l70fkc5h1rj7,,,,,,
cmjw3elr60029if0426w0gj31,,,,,,
cmpk4kqam0010kz0bgem7x14e,,,,,,
cmj5gcp66000nkv04ealyamwb,,,,,,
cmh9ptosm0011jp04x65io7qs,,,,,,
cmeqzhksv00116kh69rjykfsi,,,,,,
cmhebsx2x0017l704t7yymwfi,,,,,,
cmhkps6qv0001ii04k3adaw82,,,,,,
cmgshwsau000fk0044n971dt7,,,,,,
cmiciro8q0015kz04dl4lx7e2,,,,,,
cmgsuhk2e0013jx04vfu00k3d,,,,,,
cml42vqxf0001ld04lbn1dtjt,,,,,,
cmgve0n660005jx04deph8k7d,,,,,,
cmgudh44w0001kw041k08nhoc,,,,,,
cml27d47i0011l104tq697a38,,,,,,
cmf1la2ce00185e2hoy2g5anh,,,,,,
cmgpalcvq000rla04aj13a1yn,,,,,,
cmh9ipj28002zjs04mh8ao7s9,,,,,,
cmgu2z2jd000cjr04kiuw9a1c,,,,,,
cmh70ur6u000vlb04e7d571hl,,,,,,
cmkd3xzjp0019kz04z03ygr22,,,,,,
cmjhe2w6r003ujs04rno94jvf,,,,,,
cmdzx8lae000m101938nsytm6,,,,,,
cmj4ha40f000bkw042d0h414o,,,,,,
cmh84cerw0032l104klhvjn73,,,,,,
cmpvgh5z901rrkw04rwjh71py,,,,,,
cmk1e7x4v0001ld04s655pcts,,,,,,
cmgqm108g000sjp043ivpd4dj,,,,,,
cmgs0e6hk0012jv04jlruv5io,,,,,,
cmgrktmnk0003ld04bwif3c64,,,,,,
cmgwuhc5x000dl504uqla3ajl,,,,,,
cmhlhesyp000yjx049ar7vgty,,,,,,
cmgqqligi0001jm04mge9v5ze,,,,,,
cmkfg39k6000zl504d1nk4cyn,,,,,,
cmh86no4z001bl804f6kbotvo,,,,,,
cmgp4ab3t0027ji04mw44onqf,,,,,,
cmk4izfla002rjr041tff4pm2,,,,,,
cmhjzfraz0001l104wylliwdy,,,,,,
cmklcv1040014jv043c1fmfln,,,,,,
cmgsvr3bg0012l8041gybpqna,,,,,,
cmjtmmwh5005rl504g7m9dv92,,,,,,
cmmrz0ahe00dsl404wy02vu76,,,,,,
cmgys6rpt0005jp0477pddzkf,,,,,,
cml1a2pr7002rl904ppxrfh5o,,,,,,
cmgpf4tlj003ujf04454jee08,,,,,,
cmhlhd5cg000mla045ehjspm6,,,,,,
cmgsufzmk001zl404opmlax5d,,,,,,
cmk1q010w0007ky04almxlnh1,,,,,,
cmgst9yhu0019le040ci81c7m,,,,,,
cmhfsnwyl000qla04d81ayqas,,,,,,
cmjf08gkq002bl104edri7fk1,,,,,,
cmg298lug0001105mqgzvnbb4,,,,,,
cmijjklxj000hl4045ihzzhtp,,,,,,
cmhpvhtt4000nl804qycixcpm,,,,,,
cmjnc2q8a0025js04nlfp8c3t,,,,,,
cmh47ze050001jo047is87osq,,,,,,
cmh7rftmm000wjl04d0sbkc05,,,,,,
cmld1xgzw0030lb04tww3p8pk,,,,,,
cmh9uwwnf001jji04stxinkb9,,,,,,
cml3uktoj0026js04jl7pbk6h,,,,,,
cmgqs360x000gl40419o5n42i,,,,,,
cmg3u9dah0003ibpt41huhtnk,,,,,,
cmgrkepn80002js0440mvwrdi,,,,,,
cmgvl5pud0029l604p0yo28p0,,,,,,
cml2yf58d0050jm04bnvuazye,,,,,,
cmh3p73560001l104hkttqnrf,,,,,,
cmhzx9moh0009la04384colhe,,,,,,
cmkhycrhe0018l204ssleqqfk,,,,,,
cmgr01f6k000sl704uhvnur2r,,,,,,
cmgrtjh58000ila04zqlujkeu,,,,,,
cmjts35pu000lld047lfhi217,,,,,,
cmjt1plu70001jm043y7mjsd5,,,,,,
cmgqs1pjd0007l404jy2in5yo,,,,,,
cmgp9zo1m000mib04b7uopvef,,,,,,
cmgwuedve0001l204r431insf,,,,,,
cmjypr2nn0002jo04a6vahf2l,,,,,,
cmjd6b0rl003hl4048beo4hf1,,,,,,
cmhfsblvx000hl404mrkjmcwg,,,,,,
cmi713sc60019jv04gaszmfje,,,,,,
cmeqzhu9n002b6kh6gl6ct9ua,,,,,,
cmhqz6dm6004ejr04dd4dlt19,,,,,,
cmhi5l7kc0003jm0452f6vxwm,,,,,,
cmhkoxwgh0015l204q3uh2qt3,,,,,,
cmhmiy6vd000fjy048fujbdbe,,,,,,
cminolni2001zjr047scu8r8v,,,,,,
cmo46blwg005fi704t01tq4ii,,,,,,
cmgqo7ebx0014l404fgil8ztc,,,,,,
cmgvcz5jv0001l404x4ydywgk,,,,,,
cmgusdin60009la04dwuu9yje,,,,,,
cmipb5hd5000bjr04odojt1zp,,,,,,
cmiv333se000blh04ex3ksylg,,,,,,
cmhihk486000xjv049z24wyvd,,,,,,
cmgshvq9e0005i904ecruaq8g,,,,,,
cmiz02o920003l204k9bo6g3o,,,,,,
cmi2jwe4x002gl504w6dyx9j6,,,,,,
cmiupld1i0005gl0439plzakb,,,,,,
cmgqm09ql002al804xepl83vh,,,,,,
cmgvdznim0009l2041277pmle,,,,,,
cmgvkbsgg0029l504rj2dca8s,,,,,,
cmhftmjmd0005ib04ayxcw7m8,,,,,,
cmgucsfej0001l204esgezx3h,,,,,,
cmlfm4hz2003cjy04rxh8wtc7,,,,,,
cmgpccufo0008jv0407uty340,,,,,,
cmkydxxfo001gl8041fbevgls,,,,,,
cmkd3xdqc0040il04ygv2mkrw,,,,,,
cmicqrhpj0003la04wkvsd2w9,,,,,,
cmj4gp6h1000pl804secz62yr,,,,,,
cmh84z2w8008wie04druw5phn,,,,,,
cmgqzrxmb0001le04hcskajdx,,,,,,
cmgu2xlcn002fjo04c5ohfc79,,,,,,
cmjv93e68001qk204au8u2tx1,,,,,,
cmgyaf49l000hi804sndkzgz6,,,,,,
cmkuaap8y000uk004p48kxg17,,,,,,
cmg3u8r6y0039c0irpa3hcew3,,,,,,
cml74udhg0010l804sde9l8gi,,,,,,
cmjypoycu0001kz04v5vnfin2,,,,,,
cmk28nczq0006ic0477i8qys8,,,,,,
cmgshpwam000bk004fqxcfg1y,,,,,,
cmhpvf08w0008l404h8az3r1f,,,,,,
cmgqqn6nx000ol104mwtm8a33,,,,,,
cmgtyiad3002fl2041ysilyn2,,,,,,
cmi229c54000jky04z0yzj3uu,,,,,,
cmh7udesx001cld049y46zit8,,,,,,
cmgsuizvz0001l104e1faplho,,,,,,
cmgr3aktz0011lb04fpqyezsm,,,,,,
cmjezthpq0001k1042xuvsgvc,,,,,,
cmj93wik2000zky04ts9x7gkj,,,,,,
cmhcv3mkg000xl904s9u97eut,,,,,,
cmgpajtat000bky04w3llrgkb,,,,,,
cmh9317ou000zkv04mqs0pp0b,,,,,,
cmjy6tbr5000ul1049s12gbt1,,,,,,
cmj5gaa91000bkv041412gqha,,,,,,
cmhpvgrnw000jl204ee1sdl85,,,,,,
cmicrfars0001jl043i56jq02,,,,,,
cmeqzhonb001n6kh6obxmurgb,,,,,,
cmeqzhfd000056kh64dxayjxz,,,,,,
cmgqo4k990008lb04fkldpyry,,,,,,
cmgsvq9iy0015la04uec8gu4o,,,,,,
cmgqcnqm0001ul4042xomn0ck,,,,,,
cmlimpv91002djv04c4782f57,,,,,,
cmgwukcuk000ll504wan5v3da,,,,,,
cmhkmk3sg000wl204eu2akari,,,,,,
cmh47yqif000pl804xlp5ti90,,,,,,
cml3ugunl0044l704q7gag7az,,,,,,
cmjhdmtbe000nlb04057s0r3k,,,,,,
cmgshou1a000yjj04l98g8yq0,,,,,,
cmgsi9viu0018l104jzjb1uua,,,,,,
cmhzx8nap000hl504a5lrrp19,,,,,,
cmhc4cvmn000rih04u2yvkxeb,,,,,,
cmjdjm4v3001ql504dz190f2d,,,,,,
cmirgd2i60001jp04fpt6i7y0,,,,,,
cmk1e6x2e0002ld04y1kfnxcr,,,,,,
cmkymgdmv000ejm04wzuxm72m,,,,,,
cmj0akj0f000rif0451e7o6jc,,,,,,
cmeqzhkpv000z6kh64fhv7e6j,,,,,,
cmk2te1cc0008kw04slvrkgy7,,,,,,
cmijjmwp80001jx048y7giza1,,,,,,
cml1a1boe000mii047zk0e71i,,,,,,
cmgr95iqp0021ji04p376nf69,,,,,,
cmh870ia70008lb04abth4qf4,,,,,,
cmm5k1t7z00bhjs04u8jiwh6m,,,,,,
cmeqzhl6i00136kh68uqm4vkv,,,,,,
cmgshnukq0011l1049lw5ktk6,,,,,,
cmh81yc2t000pjr0442vc86s4,,,,,,
cmgrj6olb000dlb0448aylax6,,,,,,
cmipb18fl000ykw04xzhst86k,,,,,,
cmgqqob410006ib04v8984xa4,,,,,,
cmlvz1a02003rjm048hnj4q35,,,,,,
cmf4xylig0001frv7jqhiz8aj,,,,,,
cmgqxqz6v0001l804m4jut063,,,,,,
cmi0awhsz0001l604a1vyhbnl,,,,,,
cmgusat1b0005la04ambs6x9n,,,,,,
cmk2vrizs001ijs04zkcct0js,,,,,,
cmhjyosw30001l404vb7kj6kw,,,,,,
cmlfm35pq008rju04v7kjatvb,,,,,,
cmgvl3h5d0009kz04ggzdi1mp,,,,,,
cmgpaipxe000sk004te1xdl9i,,,,,,
cmjnbx88m000sl404v0fg08ep,,,,,,
cmi4sxuvv000nle049t3on4i1,,,,,,
cmhmpa5i80003k0045rt5ghdu,,,,,,
cmj0h2xdk0015l404vg8sgdqt,,,,,,
cmgpf8lx6001zjo04uwmv7u4g,,,,,,
cmgqs0xmc0004le04izqcodlg,,,,,,
cmgsj6nwn000njr041rluf1bj,,,,,,
cmgsup0w70009l804rv0asn2q,,,,,,
cmgwtqcb40007jv04cgcydp1l,,,,,,
cmh3jtm3r000tjl04z7z0vem2,,,,,,
cmlkrgokw004lju04l3sig8eq,,,,,,
cmhi5kjrt0005jo048u3e1cyh,,,,,,
cmjiu3hdj002sl704sk54pa6j,,,,,,
cmgysm0pa0001js049agzta7n,,,,,,
cmh7rd8i7000wkz04xmdjyxue,,,,,,
cmhb4p9wk001jk104jqptv86f,,,,,,
cmjyplfr1004pl404e05qs0lc,,,,,,
cmgt6jres000hle04dq4rm7x1,,,,,,
cmjbvbgzv001rjp04zgq9309i,,,,,,
cmguc89wq0001jj04g74u5b45,,,,,,
cmgsudlsq003njs04fvtknvt4,,,,,,
cmhg7k3c3000nju04j2asbgjo,,,,,,
cmj5g976u000hjs043n94ztm5,,,,,,
cmg285yuf0003l7yqwkazh6tk,,,,,,
cmhzx7ruz0007l50442g8y4un,,,,,,
cmhi88e00000xjx04762se468,,,,,,
cmh47y31p000dl804wa7sc6uw,,,,,,
cmh70ni3d0014k104bwir022g,,,,,,
cmlpykg1g004sl904gbsso709,,,,,,
cmgs0cnn0000qjv04wmc1nq3i,,,,,,
cmhjyk3mh001sla04eol3mtul,,,,,,
cmgsi8p2e001ekz04xeygqve7,,,,,,
cmhqyx2lo0003l704tu6f5w8g,,,,,,
cme01wnyl0011fxokesiucxeu,,,,,,
cmh8504yy003il404fxmd9k2m,,,,,,
cmkpbsnxs0002js049frp4cfx,,,,,,
cmf113m4n0001shyvfcozom50,,,,,,
cmhdm5t0r000hjo04gg16e36c,,,,,,
cmjd57oy6000clb04srdzamw1,,,,,,
cml3uceqa001fl4043z8gjly6,,,,,,
cmgra2drw000dl7041o1i9e9g,,,,,,
cmk72xdxu0012jq04nt9fg1wj,,,,,,
cmgrj4f7v000xl804jn5g0u0y,,,,,,
cmgt77a9r0005jo045fcw5ali,,,,,,
cmhpvg28h000hih04qiy3qiq6,,,,,,
cmgvlxjvr003nld049r6a8o6m,,,,,,
cmeqzhp1f001p6kh6hhns24b6,,,,,,
cmj4gkgo40001if046ksvwqiw,,,,,,
cmjp01yc0003ijr04skpszcjj,,,,,,
cmhphsydh0003l904i9ujs5lq,,,,,,
cmdzx8l90000k10191cj3qbtc,,,,,,
cmlimoxfi004blf04yq16vgom,,,,,,
cmjuioeui0029ky0433s9ydx9,,,,,,
cmgvdxm030001i904kiwr5j32,,,,,,
cmkae6pl2000gld04sclz9v4w,,,,,,
cmjrx8ac90034l404fmw0n8su,,,,,,
cmicqivr70001l204uga6hyzp,,,,,,
cmgsvnba80009js04c76ixnwy,,,,,,
cmjtsb2qw0075jr04zz03o9ty,,,,,,
cmgrti8uc0005jp04532u1eyk,,,,,,
cmlgoytt00001ju04q7fhgrkv,,,,,,
cmmlm7yhl000pkw04u5kw3s7b,,,,,,
cmg28zqqu000712xj3p03mp3j,,,,,,
cmgsu9ll6001rlb044an9gnaj,,,,,,
cmk2ta0nm003qjx049npkea8t,,,,,,
cmgsuav3w002vl5046kjvu0u2,,,,,,
cmhjz648t0001l204mfx4zqor,,,,,,
cmgtyh4d5001sl804r0e8gfrs,,,,,,
cmgqzlvqe0004jm04yyl92jt5,,,,,,
cmh72hwjj001rjv04e4too2i7,,,,,,
cmhftlgrg0003l104s2bktxze,,,,,,
cmh875ek4000jle043wtgr3h4,,,,,,
cmgqn4nb20010l504qwaca5tn,,,,,,
cmgsxxym40004jy04937gll16,,,,,,
cmjwjk1g7000xl504rxvs4o50,,,,,,
cmgus920m0001l504hkpplppc,,,,,,
cmn3jfn5q000si9044qvwu8l8,,,,,,
cmkj0xs4r001el404r9bjvdqo,,,,,,
cmgys5tq10001jp04aezz58fk,,,,,,
cmgvlz3bl001hkw04soefg1vk,,,,,,
cmicipx5o0007jr04x79tlaby,,,,,,
cmhcuuj8t0009js04w2ovojdg,,,,,,
cmh7gcd8n001fl104kiwiiuil,,,,,,
cmgqqq88t000gl404q4jsormd,,,,,,
cmgwu8bpe000dic04hxxdnipu,,,,,,
cmlfm1xxd00htlb04e7sir3lk,,,,,,
cmhi5juud001fli04j8h3vfes,,,,,,
cmgqxn3190001jm04oxr3o5vd,,,,,,
cmiyzz70e001zjz04bzlvwz57,,,,,,
cmj0ac8fk000vla04jegcuvni,,,,,,
cmf55ikz10001hdv91j50ikqf,,,,,,
cmlp7v2eb0065l504gq29jzri,,,,,,
cmgshmsnr0018l104t82bhxnf,,,,,,
cmjnc8axt001djl04txpqygeh,,,,,,
cmgqy3nod0001l4044h89joj4,,,,,,
cmiuf1ww10007l404sx7lwkaz,,,,,,
cmjd56mks0001l104cslfckzs,,,,,,
cmgsu3ch1003bjs04hwi2fg9x,,,,,,
cmgqn3oqq000hl504rb80a1pz,,,,,,
cmhzx6lat0003ji04yc7zu78a,,,,,,
cmgshlxex0002ju0471yeq8fd,,,,,,
cmh8ep1hn003fjy0482vgd73c,,,,,,
cmhmp80t10003jl04w7xc0q6w,,,,,,
cmh7r78u3001gjv04zbza27w9,,,,,,
cmjiu2ciw0026l304sy9mmdxj,,,,,,
cmhcusz20003tlb0478vixlui,,,,,,
cmhkox8g0000xl204q9nhgzw2,,,,,,
cmgsvl29t0021lg047p9bd86s,,,,,,
cmjt1nf6s00b0l7047yc6d5ng,,,,,,
cmgqckofd003rii04icxw07gb,,,,,,
cmhjz48hk0003jl041qi06dwk,,,,,,
cmg28y79b0001z5jkov8we68z,,,,,,
cmiv2xu0u0009js04g1l4cq3k,,,,,,
cmgqlyuwt0007ld04c1y7r5mb,,,,,,
cmhebpq1j0013l504md313cw0,,,,,,
cmj93v7u50021la04kzqmyfec,,,,,,
cmmv7eb2g0068lg04v8kdtnjj,,,,,,
cmj5d3k7w0001l8047v8zx8u9,,,,,,
cmk4j4h5p000ul504895kq816,,,,,,
cmltkqiec000ck40458cy85q8,,,,,,
cmgvjxfcg0009ld042xgg8see,,,,,,
cmgpchjds0014l104s8th5g9n,,,,,,
cmgp6d88a0003ju04bor7jl4f,,,,,,
cmhbjaa4z000vgp04pv16bn2o,,,,,,
cmj4g7g4d000fjf04wrbbrqpp,,,,,,
cmgshk2rf001ajy04rj1x33na,,,,,,
cmdzx8l7m000i1019n5bam54y,,,,,,
cmjwjh37u0048kv04csvyt3yt,,,,,,
cmjypkaf60033l104z1vse1gr,,,,,,
cmh8dnfmz002ljv049zm5x8ec,,,,,,
cmhaoptvy0001l104oculbmlo,,,,,,
cmgus1zxd0001l20417kawf8z,,,,,,
cmijjo7670003l5042vfpbnsu,,,,,,
cmgqonpuo000ajw046mo9pq84,,,,,,
cmgr1bc8f000rld0494arha17,,,,,,
cmiv2wmxd0003lh044tx3ihvk,,,,,,
cmh8z1eod004wjr04t0woqcpq,,,,,,
cmksmole5001zkz04kwyrzl4g,,,,,,
cmgrj3f68000vl8046iy1r9e1,,,,,,
cmhpvdzkb001mjx04bnvmnmn6,,,,,,
cmhjz2glr0003k004wiilztz5,,,,,,
cmk2t26kf002sl504f67wg7o3,,,,,,
cmgqzjvzn0001jr04suzjjzbe,,,,,,
cmf1l859t000u5e2hn4vdwr8t,,,,,,
cmgpf3x1a000qld04vj792x3u,,,,,,
cmgvjwtrf0004lb04k0b8568r,,,,,,
cmh81wgum0008jr04pmqiqd48,,,,,,
cmgsi7s1v0016lb04ccvjtteo,,,,,,
cmiv1k2yu001nla04vcqq0nj8,,,,,,
cmhi5j4q9000xjr04yw5g8nli,,,,,,
cmeqzhkdt000x6kh6eccocb4m,,,,,,
cmicrdt3u0001jx04gqs0cfhg,,,,,,
cmicqps4q0009ky04q6nnk1cr,,,,,,
cmjiu1e7q0001i004ruggbrkw,,,,,,
cmj5g7fwh000dju042v5pkn4p,,,,,,
cmeqzhepw00016kh6toc419kv,,,,,,
cmlut2joh000mkv04vw35s1gr,,,,,,
cmgsi8rn6000ok0041dfr8tfb,,,,,,
cmkpbrd6l0002jp04a45x0dt8,,,,,,
cmh6yst8m000dji04ud3ev24h,,,,,,
cmjezrhhh000kl4046ulv8bse,,,,,,
cmgwtnmeo000ejo046xxfi8mk,,,,,,
cmiv2u96l0001ju046hdyzenl,,,,,,
cmlcil4un003wjp04w28nsytq,,,,,,
cmeqzhsrt00236kh6c4pklklq,,,,,,
cmj8ygq3o000nlj04ku8cdgy8,,,,,,
cmgpah7tr000gla04jom75u6v,,,,,,
cmgtyfipy000el104bqkssyv1,,,,,,
cmjtrwgc3000hjr0418pq655w,,,,,,
cmiuexb6j0001jv04a6ttbpph,,,,,,
cmiz3wkko0005js049pk72lb0,,,,,,
cmhjyid4k0009ju046n0o9bev,,,,,,
cmgt3h7dk0005l80418t6b98z,,,,,,
cmhg7l29e000pl804x3xbmayf,,,,,,
cmgsxus9w0019i604izibe4tn,,,,,,
cmjt1lf140058jm0400ihb8rs,,,,,,
cmheblblg0029i804m2tbqdrb,,,,,,
cmgsvk1wz000vla04a85hbfkq,,,,,,
cmh7r3szk0014kz045decyxvx,,,,,,
cmg28w8br0001k6tqzxw26udm,,,,,,
cmjd3cewn000xkv04z64k09b3,,,,,,
cmeqzhpn5001r6kh6qc05g2or,,,,,,
cmj0h16b9001ll404z1h9g2si,,,,,,
cmg28wv5p0003k6tqpzw2zh7h,,,,,,
cmh873yo8000tl904giyp3xky,,,,,,
cmeqzhq54001t6kh6vm25yuks,,,,,,
cmf4t5sg000015s0vr3vaqru6,,,,,,
cml6r2rkd000nl404a5nhrn1d,,,,,,
cme01wnvt000zfxokd3iahxpe,,,,,,
cmlimnyj5007tl804sso7cztf,,,,,,
cml0czvke0004l104rtgbidwt,,,,,,
cmgr18uy5000ll404oopx6dk2,,,,,,
cmijjpjj4000pjx044sn4iif4,,,,,,
cmicip7pv0003jr04gz42o3da,,,,,,
cmjypjbol003djv04gs7vdmlx,,,,,,
cmj5g5ysy001dky04mx5apbl4,,,,,,
cmgvkmdx3001ll704sjy1r32h,,,,,,
cmh9q52nm0001l504s0td80g0,,,,,,
cmhi5ibbr0011l10411pdqmlt,,,,,,
cmhahie0j0001jl04b7t9yjqk,,,,,,
cmhjz0mu80001jr04p8b7xnbd,,,,,,
cmjiu07wz0033jz04wrblbpod,,,,,,
cmgsi71j4000pjm04el6ffe4x,,,,,,
cmgshiqpw000pkz04aff2m3d3,,,,,,
cmicrcj1b0003ld05w38x4thk,,,,,,
cmgpafw1a000fky04v7kna2f7,,,,,,
cmgvjw53v0005ld0416wwjg5o,,,,,,
cmhw2jg7t000tl804cby901r0,,,,,,
cmjivsdvd007sjz04ekqrk4ng,,,,,,
cmhc41p9n001xju04phv3f7jm,,,,,,
cmgqlxpec0028l804gmikk3oh,,,,,,
cmf1l9ud500165e2h8pd2sqq6,,,,,,
cmi70q7tg000gjr04pi2x1v2u,,,,,,
cmh84t54a004ul404xbe8t2sf,,,,,,
cmhcuqwwd0001la04mtq6z2mj,,,,,,
cmgsxqqvy0002jy04blhzfkgr,,,,,,
cml2nucgu000ul804xfae96te,,,,,,
cmgshhd680012l1040ut6vl8p,,,,,,
cmhpix0z0000pif04vn2u75pl,,,,,,
cmgpewnba000cld04roohfhdn,,,,,,
cmh72cgp7000li6045zb2ndx2,,,,,,
cmgysil7j0001jv04bn7a5qf5,,,,,,
cmgrt9nyw0002la04frkud4sm,,,,,,
cmeqzhvfr002f6kh6wtl4v1y3,,,,,,
cmgp6029e0006l1048h0jl5ck,,,,,,
cmlp81cjd000cjr0459vw44g7,,,,,,
cmjt1jlcq006njv04kyii7hsi,,,,,,
cmgvg4ew0000gla04wiqfudwf,,,,,,
cmg28vb9b0005vj5ayvtz6qak,,,,,,
cmgtye9gj003jl804l96ypr2b,,,,,,
cmlimmpm9002fky04rvfprfrf,,,,,,
cml2ye0bm0049lf042uvhdcm1,,,,,,
cmh872i6y0001jr04rlwg6lzc,,,,,,
cmgsviecl000ql10411ckfjx9,,,,,,
cmhc4bma20011kz04fhyi1hgt,,,,,,
cmh0tnnc4000fjj04874ceu6g,,,,,,
cmgqlww1j001sl804swykvsbz,,,,,,
cmg28u0a20003vj5agkseqs8t,,,,,,
cmgshgkyi000ujy044ateip41,,,,,,
cmlpxjlwa000rl204bivifn33,,,,,,
cmdzx8l64000g101929limsn3,,,,,,
cmicr6sw60007ib04gvff2j2y,,,,,,
cmh7qzo3i0003ky04zujim8x0,,,,,,
cmgvjv67b000gi904lfq87so5,,,,,,
cmi7xnxsg000fjw04jg5nksav,,,,,,
cmgqy6rbo0001l204w23r2soy,,,,,,
cmiyzumby001nl204niut2ge2,,,,,,
cmj0gz19n0013l404kg290ymn,,,,,,
cmgwtz5sm000fk104dhhdtl2u,,,,,,
cmngb5y1m000bl70481h90n90,,,,,,
cmh81uemj002fl104dunzk1ab,,,,,,
cmm09aoio0btolb04iptbenls,,,,,,
cmiduddqw0003l3046yxeockn,,,,,,
cmgr15hmi000nl40440bd28rv,,,,,,
cmgs1hx6v000rlb04li3x5gj1,,,,,,
cmhihilkx000rl20409uw8tw3,,,,,,
cmgqbwn4y000fl504ehi7zsfg,,,,,,
cmh94mca4001fl404brncy5kq,,,,,,
cmjnbsc8o0009kw04kxbt1k1q,,,,,,
cmgqy8r5r000dl404h34bbbxs,,,,,,
cmgqs03lx0005jt042s0f75o2,,,,,,
cmgpadqfb000bk004qgvh7syz,,,,,,
cmgsj09pp000mjl04rrgmjolf,,,,,,
cmgr9ohkr001ol504amlkmx4m,,,,,,
cmjidfs0y0009jv04il1tvzi3,,,,,,
cmlcijdvj001ujj04iml48zb5,,,,,,
cmgyshfp5000kkz0439zm0h8v,,,,,,
cmiciojlh0001jo04l3mwj69e,,,,,,
cmhmp2vfg0009l404qncsr0dm,,,,,,
cmgrj2b41000bjr04wsol4q1o,,,,,,
cmkfg0odd0019jo04oz6g4lsy,,,,,,
cmgp6goet000bju04wj2hdmcb,,,,,,
cmgqlvw410021l804eidwyr86,,,,,,
cmgsxhkmj0001la04ctu8uldn,,,,,,
cmgshfl230005l204o7fyxe6e,,,,,,
cmhjybky90005l104ticj6obf,,,,,,
cmgw01t4w0021l704a1f6sghu,,,,,,
cml744aga002bjv04vamqle6m,,,,,,
cmh7jakfs00axl404nj1ihx0m,,,,,,
cmh73k985000ikz0478sevq7s,,,,,,
cmj8yg3s3000jjv04njvjqeeb,,,,,,
cmgpetlki0017l404uwtoqte9,,,,,,
cmqplcdkd008fjg0bc84ude0w,,,,,,
cmgqybbrt000pl404moxkroga,,,,,,
cmhjyya4n0009l404zjgmnku3,,,,,,
cmgsi9r7h000vl504h7en5hyp,,,,,,
cmjouqadw000gla046jycygcf,,,,,,
cmgsvgqe20005la04cmdlv59i,,,,,,
cmf1l8y40000y5e2hsmjlsmb6,,,,,,
cmh7qygla001dkz045ffawt8o,,,,,,
cmjyggzcz0001l504yottr6ad,,,,,,
cmgrks1ez0001i904wjw8fnol,,,,,,
cmh7qxiq2000rkw04td80cg6r,,,,,,
cmhkve1tv0001l7041z6sze1h,,,,,,
cmleoixv9007hih04qgc6d1ue,,,,,,
cmgqrz97f000cl4045ijqrvep,,,,,,
cmgwtm5dl000ljg042mr9p03y,,,,,,
cmjezpfqo000nla04hgtznwyq,,,,,,
cmicr59me0009jm0487pxeb2k,,,,,,
cmj0gxp0i000nl404s0ztx25f,,,,,,
cmjvslxpk002ol4048e4v5e9r,,,,,,
cmg28qx18000b4i1mz5adg68v,,,,,,
cmgrt01zh0001jp044r5edh2g,,,,,,
cmh8779kf0007l104741ddm79,,,,,,
cmh89qhdk004ijy043wetpbo1,,,,,,
cmjrx70ng0058jj04pujc7fyr,,,,,,
cmhmoy8gy0005l604wbpr8yf4,,,,,,
cmjnhlhpa0081lb043vnvq4xx,,,,,,
cmjrx61zc0015i804998nax1f,,,,,,
cmh72f5p90003jr04z4ugaf96,,,,,,
cmhcunqos0003l7043tz7m0cn,,,,,,
cmg80fc250003l80ngri6o1lg,,,,,,
cmgr12v3s0001jy04k65s59y4,,,,,,
cmg7ycuh70001jl0mpm9enyt2,,,,,,
cmg28rszs0001vj5axqoyazxv,,,,,,
cmgpacbgj0005k004to2hjsfx,,,,,,
cmgqrydq90006ju04lrj5xrn1,,,,,,
cmj5g0att0007jx04gcvgkstw,,,,,,
cmlpmo3tw008vl704wfdbgl88,,,,,,
cmgqyczfd0007kv04uru3jkyi,,,,,,
cmicinpz0000zkz04lwpdkb4q,,,,,,
cmgvdwp3o0003jz04vqp34qvs,,,,,,
cmgtyd36d0019kv040q0i1pgj,,,,,,
cmgqrxilw0002jx046g0vii9y,,,,,,
cmps4rany02kzlb04s9pmd92s,,,,,,
cmgshe8dl000hkz04tqc0upii,,,,,,
cmhjywixn000zi604idr2jizi,,,,,,
cmhkothl00001kz04lupgae61,,,,,,
cmgt3giu00003l804t8fmlpc5,,,,,,
cmgp6loiq0001ju04kp326k0h,,,,,,
cmn0xk2as008al704af45egqz,,,,,,
cmhjy6eq40005jx04jf5uv29a,,,,,,
cmicr39mk0005l704trv0n2t4,,,,,,
cmgr1vjn0001tl404bd96w60y,,,,,,
cmigew6ih0005l704icgqh5yp,,,,,,
cmgwujfut000hl504493utxa7,,,,,,
cmgsvef3z0001js04vah0wr9l,,,,,,
cmf1l8m4w000w5e2hic5uscte,,,,,,
cmgr1ub0l000yl204bimqlrpp,,,,,,
cml6r0f7s001ul104q8t4hfz6,,,,,,
cme01wne2000rfxokry2hw93h,,,,,,
cmlp89fcu000ukw04m2cusj5v,,,,,,
cmf5zwzmo000114i4bqvfuqdf,,,,,,
cmjoupa1f0020l304wz7dqqxf,,,,,,
cmgvjttsd0001ld04usuwgpzv,,,,,,
cmjjjdo81000jjx04ruoitas0,,,,,,
cmgpab2140017js048y488fdr,,,,,,
cmjezn20t004gjs04ytuknbt1,,,,,,
cmh7qwmfr001ljv04s6fer87w,,,,,,
cmhgwdexk0001jo048h7w0h6i,,,,,,
cmh94j8b0000hla045gezx70e,,,,,,
cmlbkq3pe001jl104m4uqcyp6,,,,,,
cmiv7i9ep0003l804dyhr43tn,,,,,,
cmgr975zw000lju04elehdmff,,,,,,
cmgpesku2000wjv04414qv3bd,,,,,,
cmg28qodt00094i1msw9tbvdc,,,,,,
cmh81rvwi003ujs049cgeg794,,,,,,
cmhrs4oqs000rjv04lzqmvqgz,,,,,,
cmh7qv32e000dla0498se6uyq,,,,,,
cmgqojo160001jw04f2sf2p5q,,,,,,
cmgsi5hm0000jk00473s3rr9i,,,,,,
cmeqzhxkv002n6kh6uk4jw83o,,,,,,
cmpq5pw6x0256i604ml0xxvwx,,,,,,
cmgqyexme0005jo048bp9m0py,,,,,,
cmgr109wa000ljp04dvp30a2m,,,,,,
cmgsvctrd000bl104i366pmr7,,,,,,
cmjnbjj3n000cjo04v1s0jjo6,,,,,,
cmicimre90001js04j47mdlh5,,,,,,
cmgvg34k1000djp04gb826722,,,,,,
cmln1mm2q0006kw0428m93abs,,,,,,
cmgr8xwx00001l1044nln5pij,,,,,,
cmf1lbq6l001m5e2h7jin56ll,,,,,,
cmh71lj0z000dl20400e6a1vb,,,,,,
cmgt6qfmr0001ik0422ze40jw,,,,,,
cmh9uu2ah0007l704ga8lxufr,,,,,,
cmgp6pec5000cl904idsgqzb4,,,,,,
cmgqrwrot000cl5042n6z0kpc,,,,,,
cmeqzhqto001v6kh6jo6ra261,,,,,,
cmgt3fwry000ljx04s9l2jsye,,,,,,
cmgr1sz730012jm04q2s97wnr,,,,,,
cmirra2w7000bji0404v7n1fn,,,,,,
cmh8flj8m000hl504vtggift7,,,,,,
cmg80ewby0001l80nwijw4xbx,,,,,,
cmf1ldl4500225e2h7eh8bmir,,,,,,
cmgr8w1vw0001lb046htmejin,,,,,,
cmjjjf26f003ikz04tmplrbm1,,,,,,
cmgvjr81v0009l204fv3evzy6,,,,,,
cmgqygwhe0009l2047xxqgufs,,,,,,
cmgpaa142000hjs041h4jus3t,,,,,,
cmhww0ozd003hjo04wb3cu7zm,,,,,,
cmgr1rfhs0030jp042nn1jstm,,,,,,
cmicr1kfq000dkv0404c8svwv,,,,,,
cmgvdvse4000tl504fjdepsy6,,,,,,
cmlprqm5z005wii04nlgetsxj,,,,,,
cmgvxegat0014i804792wpty1,,,,,,
cmo097skp003ikz04k9hvy9ov,,,,,,
cmh7qo2s70062jv04op74bgnu,,,,,,
cmicilqfz001dl504manibd9f,,,,,,
cmljtelle000xjp04hiepgsng,,,,,,
cmgp6qxn6000ajv04x31bgi51,,,,,,
cmkqzus9q000jla043yqk0t7f,,,,,,
cmh3jbmup001nl404xccbjhr5,,,,,,
cmjtrlm1u000yie045yjrlvaj,,,,,,
cmgqn2m4b000yl504k1zkfhsd,,,,,,
cmgwuicql0001jv04qx5v607w,,,,,,
cmposx83w0277jo04u4b5a960,,,,,,
cmgr1q4kq0001le04smllt577,,,,,,
cmlvt5280000gl404h7s053sz,,,,,,
cme01wnbc000pfxok1ddlqz9x,,,,,,
cmgt3k8uc0001ib04o7t9mnrv,,,,,,
cmh7ylw8l0005if04tmm282ex,,,,,,
cmgpa8pwb0005js04ds7590vn,,,,,,
cmgqrvw6k000al5047wpzc8up,,,,,,
cmjc50br6000nju040e1zw5u9,,,,,,
cmj5fouo20001jr04yjgmdd8o,,,,,,
cmgysgm3u000gkz04eqd10c4n,,,,,,
cmgr0vd370001jp04unl20bc1,,,,,,
cmgriwq3q0001jo04zr8lg56h,,,,,,
cmgsi4fki000nl5041obm8ok2,,,,,,
cmkfrxosw000nl2047kvgkj94,,,,,,
cmf1lbb5c001i5e2hc4l77ael,,,,,,
cmgqrusrr0002l804kpxab7fn,,,,,,
cmgvg2idt000mk304zuy5my41,,,,,,
cmo3wjfid001jjv043lp2qh9r,,,,,,
cmh71jow90004jr0441kq6cgb,,,,,,
cmgqn14ub0003l804plcos9kk,,,,,,
cmgp6sjnt000cld04xksykhz7,,,,,,
cmf5zyyr40001claxlykub89c,,,,,,
cmgqn069j000nld04tzrjch1q,,,,,,
cmgvdurxl0007jo043olcdmzd,,,,,,
cmirr8cpv0009jt048gg18uth,,,,,,
cmgrdsncs0001ju04kvzwe8x6,,,,,,
cmgtybyqq001cl804iqqa6xus,,,,,,
cmlipbcas0022kw0470cl9cx4,,,,,,
cmgr1ofgp000ljv04qxdfegfz,,,,,,
cmhft8cdn001rk104wr6zgwt4,,,,,,
cmgqlux9c000gjp04ej0iq2m2,,,,,,
cme01wn8m000nfxokwrz7uu7t,,,,,,
cmlbkw03r00gvjv049gp66kd9,,,,,,
cmh7qm8ce0003l204yw4blxqn,,,,,,
cmm542jvi00d6l004yx0kpi3t,,,,,,
cmg28m94f00064i1moxvm95aw,,,,,,
cmgr0phfw000pjv04qlfa29dk,,,,,,
cmjs5ao10000bjr04avnvuzij,,,,,,
cmgvfz9ue0001jt047h4whsrq,,,,,,
cmk1nq4g5003ujs045kdi32cu,,,,,,
cmh6lpeqr002dl704z6kdpd5s,,,,,,
cmo3wi114000yjr04hoi6wehh,,,,,,
cmib3cesn0001l704xguehqa7,,,,,,
cmf1lcyrw001y5e2h37p61ea7,,,,,,
cmgwtkbys0001l4040skcc0lw,,,,,,
cmgrdr2j60001l804vh648wq3,,,,,,
cmgpa7ien0008if04hzq6xe5u,,,,,,
cmhrso3370014js049epnfq14,,,,,,
cmirr61zi0001ji04tlu2k7pu,,,,,,
cmj8yfh1u000dl104ahido06s,,,,,,
cmgr1m8ss000tld045ie6sugz,,,,,,
cmgp6v9tt000ll204ds3xrph9,,,,,,
cmgrivfvk000fla0461a93xay,,,,,,
cmicikzco0001i804hkvffoot,,,,,,
cmj5fnbsd0003l404w572w5gj,,,,,,
cmicqyvsf0009kv04g9bzhfnh,,,,,,
cmlbki73b006vl804zwyqc1d4,,,,,,
cmgrlco15000fl404gqwrj3jy,,,,,,
cmlp8ylvg000el504ynx2ez7z,,,,,,
cmgrdo14p000jjx043vkm09gq,,,,,,
cmh99pbf4000pl704857c3fld,,,,,,
cmksq25nr006oky04762ig4ly,,,,,,
cmgvdtp070014k104d72j1t4r,,,,,,
cmh9pwi8t000hjp04le8nlsou,,,,,,
cmgpa3gm70003la04dqnldk86,,,,,,
cmh9af7tc000fjl04qiwhl6q4,,,,,,
cmgr91jvt0005l204o11rd48o,,,,,,
cmf1l9nz400145e2hn72vzt6q,,,,,,
cmgvkitb6001cl604xezjnxp7,,,,,,
cmh7yi3zq004ilg04pk68nq6q,,,,,,
cmeqzhgjj000f6kh67oi6dmtn,,,,,,
cmi70muov0001l5040loga35u,,,,,,
cmgrkqv0e000njr040au501ki,,,,,,
cmgyscz1a000al704ctp7v8mj,,,,,,
cmgrdikf8000xl80482r61pqf,,,,,,
cmf1lci9e001u5e2hoq6326xm,,,,,,
cmlbkjon1009mkz04i5ntco8t,,,,,,
cmgqoge1s000hjo04vkr3rs7c,,,,,,
cmgp6yiui000fic04vn9694ij,,,,,,
cmgrdeukv0001jv04j401hlit,,,,,,
cme01wn5s000lfxokvqne4jwq,,,,,,
cmi50f47c0001i804atplqwr7,,,,,,
cmgr97y5y0003jv04k9b91rme,,,,,,
cmgqlr7ia0003ky0423fau40p,,,,,,
cmgr1kmkf000gjo04db8bf22g,,,,,,
cmicqvti00009l804ks0pxs71,,,,,,
cmirr2sw70007jo04dhxh0ehf,,,,,,
cmhgwlzsu0007jv04qs5q9owz,,,,,,
cmmjmsroe00ikjp048ge6opeo,,,,,,
cmgr9640x000el404quf6crso,,,,,,
cmgqrqvvw0001jt0408kk04ty,,,,,,
cmlbktcui0084l1040abh2wyx,,,,,,
cmi70lt9l0001jo04fm4khk3g,,,,,,
cmgr1it7o000ijv04no3zw1cf,,,,,,
cmjiu65qj002ejz04ssnl3s7k,,,,,,
cmicijmvf0024ib04370wfsw9,,,,,,
cmgysbz7f0009la04r5y23kes,,,,,,
cmh780c600014la045kheveqn,,,,,,
cmgsi3ia10003l204rjek8nr3,,,,,,
cmf1lavby001e5e2hwgfrados,,,,,,
cmgrd2s6b000rky042h8c584m,,,,,,
cmj5fipqk0005l3048d1yto9s,,,,,,
cmh7q83dg001rl5045s9zoe69,,,,,,
cmj5cwghl0003la0498xnwdej,,,,,,
cmjtr8kto0007ie049swwwfdn,,,,,,
cmixrmlfd0001js04dmuznwbf,,,,,,
cmi70k6uu0003jr04nqwmlmjr,,,,,,
cmgp708e00005l504fi5sroaj,,,,,,
cmiuioiqu0005kw04uuox9x7d,,,,,,
cmgqztr5o0007if04m69j8tmy,,,,,,
cmgqlqbj1001sl3042p358qi3,,,,,,
cmgt37ogn0009ic04qxvxvvc1,,,,,,
cmf1lcczq001s5e2hvsluq77w,,,,,,
cme01wn2l000jfxokkk7moe0a,,,,,,
cmgr1h8n30002jv04dzom3ona,,,,,,
cmj5fghur000gjy04c76njqfy,,,,,,
cmgqrpp7z0001l1049c4h03s1,,,,,,
cmlpedf8z008hky04iqwmst5l,,,,,,
cmgrcy0380003l404j02pktuw,,,,,,
cmh7q744e001fju04cgcrtlqh,,,,,,
cmg80c1u00001l20fmlsua62v,,,,,,
cmiciisyt0027jm04ufr3k450,,,,,,
cmgrbjlw50009l804vyfrdzwj,,,,,,
cmgrcwu4o0001l4047ybuyjer,,,,,,
cmpyja81902rol504oc6blzf4,,,,,,
cmgrblxc4000dlg04qwfs9xdf,,,,,,
cmgsi2o3g000hl504ce7mgmjv,,,,,,
cmgrctun4000tjw04djnz24i3,,,,,,
cmgqmv4wb0023l804twkw5h88,,,,,,
cmgysb08o0005la048w6x9ftv,,,,,,
cmgqlp6yv0001ky04sqbjz3ag,,,,,,
cmk1nh76t002vjs04lq0tgams,,,,,,
cmf1lc6m8001q5e2had55dh5o,,,,,,
cme01wmzb000hfxokitzqolat,,,,,,
cmgr1d975000vkz04gjhk82po,,,,,,
cmj5ff9wm0008jy042i91v6ei,,,,,,
cmgrcshax0001kz04eq7okocs,,,,,,
cmi70h6ep000bla04o4qfwu9w,,,,,,
cmeqzhls000176kh6ob5sl82z,,,,,,
cmgr9trx4000hl504n0qy81as,,,,,,
cme01wnq8000vfxokqfb2olrr,,,,,,
cmicihql3001oib047lpcaga3,,,,,,
cmhel6u53000nl504x337imqp,,,,,,
cmhjsw2le001ll604g25rll2e,,,,,,
cmjw1dk1j008ojy04thmtxhvl,,,,,,
cmeqzhtvz00296kh6npuq5bal,,,,,,
cmgrl176h0007l704ft5qj3j6,,,,,,
cmeqzhg2p000b6kh6gx04xosb,,,,,,
cmi70f8me000hjv0470zbji93,,,,,,
cmm6xpslp000nl804ve9fz6y4,,,,,,
cme01wmwj000ffxok9h9s4xpq,,,,,,
cmf1laone001c5e2hh6mvs0yd,,,,,,
cmk1nckug000ni304sa4il4uz,,,,,,
cmh99yrsr0017jv0441n0qiwi,,,,,,
cmjyg0vij001dl704iw3vlfin,,,,,,
cmgqrnh700003le04o8vpmk7o,,,,,,
cmg80b2ck0003jw0lsh48vaem,,,,,,
cmicigrde0001l8042hsoymam,,,,,,
cmgqobptp0001ju0496fgdi4h,,,,,,
cmgys8i0y0001la0427fmijgs,,,,,,
cmhjrhyo7000zky04dej5331g,,,,,,
cmnkm8ibz004dlb045phyo8y0,,,,,,
cmjvfu7og0047l504z15w7r7h,,,,,,
cmo8ux85j00c6jv04454u37ta,,,,,,
cmidtkyw2000jkz0464ksps0u,,,,,,
cmg80aqe90001lj0pr2w6jfub,,,,,,
cme01wmtq000dfxokv9umdx9c,,,,,,
cmh13k2vo000jjr04s5mhsimv,,,,,,
cmgvnfyp60001ld04dpk4tq19,,,,,,
cmf1lbisn001k5e2hvq5x71fp,,,,,,
cmj5cqymb000lks04dgc6i0ie,,,,,,
cmgt3cs2b0006l8048rdjrwy8,,,,,,
cmgp7vahh0007l104gmgtk9as,,,,,,
cmgbroamm0001l40lxzqn2a5x,,,,,,
cmgrkrvz5000ll104u6mzq0s0,,,,,,
cmeqzhggm000d6kh6f3rzj549,,,,,,
cmi70dup30001kz04llduvd00,,,,,,
cmjjfyfeq0022l104cwqwfnka,,,,,,
cmgqmpxiq001vl804pytkpjj1,,,,,,
cmgp7wyi6001ii504ngj5g91u,,,,,,
cmg809tps0001jw0lryy10u9n,,,,,,
cmgr9xsqv0013lb0486muzc72,,,,,,
cmgrkp3bz0001l904cafgl83e,,,,,,
cmi70cg0c000fju04qqn32y59,,,,,,
cmhy0dsft000gjo04o48pafi5,,,,,,
cmlo1mj7i000pky04vvnzy0wn,,,,,,
cme01wmr1000bfxokxhn47rtn,,,,,,
cmh8ktk3c002pju048cc9lmvd,,,,,,
cmgqrf7zy000al104i2t5jr3w,,,,,,
cmgp7yr5g001ml104i288bnua,,,,,,
cme01wmnz0009fxokkicfm6bg,,,,,,
cml8686p10015k104b2ld7vkp,,,,,,
cmiv055nt0007l504v7b7tzr1,,,,,,
cmiaja2cm000bi904z093ijxu,,,,,,
cmh107byy0039l504irrg24vi,,,,,,
cmlo224n70006l704v5td3p8e,,,,,,
cmgrboot70005l804w4ulvjh4,,,,,,
cme01wmkp0007fxoknz5xnh48,,,,,,
cme01wmhx0005fxokd67drmyh,,,,,,
cmkjoz5a6001dl104b3547mcw,,,,,,
cmhi0odtl002hjo04gb139fxv,,,,,,
cmgqmhfja000hk3047j7m4kvy,,,,,,
cmkjoxrwi003rjx04khg4sqo8,,,,,,
cme01wmf20003fxok2avckwpx,,,,,,
cmiaiyav60005i904wlcyfuex,,,,,,
cmgzdmery0009jj04naamfxfi,,,,,,
cmgrbg6oo000dl804q682pvb4,,,,,,
cmhiedihh0003ky04n8ovc4r9,,,,,,
cme01wmc70001fxokyksmagtf,,,,,,
cmeqzhfzn00096kh6w2gxcd9o,,,,,,
cmgqm9kqk002mjx04sbmtotgc,,,,,,
cmpuoxzms00g8j40axxhyxl4k,,,,,,
cmgqm7ky30004ib04qqk6i8et,,,,,,
cmgut9rd50003kz04w3ui24cs,,,,,,
cmjvducdw000el40411nfczsl,,,,,,
cmkjomxq7000wi804i5ctdbc5,,,,,,
cmpxj6lcf035il704lc3g3oe1,,,,,,
cmh3wj27i000qjx04ddrierin,,,,,,
cmkjoke2r0013l804sz7opioj,,,,,,
cmjvdlpj1000zl804lcpx9xx3,,,,,,
cmjuh88200008kz04i08wi5kg,,,,,,
cmj5du8e20001l804h5n9lgzb,,,,,,
cmkjoj7ss0031kz04f1pwaqii,,,,,,
cmjvdivmg0011js04j6gfrufs,,,,,,
cmkjohjdk004ml504foujj9x2,,,,,,
cmjiu0ded0014jv0498juwa3j,,,,,,
cml96c75x000bla04vsulsc7a,,,,,,
cmkjoee7r003lif043n6m18o8,,,,,,
cmeqzhmmj001b6kh6hdlz1sh2,,,,,,
cmjiuc9fc000pjx04tx17mpmf,,,,,,
cmpw6wtvo0070la0493z523cw,,,,,,
cmjvcr1qw0004l804pe0xai87,,,,,,
cmpuo1lss0081j70a94sll94k,,,,,,
cmjvcntqc0008l104982ltrmn,,,,,,
cmpunz8rq003xjd0bc7fy3oe8,,,,,,
cmgtm1dto0001lf04497gdhb0,,,,,,
cmj5djo180001ju04o6509k9p,,,,,,
cmkjobhp40017la0420dsb9mp,,,,,,
cmhie3ka20007jx044lpi3txp,,,,,,
cmnpz06ki001ml1043hka0ab9,,,,,,
