Group_Name,Member_Name_EN
&TEAM,Ej
&TEAM,Fuma
&TEAM,Harua
&TEAM,Jo
&TEAM,Maki
&TEAM,Nicholas
&TEAM,Standard
&TEAM,Taki
&TEAM,Yuma
100%,Hip
100%,New
100%,Normal
100%,Standard
10cm,Acoustic
10cm,Black
10cm,Gray
10cm,Lp
10cm,Solid
10cm,Standard
13Found,Standard
14U,Black
14U,Emerald
14U,Normal
14U,Purple
14U,Red
15&,Standard
1NB,Promo
1TEAM,Make
1TEAM,This
1TYM,All
1TYM,Cassette
1TYM,Fo
1TYM,For
1TYM,Mind
1TYM,Nd
1TYM,Once
1TYM,One
1TYM,Round
1TYM,Third
1TYM,Time
1TYM,Yo
1TYM,Your
1Verse,Standard
257,Nemo
257,Standard
2AM,Album
2AM,Japan
2AM,Jinwoon
2AM,Lp
2AM,Mqs
2AM,Sd
2AM,Standard
2AM,Type
2EYES,Album
2EYES,Promo
2NE1,Album
2NE1,Box
2NE1,Color
2NE1,Lp
2NE1,Mono
2NE1,Promotional
2NE1,Signed
2NE1,Standard
2NE1,Testversion
2NE1,Vol
2PM,Fanclub
2PM,Japan
2PM,Korean
2PM,Standard
2PM,Thailand
2Z,Standard
3YE,Promo
3YE,Standard
4Minute,Malaysia
4Minute,Philippines
4Minute,Standard
4Minute,Taiwan
4Minute,Thailand
4TEN,Mwave
4TEN,Promo
4TEN,Standard
82Major,And
82Major,At
82Major,Be
82Major,Card
82Major,Classic
82Major,Keyring
82Major,Poca
82Major,Red
82Major,Seokjoon
82Major,Seongmo
82Major,Signed
82Major,Silence
82Major,Standard
82Major,Syndrome
82Major,Yellow
87dance,Case
87dance,Colour
87dance,Jewel
87dance,Lp
87dance,Standard
8TURN,Drift
8TURN,Haemin
8TURN,Jaeyun
8TURN,Kyungmin
8TURN,Minho
8TURN,Myungho
8TURN,New
8TURN,Poca
8TURN,Real
8TURN,Rise
8TURN,Seungheon
8TURN,The
8TURN,Turn
8TURN,Uncharted
8TURN,Yoonsung
8TURN,Yungyu
9MUSES,Album
9MUSES,Diary
9MUSES,Identity
9MUSES,Muses
9MUSES,Part
9MUSES,Promo
9MUSES,Signed
9MUSES,Standard
A-JAX,Promo
A.C.E,Album
A.C.E,All
A.C.E,Byeongkwan
A.C.E,Choice
A.C.E,Confusion
A.C.E,Contactus
A.C.E,Day
A.C.E,Daydream
A.C.E,Donghun
A.C.E,Eclipse
A.C.E,For
A.C.E,Found
A.C.E,Hope
A.C.E,In
A.C.E,Kang
A.C.E,Kim
A.C.E,Lee
A.C.E,Look
A.C.E,Lost
A.C.E,Moon
A.C.E,My
A.C.E,Night
A.C.E,Poca
A.C.E,Search
A.C.E,Season
A.C.E,Standard
A.C.E,Stimulus
A.C.E,Sun
A.C.E,The
A.C.E,Truth
A.C.E,Wander
A.C.E,What
A.C.E,Wow
A.C.E,Yuchan
A.De,Standard
A.KOR,Promo
A2O May,Chained
A2O May,Fazed
A2O May,Stoppable
A2O May,Un
AB6IX,Anime
AB6IX,Case
AB6IX,Daehwi
AB6IX,Donghyun
AB6IX,Dongyun
AB6IX,Japan
AB6IX,Jewel
AB6IX,Off
AB6IX,On
AB6IX,Poca
AB6IX,Standard
AB6IX,Woojin
AB6IX,Woong
ADORA,Standard
AEN,Always
AEN,Bomin
AEN,Everywhere
AEN,Haru
AEN,Haruto
AEN,Jewel
AEN,Jiyong
AEN,Junseo
AEN,Kaira
AEN,Kyuhyun
AEN,Next
AEN,To
AEN,You
AEONIT,Poca
AEONIT,Standard
aespa,Aespa
aespa,Burst
aespa,Can
aespa,Capsule
aespa,Culture
aespa,Express
aespa,Family
aespa,Future
aespa,Giselle
aespa,Japan
aespa,Karina
aespa,Kiss
aespa,Lemonade
aespa,Lp
aespa,Ningning
aespa,Promo
aespa,Single
aespa,Smcu
aespa,Smini
aespa,Tell
aespa,The
aespa,Winter
After School,Deluxe
After School,Jungah
After School,Kaeun
After School,Lipstick
After School,Live
After School,Music
After School,Nana
After School,Raina
After School,Standard
After School,Taiwan
After School,Variety
After School,Video
After School,Young
AHOF,Album
AHOF,Chihen
AHOF,Daisuke
AHOF,Group
AHOF,Han
AHOF,Heart
AHOF,Jeongwoo
AHOF,Jewel
AHOF,Jl
AHOF,Juwon
AHOF,Nemo
AHOF,Qr
AHOF,Rush
AHOF,Shuaibo
AHOF,Steven
AHOF,Woongki
Ailee,Coloring
AIMERS,Album
AIMERS,By
AIMERS,Code
AIMERS,Day
AIMERS,Filmed
AIMERS,Nemo
AIMERS,Night
AIMERS,Qr
AIMERS,Scene
AIMERS,Snowball
AIMERS,Soda
AIMERS,Standard
AIMERS,Zero
AKMU,Adolescence
AKMU,Album
AKMU,Anniversary
AKMU,Blue
AKMU,Episode
AKMU,Eros
AKMU,Error
AKMU,Flowering
AKMU,Green
AKMU,Ktbs
AKMU,Lee
AKMU,Letter
AKMU,Love
AKMU,Lp
AKMU,Next
AKMU,Play
AKMU,Promo
AKMU,Purple
AKMU,Red
AKMU,Sailing
AKMU,Standard
AKMU,Variant
AKMU,Yellow
Alice,Black
Alice,Red
Alice,Standard
ALL'N,Standard
ALL(H)OURS,Crumble
ALL(H)OURS,Day
ALL(H)OURS,Eternity
ALL(H)OURS,Impurity
ALL(H)OURS,Infinity
ALL(H)OURS,Light
ALL(H)OURS,Night
ALL(H)OURS,Prism
ALL(H)OURS,Purity
ALL(H)OURS,Ready
ALL(H)OURS,Rumble
ALLDAY PROJECT,Annie
ALLDAY PROJECT,Bag
ALLDAY PROJECT,Bailey
ALLDAY PROJECT,Cartoon
ALLDAY PROJECT,Day
ALLDAY PROJECT,Drawstring
ALLDAY PROJECT,Famous
ALLDAY PROJECT,Fingerless
ALLDAY PROJECT,Gloves
ALLDAY PROJECT,Merch
ALLDAY PROJECT,One
ALLDAY PROJECT,Pack
ALLDAY PROJECT,Photocard
ALLDAY PROJECT,Tarzzan
ALLDAY PROJECT,Wicked
ALLDAY PROJECT,Woochan
ALLDAY PROJECT,Youngseo
ALPHA DRIVE ONE,Alarm
ALPHA DRIVE ONE,Anxin
ALPHA DRIVE ONE,Arno
ALPHA DRIVE ONE,Beast
ALPHA DRIVE ONE,Calendar
ALPHA DRIVE ONE,Case
ALPHA DRIVE ONE,Cementic
ALPHA DRIVE ONE,Coin
ALPHA DRIVE ONE,Fragile
ALPHA DRIVE ONE,Freak
ALPHA DRIVE ONE,Geonwoo
ALPHA DRIVE ONE,Hissing
ALPHA DRIVE ONE,Jewel
ALPHA DRIVE ONE,Junseo
ALPHA DRIVE ONE,Leo
ALPHA DRIVE ONE,Necklace
ALPHA DRIVE ONE,Nest
ALPHA DRIVE ONE,Road
ALPHA DRIVE ONE,Sanghyeon
ALPHA DRIVE ONE,Sangwon
ALPHA DRIVE ONE,Star
ALPHA DRIVE ONE,Xinlong
AM8IC,Case
AM8IC,Files
AM8IC,Tin
AmbiO,Album
AmbiO,Poca
AMPERS&ONE,And
AMPERS&ONE,Are
AMPERS&ONE,Broken
AMPERS&ONE,Equal
AMPERS&ONE,Fancy
AMPERS&ONE,Heart
AMPERS&ONE,Here
AMPERS&ONE,Jiho
AMPERS&ONE,Kamden
AMPERS&ONE,Kick
AMPERS&ONE,Mackiah
AMPERS&ONE,On
AMPERS&ONE,Plus
AMPERS&ONE,Postcard
AMPERS&ONE,Seungmo
AMPERS&ONE,Sheesh
AMPERS&ONE,Siyun
AMPERS&ONE,Smash
AMPERS&ONE,Sour
AMPERS&ONE,Start
AMPERS&ONE,Sweet
AMPERS&ONE,We
AND2BLE,Album
AND2BLE,Break
AND2BLE,Curious
AND2BLE,Gazed
AND2BLE,Poca
AND2BLE,Unnatural
ANS,Makestar
AOA,Chanmi
AOA,Choa
AOA,Cutie
AOA,Hyejeong
AOA,Jimin
AOA,Mina
AOA,Seolhyun
AOA,Sexy
AOA,Standard
AOA,Taiwan
AOA,Type
AOA,Yuna
Apink,Kitty
Apink,Lp
Apink,Namjoo
Apink,Red
Apink,Standard
Apink,Summer
Apink,White
APRIL,Album
APRIL,Calendar
APRIL,Day
APRIL,Fanclub
APRIL,Glitter
APRIL,Night
APRIL,Standard
APRIL,Suit
APRIL,Summer
APRIL,Winter
ARGON,Standard
ARISE,Album
ARISE,Package
ARISE,Smart
ARrC,Alt
ARrC,Black
ARrC,Ctrl
ARrC,Ever
ARrC,Hope
ARrC,Karafuru
ARrC,Kidz
ARrC,Lucky
ARrC,Nu
ARrC,Offbeat
ARrC,Skiid
ARrC,White
ARTBEAT v,Standard
ARTMS,Album
ARTMS,Aura
ARTMS,Choerry
ARTMS,Jinsoul
ARTMS,Kim
ARTMS,Lip
ARTMS,Lp
ARTMS,Music
ARTMS,Objekt
ARTMS,Qr
Asc2nt,Change
Asc2nt,Day
Asc2nt,Night
Asc2nt,Peak
Asc2nt,Plve
Asc2nt,Qr
Asc2nt,Signal
Asc2nt,Standard
Asc2nt,Time
ASH ISLAND,Lp
ASH ISLAND,Standard
ASH ISLAND,Vip
ASTRO,Cha
ASTRO,Eunwoo
ASTRO,External
ASTRO,Form
ASTRO,Internal
ASTRO,Jinjin
ASTRO,Kinho
ASTRO,Kiwee
ASTRO,Mj
ASTRO,Moonbin
ASTRO,Orange
ASTRO,Rocky
ASTRO,Sanha
ASTRO,Standard
ASTRO,Unbound
ASTRO,Undefined
ASTRO,With
ATBO,Daylight
ATBO,Light
ATBO,Mind
ATBO,Monochrome
ATBO,Moonlight
ATBO,Nemo
ATBO,Off
ATBO,Platform
ATBO,Polychrome
ATBO,Premium
ATBO,Progress
ATBO,Rowing
ATBO,Start
ATBO,Take
ATEEZ,Atiny
ATEEZ,Flash
ATEEZ,Fnac
ATEEZ,Hello
ATEEZ,Hongjoong
ATEEZ,Jongho
ATEEZ,Kr
ATEEZ,Meadow
ATEEZ,Mingi
ATEEZ,Price
ATEEZ,San
ATEEZ,Seonghwa
ATEEZ,Standard
ATEEZ,Sunny
ATEEZ,Unit
ATEEZ,Wooyoung
ATEEZ,Yeosang
ATEEZ,Yunho
AtHeart,Case
AtHeart,Jewel
AtHeart,Reveal
AtHeart,Twist
AtHeart,Up
AWU,Kitalbum
AWU,Standard
AxMxP,Between
AxMxP,Essay
AxMxP,Fancy
AxMxP,Loud
AxMxP,Photo
AxMxP,Quite
AxMxP,Route
AxMxP,Waypoint
B.D.U,Ever
B.D.U,Flash
B.D.U,Hunminjaybit
B.D.U,Light
B.I,Asia
B.I,Book
B.I,Card
B.I,Dare
B.I,Die
B.I,Earth
B.I,Fairytale
B.I,For
B.I,Grown
B.I,Letter
B.I,Love
B.I,Lp
B.I,Magic
B.I,Moon
B.I,Pack
B.I,Pop
B.I,Real
B.I,Seaside
B.I,Standard
B.I,Star
B.I,To
B.I,Up
B.I,Us
B.I,Waterfall
B.I,Youth
B.O.Y.,Am
B.O.Y.,Harmony
B.O.Y.,Pm
B.O.Y.,Synergy
B1A4,Black
B1A4,Blue
B1A4,Case
B1A4,Circle
B1A4,Cnu
B1A4,Dreamlike
B1A4,Gongchan
B1A4,Gray
B1A4,Japan
B1A4,Jewel
B1A4,Kiss
B1A4,Repackage
B1A4,Sandeul
B1A4,Square
B1A4,Standard
B1A4,Triangle
Baby DONT Cry,Pink
Baby DONT Cry,Promotional
Baby DONT Cry,Red
Baby DONT Cry,Signed
Baby V.O.X,Cassette
BABYMONSTER,Ahyeon
BABYMONSTER,Album
BABYMONSTER,Asa
BABYMONSTER,Bandana
BABYMONSTER,Binder
BABYMONSTER,Blu
BABYMONSTER,Box
BABYMONSTER,Case
BABYMONSTER,Chiquita
BABYMONSTER,Crimson
BABYMONSTER,Hello
BABYMONSTER,Japan
BABYMONSTER,Jewel
BABYMONSTER,Keyring
BABYMONSTER,Metallic
BABYMONSTER,Monsters
BABYMONSTER,Pharita
BABYMONSTER,Plush
BABYMONSTER,Prism
BABYMONSTER,Ray
BABYMONSTER,Release
BABYMONSTER,Rora
BABYMONSTER,Ruka
BABYMONSTER,Tag
BABYMONSTER,Yg
BADKIZ,Standard
BADVILLAIN,Over
BADVILLAIN,Step
Bae Jinyoung,Md
Bae Jinyoung,Reflect
Bae Jinyoung,Shining
Bae Jinyoung,Standard
BAE173,Desear
BAE173,Else
BAE173,Prism
BAE173,Shadow
BAE173,Single
BAE173,Standard
BAE173,Team
Baek A Yeon,Standard
Baekho,Burning
Baekho,Deluxe
Baekho,Melting
Baekho,Weverse
Bang Yedam,Begin
Bang Yedam,Precious
Bang Yedam,Standard
BANG&JUNG&YOO&MOON,Baby
BANG&JUNG&YOO&MOON,Badge
BANG&JUNG&YOO&MOON,Doll
BANG&JUNG&YOO&MOON,Keke
BANG&JUNG&YOO&MOON,Keyring
BANG&JUNG&YOO&MOON,Mato
BANG&JUNG&YOO&MOON,Mini
BANG&JUNG&YOO&MOON,Squishy
BANG&JUNG&YOO&MOON,Standard
BANG&JUNG&YOO&MOON,Type
BANG&JUNG&YOO&MOON,Ultimate
BANG&JUNG&YOO&MOON,Web
BASTTIE,Normal
BBGIRLS,Platform
BBGIRLS,Plve
BBGIRLS,Poca
BBGIRLS,Pocca
BBGIRLS,Promo
BBGIRLS,Queen
BBGIRLS,Standard
BBGIRLS,Summer
BDC,Contact
BDC,Dreaming
BDC,Element
BDC,Junghwan
BDC,Moon
BDC,Reality
BDC,Seongjun
BDC,Sihun
BDC,Standard
BDC,Universe
BE BOYS,Basketball
BE BOYS,Ground
BE BOYS,In
BE BOYS,Out
BE BOYS,Side
BE:MAX,Standard
Be'O,Box
Be'O,Standard
Berry Good,Standard
BESTie,Standard
BEWAVE,Air
BEWAVE,Kit
BIBI,Album
BIBI,Bad
BIBI,Bamyanggang
BIBI,Bitch
BIBI,Child
BIBI,Eve
BIBI,Lp
BIBI,Nemo
BIBI,Nemoalbum
BIBI,Promo
BIBI,Rush
BIBI,Standard
BIBI,Sugar
Big Mama,Case
Big Mama,Jewel
BIG NAUGHTY,Standard
Big Ocean,Album
Big Ocean,Chanyeon
Big Ocean,Follow
Big Ocean,Jiseok
Big Ocean,Keyring
Big Ocean,Mini
Big Ocean,Pj
Big Ocean,St
Big Ocean,Underwater
BIGBANG,Alive
BIGBANG,Blue
BIGBANG,Dawn
BIGBANG,Deluxe
BIGBANG,Goodbye
BIGBANG,Green
BIGBANG,Japan
BIGBANG,Japanese
BIGBANG,Me
BIGBANG,Monster
BIGBANG,Pink
BIGBANG,Playbutton
BIGBANG,Purple
BIGBANG,Radiance
BIGBANG,Standard
BIGBANG,Tell
BIGFLO,Standard
Billlie,Album
Billlie,Am
Billlie,Anonymous
Billlie,Blue
Billlie,Collective
Billlie,Full
Billlie,Haram
Billlie,Haruna
Billlie,Lux
Billlie,Mane
Billlie,Md
Billlie,Memories
Billlie,Myself
Billlie,Nemo
Billlie,Normal
Billlie,Pm
Billlie,Poca
Billlie,Promotional
Billlie,Quies
Billlie,Sheon
Billlie,Siyoon
Billlie,Soul
Billlie,Standard
Billlie,Tsuki
Billlie,Unconscious
BLACKPINK,Black
BLACKPINK,Case
BLACKPINK,Casette
BLACKPINK,Cassette
BLACKPINK,Digipak
BLACKPINK,Disc
BLACKPINK,Girl
BLACKPINK,Hot
BLACKPINK,Japan
BLACKPINK,Jennie
BLACKPINK,Jewel
BLACKPINK,Jisoo
BLACKPINK,Kr
BLACKPINK,Lisa
BLACKPINK,Live
BLACKPINK,Lp
BLACKPINK,Number
BLACKPINK,One
BLACKPINK,Picture
BLACKPINK,Pink
BLACKPINK,Ros
BLACKPINK,Rosie
BLACKPINK,Silver
BLACKPINK,Single
BLACKPINK,Softpack
BLACKPINK,Standard
BLACKSWAN,Album
BLACKSWAN,Ep
BLACKSWAN,Goodbye
BLACKSWAN,Karma
BLACKSWAN,Nd
BLACKSWAN,Rania
BLACKSWAN,Roll
BLACKSWAN,Single
BLACKSWAN,St
BLACKSWAN,That
BLACKSWAN,Up
BLACKSWAN,Vol
Blady,Standard
Blah Blah,Standard
BlingBling,Standard
BLINGONE,Standard
BLITZERS,Box
BLITZERS,Case
BLITZERS,Dow
BLITZERS,Jewel
BLITZERS,Letter
BLITZERS,Lunch
BLITZERS,Magazine
BLITZERS,Miss
BLITZERS,Nemo
BLITZERS,Normal
BLITZERS,Take
BLITZERS,Type
Block B,Box
Block B,Jap
Block B,Music
Block B,Normal
Block B,Repackage
Block B,Standard
Block B,Story
Block B,Type
Block B,Web
BLOO,Lp
BLOO,Standard
BoA,Case
BoA,Cassette
BoA,Deluxe
BoA,Jewel
BoA,Korean
BoA,Standard
BoA,Taiwan
Bolbbalgan4,Case
Bolbbalgan4,Japan
Bolbbalgan4,Jewel
Bolbbalgan4,Standard
Botopass,Standard
Boy Story,Card
Boy Story,Hanyu
Boy Story,Ne
Boy Story,Pass
Boy Story,Pump
Boy Story,Sunsh
Boy Story,Taiwan
Boy Story,We
Boy Story,Xinlong
Boy Story,Zihao
BOYFRIEND,Book
BOYFRIEND,Photo
BOYFRIEND,Standard
BOYNEXTDOOR,Clink
BOYNEXTDOOR,Frame
BOYNEXTDOOR,Home
BOYNEXTDOOR,Jaehyun
BOYNEXTDOOR,Japan
BOYNEXTDOOR,Leehan
BOYNEXTDOOR,Music
BOYNEXTDOOR,Pocket
BOYNEXTDOOR,Riwoo
BOYNEXTDOOR,Shop
BOYNEXTDOOR,Sticker
BOYNEXTDOOR,Store
BOYNEXTDOOR,Sungho
BOYNEXTDOOR,Taesan
BOYNEXTDOOR,Universal
BOYNEXTDOOR,Weverse
BOYNEXTDOOR,Woonhak
Boys Republic,Standard
Brown Eyed Girls,Album
Brown Eyed Girls,Japan
Brown Eyed Girls,Reissue
Brown Eyed Girls,Repackage
Brown Eyed Girls,Standard
Brown Eyed Girls,Taiwan
BTOB,And
BTOB,Be
BTOB,Blue
BTOB,Book
BTOB,Boom
BTOB,Case
BTOB,Clock
BTOB,End
BTOB,Ever
BTOB,In
BTOB,Jewel
BTOB,Keyring
BTOB,Kiwee
BTOB,Light
BTOB,Love
BTOB,Magazine
BTOB,Photo
BTOB,Side
BTOB,Silver
BTOB,Square
BTOB,Standard
BTOB,Yook
BTS,Alternate
BTS,Black
BTS,Box
BTS,Cassette
BTS,Disc
BTS,Epiphane
BTS,Flexi
BTS,Instrumental
BTS,Korean
BTS,Normal
BTS,Original
BTS,Picture
BTS,Pink
BTS,Red
BTS,Shirt
BTS,Single
BTS,Snowflake
BTS,Standard
BTS,Swim
BTS,White
bugAboo,Standard
Burvey,Kit
Burvey,Platform
Burvey,Standard
BUS,Full
BUS,Light
BUS,Mini
BUS,Morph
BUS,Move
BUS,Ray
BUS,Shine
BUS,Star
BUS,Warm
Busters,Chaeyeon
Busters,Green
Busters,Group
Busters,Hyungseo
Busters,Jisoo
Busters,Minji
Busters,Purple
Busters,Standard
Busters,White
Busters,Yeseo
BXB,Day
BXB,Kit
BXB,Night
BXB,Peak
BXB,Standard
BXB,Time
C-Clown,Normal
C-Clown,Taiwan
C-REAL,Standard
can’t be blue,Blue
can’t be blue,Lp
can’t be blue,Standard
Candy Shop,Hashtag
Candy Shop,Summer
Candy Shop,Vacation
CATCH THE YOUNG,Platform
CATCH THE YOUNG,Standard
Chakra,Case
Chakra,Jewel
Cheeze,Standard
Cherry Bullet,Dazzle
Cherry Bullet,Fascinate
Cherry Bullet,Fashion
Cherry Bullet,House
Cherry Bullet,Runway
CHI CHI,Standard
ChoColat,Standard
Choi Yoojung,Lovely
Choi Yoojung,Platform
Choi Yoojung,Standard
Choi Yoojung,Swag
ChRocktikal,Album
ChRocktikal,Awake
ChRocktikal,Break
ChRocktikal,Lp
ChRocktikal,Qr
ChRocktikal,We
ChRocktikal,You
Chung Ha,Alivio
Chung Ha,Bare
Chung Ha,Blooming
Chung Ha,Blue
Chung Ha,Flourishing
Chung Ha,Hands
Chung Ha,Killing
Chung Ha,Lp
Chung Ha,Me
Chung Ha,Off
Chung Ha,On
Chung Ha,Play
Chung Ha,Pt
Chung Ha,Querencia
Chung Ha,Rare
Chung Ha,Xii
Chuu,Album
Chuu,Blue
Chuu,Cyber
Chuu,Ever
Chuu,Gray
Chuu,Heart
Chuu,Love
Chuu,Lp
Chuu,Music
Chuu,Rush
Chuu,Stayg
Chuu,Strawberry
Chuu,Tiny
Chuu,Wave
Chuu,Wind
Chuu,Xo
cignature,Answer
cignature,Early
cignature,Jupiter
cignature,Late
cignature,Question
cignature,Saltie
cignature,Saturn
cignature,Standard
cignature,Summer
cignature,Sweetie
Ciipher,Dash
Ciipher,Dot
Ciipher,Standard
CIX,Bx
CIX,Cimall
CIX,Cix
CIX,Dream
CIX,Fix
CIX,Hello
CIX,Hyunsuk
CIX,Jewel
CIX,Jinyoung
CIX,Keyring
CIX,Musikon
CIX,Seunghun
CIX,Standard
CIX,Strange
CIX,Yonghee
CLASSy,Album
CLASSy,Meta
CLASSy,Platform
CLASSy,Standard
CLC,Standard
CLC,Type
CLOSE YOUR EYES,Album
CLOSE YOUR EYES,Board
CLOSE YOUR EYES,Card
CLOSE YOUR EYES,Close
CLOSE YOUR EYES,Clting
CLOSE YOUR EYES,Eyes
CLOSE YOUR EYES,Ghost
CLOSE YOUR EYES,Id
CLOSE YOUR EYES,Jang
CLOSE YOUR EYES,Jeon
CLOSE YOUR EYES,Jewel
CLOSE YOUR EYES,Jingxiang
CLOSE YOUR EYES,Kenshin
CLOSE YOUR EYES,Kim
CLOSE YOUR EYES,Kyungbae
CLOSE YOUR EYES,Ma
CLOSE YOUR EYES,Minwook
CLOSE YOUR EYES,Poca
CLOSE YOUR EYES,Seo
CLOSE YOUR EYES,Seungho
CLOSE YOUR EYES,Song
CLOSE YOUR EYES,Sungmin
CLOSE YOUR EYES,Yeojun
CLOSE YOUR EYES,Your
CMDM,Standard
CNBLUE,Alive
CNBLUE,Among
CNBLUE,Bandana
CNBLUE,City
CNBLUE,Dead
CNBLUE,Eternal
CNBLUE,Memory
CNBLUE,Nemo
CNBLUE,Over
CNBLUE,Postcard
CNBLUE,Sleeve
CNBLUE,Standard
Co-ed School,Standard
CocoSori,Standard
CocoSori,Type
CORTIS,Acai
CORTIS,Ball
CORTIS,Balm
CORTIS,Blue
CORTIS,Bowl
CORTIS,Bridge
CORTIS,Cortis
CORTIS,Dice
CORTIS,Lip
CORTIS,Lips
CORTIS,Panorama
CORTIS,Portrait
CORTIS,Redred
CORTIS,Scene
CORTIS,Singing
CORTIS,Standard
CORTIS,Street
CORTIS,Studio
CORTIS,Tnt
CORTIS,Weverse
Cosmosy,Awakening
Cosmosy,Babydon
Cosmosy,Bag
Cosmosy,Breakingthelove
Cosmosy,Cosmosy
Cosmosy,De
Cosmosy,Hana
Cosmosy,High
Cosmosy,Himesha
Cosmosy,Idol
Cosmosy,Incense
Cosmosy,Jewel
Cosmosy,Kami
Cosmosy,Kamion
Cosmosy,Kiss
Cosmosy,Kit
Cosmosy,Love
Cosmosy,Lp
Cosmosy,Lucky
Cosmosy,Mei
Cosmosy,Mini
Cosmosy,Nemo
Cosmosy,One
Cosmosy,Princess
Cosmosy,Ring
Cosmosy,Student
Cosmosy,Tcry
Cosmosy,Yokai
Cosmosy,Zigy
CRAVITY,Allen
CRAVITY,Hyeongjun
CRAVITY,Jungmo
CRAVITY,Md
CRAVITY,Minhee
CRAVITY,Online
CRAVITY,Seongmin
CRAVITY,Serim
CRAVITY,Standard
CRAVITY,Store
CRAVITY,Taeyoung
CRAVITY,Victor
CRAVITY,Wonjin
CRAVITY,Woobin
Craxy,Chaey
Craxy,Crazy
Craxy,Dance
Craxy,Gaia
Craxy,God
Craxy,Hyejin
Craxy,Karin
Craxy,Nemo
Craxy,Nugudom
Craxy,Re
Craxy,Requiem
Craxy,Sns
Craxy,Swan
Craxy,Undercover
Craxy,With
Craxy,Wooah
Craxy,Xx
Crayon Pop,Case
Crayon Pop,Jewel
Crayon Pop,Promo
Crayon Pop,Standard
Cross Gene,Black
Cross Gene,Casper
Cross Gene,Japan
Cross Gene,Sangmin
Cross Gene,Seyoung
Cross Gene,Shin
Cross Gene,Standard
Cross Gene,Taiwan
Cross Gene,Takuya
Cross Gene,White
Cross Gene,Yongseok
Crush,Lp
Crush,Standard
CSR,Anne
CSR,Nineteen
CSR,Standard
Cutie Street,Anipoke
Cutie Street,Cutie
Cutie Street,Kyuusto
Cutie Street,Normal
Cutie Street,Standard
Cutie Street,Street
D-CRUNCH,Standard
D.Holic,Standard
D1CE,Black
D1CE,Standard
D1CE,White
DAILY:DIRECTION,Express
DAILY:DIRECTION,Gacha
DAILY:DIRECTION,Letter
DAILY:DIRECTION,Newspaper
Dal★Shabet,Album
Dal★Shabet,Case
Dal★Shabet,Jewel
Dal★Shabet,Promo
Dal★Shabet,Standard
Davichi,Standard
DAY6,Aid
DAY6,Album
DAY6,Band
DAY6,Beyond
DAY6,Black
DAY6,Book
DAY6,Deluxe
DAY6,Dowoon
DAY6,Fans
DAY6,Green
DAY6,Grounded
DAY6,In
DAY6,Jae
DAY6,Keyring
DAY6,Monochrome
DAY6,Nemo
DAY6,Package
DAY6,Pale
DAY6,Platform
DAY6,Postcard
DAY6,Pouch
DAY6,Standard
DAY6,Sungjin
DAY6,Under
DAY6,Wallet
DAY6,Wonpil
DAY6,Youngk
Daychild,Focus
Daychild,Kit
Daychild,Memory
DEAN,Standard
DearAlice,Blaise
DearAlice,Cassette
DearAlice,Dexter
DearAlice,Mini
DearAlice,Nfc
DearAlice,Olly
DearAlice,Reese
DeVita,Standard
DIA,Ade
DIA,Bchcs
DIA,Blue
DIA,Ending
DIA,Evening
DIA,Flower
DIA,Good
DIA,Happy
DIA,Morning
DIA,Newtro
DIA,Night
DIA,Normal
DIA,Pink
DIA,Season
DIA,Summer
DIGNITY,Mood
DIGNITY,Vibe
DKB,Day
DKB,Doubt
DKB,Ever
DKB,Evermusic
DKB,Go
DKB,High
DKB,Mischief
DKB,Night
DKB,Ride
DKB,Standard
DKB,Team
DKB,Top
DKB,Urban
DKZ,Acoustic
DKZ,Album
DKZ,Earth
DKZ,Ever
DKZ,Fascinate
DKZ,Fascinated
DKZ,Fear
DKZ,Fearless
DKZ,Illusion
DKZ,Immature
DKZ,Lp
DKZ,Mmature
DKZ,Off
DKZ,On
DKZ,Platform
DKZ,Promo
DKZ,Reality
DKZ,Standard
DKZ,Venus
DMTN,Standard
Double 0ne,Bae
Double 0ne,Boys
Double 0ne,Double
Double 0ne,Fantasy
Double 0ne,Ne
DPR,Case
DPR,Jewel
DPR,Lp
DPR,Standard
Dragon Pony,Black
Dragon Pony,Jewel
Dragon Pony,Nemo
Dragon Pony,Red
Dragon Pony,Standard
Dreamcatcher,After
Dreamcatcher,Album
Dreamcatcher,Before
Dreamcatcher,Compact
Dreamcatcher,Dami
Dreamcatcher,Gahyun
Dreamcatcher,Handong
Dreamcatcher,Japanese
Dreamcatcher,Jiu
Dreamcatcher,Kihno
Dreamcatcher,Md
Dreamcatcher,Poca
Dreamcatcher,Promo
Dreamcatcher,Siyeon
Dreamcatcher,Sua
Dreamcatcher,Yoohyeon
Dreamcatcher,Your
Dreamcatcher,Youth
DreamNote,Blue
DreamNote,Lemon
DreamNote,Standard
DRIPPIN,Dark
DRIPPIN,Dx
DRIPPIN,Ever
DRIPPIN,Platform
DRIPPIN,Qr
DRIPPIN,Red
DRIPPIN,Sweet
DRIPPIN,Weekend
DXMON,Blaze
DXMON,Dazzle
DXMON,Eleven
DXMON,Nine
DXMON,Pocaalbum
DXTEEN,Flash
DXTEEN,Price
DXTEEN,Standard
Dynamic Duo,Standard
E’LAST,Album
E’LAST,Day
E’LAST,Dream
E’LAST,Eternity
E’LAST,Gray
E’LAST,Infinity
E’LAST,Inside
E’LAST,Navy
E’LAST,Outside
E’LAST,Paer
E’LAST,Red
E’LAST,Smart
E’LAST,Standard
E’LAST,White
Eddy Kim,Standard
EL7Z UP,Plve
EL7Z UP,Puzzle
EL7Z UP,Queen
EMOTI:M,Casual
EMOTI:M,School
ENHYPEN,Barnes
ENHYPEN,Engene
ENHYPEN,Indie
ENHYPEN,Jake
ENHYPEN,Japanese
ENHYPEN,Jay
ENHYPEN,Jungwon
ENHYPEN,Keyring
ENHYPEN,Ki
ENHYPEN,Ni
ENHYPEN,Noble
ENHYPEN,Sunghoon
ENHYPEN,Sunoo
ENHYPEN,Target
ENHYPEN,Voice
ENHYPEN,Weverse
EPEX,Ayden
EPEX,Baekseung
EPEX,Ever
EPEX,Fifth
EPEX,Fourth
EPEX,Jeff
EPEX,Keum
EPEX,Keyring
EPEX,Min
EPEX,Mu
EPEX,Piece
EPEX,Second
EPEX,Sixth
EPEX,Standard
EPEX,The
EPEX,Third
EPEX,Wish
EPEX,Yewang
Epik High,Case
Epik High,Cassette
Epik High,Instrumentals
Epik High,Jewel
Epik High,Lp
Epik High,Promotional
Epik High,Standard
Epik High,Taiwan
Eric Nam,Lp
Eric Nam,Standard
EVERGLOW,Biker
EVERGLOW,Dark
EVERGLOW,Galaxy
EVERGLOW,Heart
EVERGLOW,Kit
EVERGLOW,Last
EVERGLOW,Melody
EVERGLOW,Memoir
EVERGLOW,Pulse
EVERGLOW,Savage
EVERGLOW,Standard
EVNNE,Album
EVNNE,Card
EVNNE,Cassette
EVNNE,Cheeky
EVNNE,Cm
EVNNE,Hanbin
EVNNE,Jeonghyeon
EVNNE,Ji
EVNNE,Jihoo
EVNNE,Junghyun
EVNNE,Keita
EVNNE,Lee
EVNNE,Mellow
EVNNE,Mun
EVNNE,Park
EVNNE,Poca
EVNNE,Seungeon
EVNNE,Tape
EVNNE,Yoo
EVNNE,Yunseo
EvoL,Standard
EXID,Album
EXID,Normal
EXID,Promo
EXID,Standard
EXO,Album
EXO,Box
EXO,Case
EXO,Chinese
EXO,Color
EXO,Crown
EXO,Deluxe
EXO,Fade
EXO,Flawed
EXO,Jewel
EXO,Kassette
EXO,Korean
EXO,Lp
EXO,Nfc
EXO,Ost
EXO,Picture
EXO,Player
EXO,Premium
EXO,Project
EXO,Standard
EXO,Tao
EXO,Us
F-ve Dolls,Standard
F.T. Island,Au
F.T. Island,False
F.T. Island,Long
F.T. Island,Revoir
F.T. Island,So
F.T. Island,Standard
F.T. Island,Truth
f(x),Amber
f(x),Case
f(x),Jewel
f(x),Kinho
f(x),Kit
f(x),Krystal
f(x),Luna
f(x),Orange
f(x),Photobobook
f(x),Standard
f(x),Victoria
f(x),White
FANATICS,Standard
FANTASY BOYS,Bright
FANTASY BOYS,Eclipse
FANTASY BOYS,Fanclub
FANTASY BOYS,Get
FANTASY BOYS,Glare
FANTASY BOYS,It
FANTASY BOYS,On
FANTASY BOYS,Potential
FANTASY BOYS,Refreshing
FANTASY BOYS,Standard
FANTASY BOYS,Type
FAVORITE,Standard
Feverse,Platform
FIESTAR,Album
FIESTAR,Promo
FIESTAR,Standard
FIFTY FIFTY,Amazon
FIFTY FIFTY,Barnes
FIFTY FIFTY,Black
FIFTY FIFTY,Day
FIFTY FIFTY,Dressy
FIFTY FIFTY,Ever
FIFTY FIFTY,Love
FIFTY FIFTY,Me
FIFTY FIFTY,Messy
FIFTY FIFTY,Nerd
FIFTY FIFTY,Night
FIFTY FIFTY,Noble
FIFTY FIFTY,Orange
FIFTY FIFTY,Pink
FIFTY FIFTY,Standard
FIFTY FIFTY,Target
FIFTY FIFTY,Tune
FIFTY FIFTY,Walmart
FIFTY FIFTY,Warner
FIFTY FIFTY,We
Fin.K.L,Casette
Fin.K.L,Cassette
Fin.K.L,China
Fin.K.L,Promo
Fin.K.L,Standard
Fin.K.L,Taiwan
FLARE U,Crayon
FLARE U,Diary
FLARE U,Dream
FLARE U,Fancy
FLARE U,Kit
FLARE U,Qr
FLARE U,Stationery
FLARE U,Sweet
FlaShe,Album
FlaShe,Promo
For The More,Air
For The More,Flare
For The More,Kit
For The More,Shadow
Forestella,Bloom
Forestella,Book
Forestella,Borders
Forestella,Docent
Forestella,Jewel
Forestella,Of
Forestella,Sunlight
Forestella,The
Forestella,Utopia
From20,Normal
fromis_9,Blue
fromis_9,Case
fromis_9,Chaeyoung
fromis_9,Compact
fromis_9,Dream
fromis_9,Factory
fromis_9,Fruit
fromis_9,Fun
fromis_9,Glow
fromis_9,Green
fromis_9,Hayoung
fromis_9,Jewel
fromis_9,Jiheon
fromis_9,Jiwon
fromis_9,Kihno
fromis_9,Kit
fromis_9,Memory
fromis_9,Nagyung
fromis_9,Notyet
fromis_9,Pink
fromis_9,Sparkling
fromis_9,Vitamin
fromis_9,Weverse
G-Dragon,Black
G-Dragon,Blue
G-Dragon,Bronze
G-Dragon,Collection
G-Dragon,Cut
G-Dragon,Die
G-Dragon,Dragon
G-Dragon,Eco
G-Dragon,Gold
G-Dragon,Green
G-Dragon,Japanese
G-Dragon,Jewel
G-Dragon,Ji
G-Dragon,Kind
G-Dragon,Kwon
G-Dragon,Mini
G-Dragon,Mirrorboard
G-Dragon,Mix
G-Dragon,Nemo
G-Dragon,Nfc
G-Dragon,Of
G-Dragon,One
G-Dragon,Orange
G-Dragon,Pink
G-Dragon,Purple
G-Dragon,Rainbow
G-Dragon,Red
G-Dragon,Reissue
G-Dragon,Standard
G-Dragon,Usb
G-Dragon,White
G-Dragon,Yellow
G-Dragon,Yong
G-reyish,Bravo
G-reyish,My
G-reyish,Standard
G-reyish,Trip
g.o.d,Case
g.o.d,Jewel
g.o.d,Korea
g.o.d,Stardard
Gain,Standard
Gavy NJ,Standard
Geenius,Qr
GENBLUE,Ever
GENBLUE,Poca
GENBLUE,Standard
GFRIEND,Bead
GFRIEND,Girl
GFRIEND,Glass
GFRIEND,Kihno
GFRIEND,King
GFRIEND,My
GFRIEND,Room
GFRIEND,Shop
GFRIEND,Type
GFRIEND,Web
GHOST9,Are
GHOST9,Black
GHOST9,In
GHOST9,Love
GHOST9,Mystery
GHOST9,Now
GHOST9,Standard
GHOST9,Twilight
GHOST9,We
GHOST9,When
GHOST9,Yellow
Girl's Day,Group
Girl's Day,Hyeri
Girl's Day,Kit
Girl's Day,Minah
Girl's Day,Sojin
Girl's Day,Standard
Girl's Day,Type
Girl's Day,Yura
Girls' Generation,Blu
Girls' Generation,Book
Girls' Generation,Capsule
Girls' Generation,Culture
Girls' Generation,Family
Girls' Generation,Future
Girls' Generation,Generation
Girls' Generation,Gg
Girls' Generation,Girls
Girls' Generation,Hyoyeon
Girls' Generation,Japanese
Girls' Generation,Kit
Girls' Generation,Lp
Girls' Generation,Oh
Girls' Generation,Promo
Girls' Generation,Ray
Girls' Generation,Sooyoung
Girls' Generation,Standard
Girls' Generation,Style
Girls' Generation,Taeyeon
Girls' Generation,Taiwan
Girls' Generation,The
Girls' Generation,Time
GIRLSET,Acapella
GIRLSET,Bae
GIRLSET,Blush
GIRLSET,Camila
GIRLSET,En
GIRLSET,Espa
GIRLSET,Groupchat
GIRLSET,Instrumental
GIRLSET,Kendall
GIRLSET,Lexi
GIRLSET,Little
GIRLSET,Misdemeanor
GIRLSET,Miss
GIRLSET,Offline
GIRLSET,Ol
GIRLSET,Online
GIRLSET,Outfitters
GIRLSET,Piano
GIRLSET,Remix
GIRLSET,Remixes
GIRLSET,Savanna
GIRLSET,Tweak
GIRLSET,Urban
GIRLSET,Yung
GLAM,Album
GLAM,Party
GLAM,Single
GLAM,St
GLAM,Xxo
Golden Child,Compact
Golden Child,Connect
Golden Child,Standard
Golden Child,Youth
GOOD DAY,Normal
GOT the beat,Beat
GOT the beat,Boa
GOT the beat,Hyoyeon
GOT the beat,Karina
GOT the beat,Seulgi
GOT the beat,Smini
GOT the beat,Stamp
GOT the beat,Taeyeon
GOT the beat,Wendy
GOT the beat,Winter
GOT7,Chapter
GOT7,Orange
GOT7,Pink
GOT7,Quartz
GOT7,Rose
GOT7,Serenity
GOT7,Standard
GOT7,Taiwan
GOT7,Taiwanese
GOT7,Target
GOT7,Thailand
GRAY,Standard
gugudan,Kihno
gugudan,Standard
GWSN,Platform
Gyubin,Standard
H.O.T.,Cassette
H.O.T.,Kit
H.O.T.,Standard
H.O.T.,Stayg
H//PE PRINCESS,Standard
H1-KEY,Dear
H1-KEY,Dreaming
H1-KEY,From
H1-KEY,Lie
H1-KEY,Memories
H1-KEY,Moment
H1-KEY,Poca
H1-KEY,Seoul
H1-KEY,True
Ha Sung Woon,Bitter
Ha Sung Woon,Black
Ha Sung Woon,Breeze
Ha Sung Woon,Daily
Ha Sung Woon,Daze
Ha Sung Woon,Dream
Ha Sung Woon,Easy
Ha Sung Woon,Film
Ha Sung Woon,Ground
Ha Sung Woon,Heaven
Ha Sung Woon,Lost
Ha Sung Woon,Pack
Ha Sung Woon,Standard
Ha Sung Woon,Stranger
Ha Sung Woon,Sweet
Ha Sung Woon,White
HANRORO,August
HANRORO,Standard
Hashtag,Normal
HAWW,Album
HAWW,Full
HAWW,Nemo
HEART OF WOMAN,Blue
HEART OF WOMAN,Brown
HEART OF WOMAN,Concept
HEART OF WOMAN,Copies
HEART OF WOMAN,Dream
HEART OF WOMAN,Era
HEART OF WOMAN,Golden
HEART OF WOMAN,One
HEART OF WOMAN,Profile
Hearts2Hearts,Ana
Hearts2Hearts,Beach
Hearts2Hearts,Carmen
Hearts2Hearts,Case
Hearts2Hearts,Heart
Hearts2Hearts,Ian
Hearts2Hearts,Japan
Hearts2Hearts,Jewel
Hearts2Hearts,Jiwoo
Hearts2Hearts,Juun
Hearts2Hearts,Keyring
Hearts2Hearts,Kit
Hearts2Hearts,Lemon
Hearts2Hearts,Locket
Hearts2Hearts,Music
Hearts2Hearts,Rulebook
Hearts2Hearts,Smini
Hearts2Hearts,Stella
Hearts2Hearts,Sticker
Hearts2Hearts,Store
Hearts2Hearts,Summer
Hearts2Hearts,Sun
Hearts2Hearts,Ums
Hearts2Hearts,Universal
Hearts2Hearts,Yeon
Hearts2Hearts,Yuha
Hebi,Basic
Hebi,Crayon
Hebi,Diary
Hebi,Eclipse
Hebi,Pack
Hebi,Poca
Heize,Case
Heize,Standard
Heize,Tin
Hello Venus,Standard
Hi-Fi Un!corn,Korean
Hi-L,Standard
HIGHLIGHT,Box
HIGHLIGHT,Case
HIGHLIGHT,Dark
HIGHLIGHT,Gold
HIGHLIGHT,Jewel
HIGHLIGHT,Milk
HIGHLIGHT,Platform
HIGHLIGHT,Real
HIGHLIGHT,Standard
HIGHLIGHT,Surreal
HIGHLIGHT,Taiwan
HIGHLIGHT,White
HISTORY,Heart
HISTORY,Kyungil
HISTORY,Spade
HISTORY,Standard
HITGS,Am
HITGS,Are
HITGS,Ever
HITGS,Hello
HITGS,Hi
HITGS,Poca
HITGS,You
Holland,Standard
Honey Popcorn,Standard
Hoppipolla,Cherry
Hoppipolla,Flower
Hoppipolla,Fruit
Hoppipolla,Gold
Hoppipolla,Red
Hoppipolla,Standard
Hot Issue,Standard
HOTSHOT,Standard
hrtz.wav,Hrtz
hrtz.wav,Slogan
hrtz.wav,Wav
Huh Jiwon,Kit
Hwang Chiyeul,Diary
Hwang Chiyeul,Normal
Hwang Chiyeul,Standard
Hwang Minhyun,Album
Hwang Minhyun,Broken
Hwang Minhyun,Deluxe
Hwang Minhyun,Hidden
Hwang Minhyun,Weverse
HWISOO,Promo
HyunA,Commemorative
HyunA,Indonesia
HyunA,Korea
HyunA,South
HyunA,Standard
HyunA,Taiwan
HyunA&DAWN,Standard
Hyunjun Hur,Poca
I (Cha Yoonji),Standard
i-dle,Album
i-dle,Crow
i-dle,Dat
i-dle,Gimme
i-dle,Love
i-dle,Minnie
i-dle,Miyeon
i-dle,Mono
i-dle,Poca
i-dle,Shuhua
i-dle,Soyeon
i-dle,Target
i-dle,Yuqi
I:MOND,Standard
I.MET.U,Order
I.MET.U,Platform
I.MET.U,Pre
I.O.I,Man
I.O.I,Me
I.O.I,Miss
I.O.I,Normal
I.O.I,Standard
I.O.I,Whatta
ICHILLIN’,Album
ICHILLIN’,Main
ICHILLIN’,Poca
ICHILLIN’,Promo
ICHILLIN’,Signed
ICHILLIN’,Standard
IDID,After
IDID,Camp
IDID,Did
IDID,Dodo
IDID,Ice
IDID,It
IDID,Sunset
IDID,Yesterday
idntt,Album
idntt,Boy
idntt,Chrome
idntt,Heart
idntt,Home
idntt,Hurt
idntt,Keycap
idntt,Lit
idntt,Me
idntt,Music
idntt,Objekt
idntt,Silicone
idntt,Street
idntt,Wappen
idntt,We
ifeye,Album
ifeye,Case
ifeye,Daisy
ifeye,Group
ifeye,Hazy
ifeye,Hwayeon
ifeye,Jewel
ifeye,Nemo
ifeye,Platform
ifeye,Sweet
ifeye,Taerin
ifeye,Tang
ifeye,Winner
ifeye,Won
iii,Standard
iKON,Blu
iKON,Card
iKON,Cart
iKON,Complete
iKON,Deluxe
iKON,Disk
iKON,Drive
iKON,Fan
iKON,Green
iKON,Idrive
iKON,Ikon
iKON,Ikontact
iKON,Japan
iKON,Jay
iKON,Meeting
iKON,Music
iKON,Playbutton
iKON,Ray
iKON,Red
iKON,Standard
iKON,Venue
iKON,Versions
ILLIT,Albums
ILLIT,Bears
ILLIT,Care
ILLIT,Ceramic
ILLIT,Collab
ILLIT,Free
ILLIT,Fruits
ILLIT,Grwm
ILLIT,Gua
ILLIT,Illit
ILLIT,Iroha
ILLIT,It
ILLIT,Me
ILLIT,Minju
ILLIT,Moka
ILLIT,Net
ILLIT,Objet
ILLIT,Paw
ILLIT,Rider
ILLIT,Seven
ILLIT,Sha
ILLIT,Shopping
ILLIT,Standard
ILLIT,Unit
ILLIT,Weverse
ILLIT,Wonhee
ILLIT,Yunah
ILY:1,Illang
ILY:1,Nemo
ILY:1,Ocean
ILY:1,Standard
IN A MINUTE,Bgm
IN A MINUTE,How
IN A MINUTE,Love
INFINITE,Art
INFINITE,Asteroid
INFINITE,Night
INFINITE,Normal
INFINITE,Platform
INFINITE,Pop
INFINITE,Sungjong
INFINITE,Sungkyu
INFINITE,Type
INI,All
INI,Along
INI,Ascending
INI,Blue
INI,City
INI,Fc
INI,For
INI,In
INI,Landing
INI,Lights
INI,Match
INI,Of
INI,One
INI,Red
INI,Side
INI,Sing
INI,Standard
INI,Team
INI,Winning
IRISÉ,Album
IRISÉ,Stayg
IRRIS,Standard
IS:SUE,Club
IS:SUE,Fan
IS:SUE,Fanclub
IS:SUE,Music
IS:SUE,Nano
IS:SUE,Normal
IS:SUE,Rin
IS:SUE,Rino
IS:SUE,Rio
IS:SUE,Standard
IS:SUE,Store
IS:SUE,Universal
IS:SUE,Yukki
IS:SUE,Yuuki
Isaac Hong,Album
Isaac Hong,Diary
Isaac Hong,Jewelcase
Isaac Hong,Lp
Isaac Hong,Nemo
Isaac Hong,Note
Isaac Hong,Standard
ISEGYE IDOL,Binder
ISEGYE IDOL,Gosegu
ISEGYE IDOL,Idol
ISEGYE IDOL,Ine
ISEGYE IDOL,Isegye
ISEGYE IDOL,Jingburger
ISEGYE IDOL,Jururu
ISEGYE IDOL,Lilpa
ISEGYE IDOL,Stayg
ISEGYE IDOL,Viichan
ITZY,Booklet
ITZY,Cassette
ITZY,Chaeryeong
ITZY,Different
ITZY,Essay
ITZY,Et
ITZY,It
ITZY,Itzy
ITZY,Japan
ITZY,Lia
ITZY,Midzy
ITZY,Ost
ITZY,Paris
ITZY,Photo
ITZY,Platform
ITZY,Pocaalbum
ITZY,Ryujin
ITZY,Standard
ITZY,Tape
ITZY,Yeji
ITZY,Yuna
IU,Bylac
IU,Cdp
IU,Edam
IU,Loen
IU,Of
IU,Old
IU,Original
IU,Reissue
IU,Spring
IU,Standard
IU,Twenty
IU,Win
IU,Year
IVE,Gaeul
IVE,Ito
IVE,Junji
IVE,Leeseo
IVE,Liz
IVE,Mini
IVE,Plve
IVE,Rei
IVE,Standard
IVE,Wonyoung
IVE,Yujin
Ivy,Standard
IZ,Standard
IZ*ONE,Chaewon
IZ*ONE,Chaeyeon
IZ*ONE,Group
IZ*ONE,Hitomi
IZ*ONE,Hyewon
IZ*ONE,Minju
IZ*ONE,Nako
IZ*ONE,Sakura
IZ*ONE,Sapphire
IZ*ONE,Type
IZ*ONE,Violeta
IZ*ONE,Wonyoung
IZ*ONE,Yena
IZ*ONE,Yujin
IZ*ONE,Yuri
izna,Bbc
izna,Icecream
izna,Izna
izna,Jeemin
izna,Jiyoon
izna,Jungeun
izna,Koko
izna,Mai
izna,Nemo
izna,Postcard
izna,Promo
izna,Saebi
izna,Sarang
izna,Unit
Izykite,Standard
J.Y.Park,Casette
J.Y.Park,Cassette
J.Y.Park,Normal
JAMIE,Standard
Jang Haneum,Day
Jang Haneum,Dream
Jang Haneum,Dreamcatcher
Jannabi,Black
Jannabi,Blend
Jannabi,Blue
Jannabi,Clear
Jannabi,Dark
Jannabi,Green
Jannabi,Jade
Jannabi,Light
Jannabi,Mix
Jannabi,Olive
Jannabi,Orange
Jannabi,Pink
Jannabi,Purple
Jannabi,Red
Jannabi,Splatter
Jannabi,Standard
Jannabi,White
Jannabi,Yellow
Jay Park,Bum
Jay Park,Japan
Jay Park,Jay
Jay Park,Park
Jay Park,Standard
JBJ,Deluxe
JBJ,Ii
JD1,Platform
Jeon Somi,Album
Jeon Somi,Black
Jeon Somi,Case
Jeon Somi,Chaotic
Jeon Somi,Confused
Jeon Somi,Gem
Jeon Somi,Jewel
Jeon Somi,Kit
Jeon Somi,Nemo
Jeon Somi,Pit
Jeon Somi,Promotional
Jeon Somi,Red
Jeon Somi,Signed
Jeon Youl,Album
Jeon Youl,Promo
Jeon Youl,Signed
Jeong Sewoon,Case
Jeong Sewoon,Day
Jeong Sewoon,Glow
Jeong Sewoon,Green
Jeong Sewoon,In
Jeong Sewoon,Jewel
Jeong Sewoon,Lp
Jeong Sewoon,Margins
Jeong Sewoon,Minus
Jeong Sewoon,Noise
Jeong Sewoon,Out
Jeong Sewoon,Plus
Jeong Sewoon,Standard
Jeong Sewoon,Zero
Jewelry,Case
Jewelry,Casette
Jewelry,Jewel
Jewelry,Standard
JI BLUE,Cheers
JI BLUE,Fc
JI BLUE,Hiromu
JI BLUE,Hiroto
JI BLUE,Joyful
JI BLUE,Junki
JI BLUE,Keigo
JI BLUE,Rihito
JI BLUE,Ruki
JI BLUE,Shippu
JI BLUE,Sho
JI BLUE,Shogo
JI BLUE,Sky
JI BLUE,Takeru
JI BLUE,Takumi
JI BLUE,Whirlwind
JI BLUE,Yudai
Jiae,Standard
Jini,Glove
Jini,Hand
Jini,Iron
Jini,Plve
Jini,Velvet
Jo Yuri,Allegro
Jo Yuri,Andante
Jo Yuri,Case
Jo Yuri,Inside
Jo Yuri,Jewel
Jo Yuri,Main
Jo Yuri,Now
Jo Yuri,Outside
Jo Yuri,Pull
Jo Yuri,Push
Jo Yuri,Time
JO1,Blue
JO1,Green
JO1,Jo
JO1,Keigo
JO1,Mame
JO1,Red
JO1,Ruki
JO1,Sho
JO1,Shosei
JO1,Sky
JO1,Standard
JO1,Syoya
JO1,Takumi
JQT,Standard
Jueun,Breezy
Jueun,Easy
JUNNY,Standard
JustB,Black
JustB,Blue
JustB,Equal
JustB,Full
JustB,Green
JustB,Grey
JustB,Light
JustB,Nemo
JustB,Pink
JustB,Pocaalbum
JustB,Similar
JustB,Standard
JustB,White
K.will,Standard
Kandis,Platform
Kang Hyewon,Standard
KANGDANIEL,Anti
KANGDANIEL,Arch
KANGDANIEL,Case
KANGDANIEL,Glow
KANGDANIEL,Haze
KANGDANIEL,Jewel
KANGDANIEL,Keyring
KANGDANIEL,Mini
KANGDANIEL,Non
KANGDANIEL,Off
KANGDANIEL,On
KANGDANIEL,Platform
KANGDANIEL,Plot
KANGDANIEL,Pocaalbum
KANGDANIEL,Pouch
KANGDANIEL,Pvc
KANGDANIEL,Repackage
KANGDANIEL,Standard
KANGTA,Cassette
KANGTA,Culture
KANGTA,Family
KANGTA,Future
KANGTA,Guest
KANGTA,Kangta
KANGTA,Smtown
KANGTA,Tape
KARA,Blu
KARA,Case
KARA,Goods
KARA,Gyuri
KARA,Hara
KARA,Japan
KARA,Jewel
KARA,Jiyoung
KARA,Nicole
KARA,Onlg
KARA,Ray
KARA,Seungyeon
KARA,Standard
KARA,Tour
KARD,Album
KARD,Hola
KARD,Light
KARD,Me
KARD,Moon
KARD,Now
KARD,On
KARD,Part
KARD,Poca
KARD,Re
KARD,Red
KARD,Ride
KARD,Standard
KARD,The
KARD,To
KARD,Way
KARD,Where
KARD,Wind
KARD,With
KARD,Words
KARD,Yellow
KARD,You
KATSEYE,Aquamarine
KATSEYE,Baby
KATSEYE,Blizzard
KATSEYE,Blue
KATSEYE,Crimson
KATSEYE,Cut
KATSEYE,Daniela
KATSEYE,Day
KATSEYE,Desert
KATSEYE,Die
KATSEYE,Gabriela
KATSEYE,Gnarly
KATSEYE,Heart
KATSEYE,Hot
KATSEYE,Indie
KATSEYE,Jade
KATSEYE,Lara
KATSEYE,Megan
KATSEYE,Neon
KATSEYE,Official
KATSEYE,Outfitters
KATSEYE,Pomegranate
KATSEYE,Precious
KATSEYE,Purple
KATSEYE,Record
KATSEYE,Rose
KATSEYE,Salmon
KATSEYE,Single
KATSEYE,Sophia
KATSEYE,Spotify
KATSEYE,Store
KATSEYE,Sunflower
KATSEYE,Tangerine
KATSEYE,Target
KATSEYE,Topic
KATSEYE,Touch
KATSEYE,Urban
KATSEYE,Walmart
KATSEYE,Wild
KATSEYE,World
KATSEYE,Yoonchae
KAVE,Acting
KAVE,Out
KENTA・SANGGYUN,Awake
KENTA・SANGGYUN,By
KENTA・SANGGYUN,Chapter
KENTA・SANGGYUN,Day
KENTA・SANGGYUN,Dazed
KENTA・SANGGYUN,Emerald
KENTA・SANGGYUN,Night
KENTA・SANGGYUN,Ruby
Kep1er,Album
Kep1er,Bahiyyih
Kep1er,Chaehyun
Kep1er,Dayeon
Kep1er,Hikaru
Kep1er,Huening
Kep1er,Locked
Kep1er,Mashiro
Kep1er,Md
Kep1er,Platform
Kep1er,Poca
Kep1er,Pocaalbum
Kep1er,Unlocked
Kep1er,Usa
Kep1er,Xiaoting
Kep1er,Yeseo
Kep1er,Youngeun
Kep1er,Yujin
Key,Archive
Key,Booklet
Key,Card
Key,Chapter
Key,Cube
Key,Dynamic
Key,Floppy
Key,Freaky
Key,Id
Key,Invitation
Key,Kihno
Key,Letter
Key,Lp
Key,Monument
Key,Neat
Key,Occult
Key,Qr
Key,Report
Key,Smini
Key,Talisman
Key,Tarot
Key,The
Key,Unrealistic
Key,Vhs
Key,Work
Keyveatz,Standard
Keyvitup,Best
Keyvitup,Keyvitup
Keyvitup,Legendary
Keyvitup,One
KickFlip,After
KickFlip,Black
KickFlip,Break
KickFlip,Cabinet
KickFlip,Class
KickFlip,Crush
KickFlip,Donghwa
KickFlip,Donghyeon
KickFlip,Great
KickFlip,Gym
KickFlip,Heart
KickFlip,Juwang
KickFlip,Keiju
KickFlip,Kyehoon
KickFlip,Love
KickFlip,Make
KickFlip,Minje
KickFlip,My
KickFlip,Nemo
KickFlip,Platform
KickFlip,Quest
KickFlip,Room
KickFlip,School
KickFlip,Song
KickFlip,Standard
KickFlip,Time
KickFlip,Trainee
KickFlip,Training
KickFlip,Trip
KickFlip,Umm
KickFlip,Vers
KickFlip,White
KickFlip,Wish
KiiiKiii,Amenities
KiiiKiii,Ball
KiiiKiii,Book
KiiiKiii,Bubble
KiiiKiii,Calendar
KiiiKiii,Crystal
KiiiKiii,Digging
KiiiKiii,Gem
KiiiKiii,Groundwork
KiiiKiii,Guide
KiiiKiii,Haum
KiiiKiii,Headphone
KiiiKiii,Issue
KiiiKiii,Jiyu
KiiiKiii,Snapshot
KiiiKiii,Souvenir
KiiiKiii,Sui
KiiiKiii,Summer
KiiiKiii,Uncut
Kiiras,Ace
Kiiras,Doyeon
Kiiras,Ever
Kiiras,Harin
Kiiras,Joker
Kiiras,Kurumi
Kiiras,Kylie
Kiiras,Lingling
Kiiras,Poca
Kiiras,Roah
Kik5o,Plve
Kik5o x AleXa,Plve
Kim Hyojong,Standard
Kim Jae-joong,Album
Kim Jae-joong,Beige
Kim Jae-joong,Classic
Kim Jae-joong,Collapse
Kim Jae-joong,Ever
Kim Jae-joong,Fc
Kim Jae-joong,Gene
Kim Jae-joong,Kit
Kim Jae-joong,Kiwee
Kim Jae-joong,Nemo
Kim Jae-joong,Purple
Kim Jae-joong,Type
Kim Jae-joong,Vintage
Kim Jaehwan,Agit
Kim Jaehwan,Backstage
Kim Jaehwan,Classy
Kim Jaehwan,Day
Kim Jaehwan,Ed
Kim Jaehwan,Ing
Kim Jaehwan,Kit
Kim Jaehwan,Lp
Kim Jaehwan,Night
Kim Jaehwan,Platform
Kim Jaehwan,Poca
Kim Jaehwan,Pure
Kim Jaehwan,Stage
Kim Ji-yeon,And
Kim Ji-yeon,Kei
Kim Ji-yeon,Over
Kim Se-jeong,Atelier
Kim Se-jeong,Chamber
Kim Se-jeong,Key
Kim Se-jeong,Lock
Kim Se-jeong,Standard
Kim Seri,Album
Kim Seri,Promo
Kim Seri,Standard
Kim Woojin,Off
Kim Woojin,On
Kim Woojin,Stage
Kim Wooseok,Bibbidi
Kim Wooseok,Bobbidi
Kim Wooseok,Cookie
Kim Wooseok,Cream
Kim Wooseok,Dice
Kim Wooseok,Dive
Kim Wooseok,Poca
KISS OF LIFE,Album
KISS OF LIFE,Awe
KISS OF LIFE,Belle
KISS OF LIFE,Burn
KISS OF LIFE,Cms
KISS OF LIFE,Haneul
KISS OF LIFE,Heat
KISS OF LIFE,Jewel
KISS OF LIFE,Julie
KISS OF LIFE,Keychain
KISS OF LIFE,Kit
KISS OF LIFE,Magazine
KISS OF LIFE,Natty
KISS OF LIFE,Pocaalbum
KISS OF LIFE,Seek
KISS OF LIFE,Standard
KISS OF LIFE,Type
KISS OF LIFE,Who
KNK,Card
KNK,Kihno
KNK,Off
KNK,Taiwan
KPop Demon Hunters,Anniversary
KPop Demon Hunters,Black
KPop Demon Hunters,Blue
KPop Demon Hunters,Boys
KPop Demon Hunters,Dark
KPop Demon Hunters,Derpy
KPop Demon Hunters,Done
KPop Demon Hunters,Fuchsia
KPop Demon Hunters,Glow
KPop Demon Hunters,Golden
KPop Demon Hunters,Haze
KPop Demon Hunters,Hmv
KPop Demon Hunters,Honmoon
KPop Demon Hunters,How
KPop Demon Hunters,Huntr
KPop Demon Hunters,Idol
KPop Demon Hunters,In
KPop Demon Hunters,It
KPop Demon Hunters,Its
KPop Demon Hunters,Like
KPop Demon Hunters,Lp
KPop Demon Hunters,Neon
KPop Demon Hunters,Pink
KPop Demon Hunters,Pop
KPop Demon Hunters,Rough
KPop Demon Hunters,Rsd
KPop Demon Hunters,Saja
KPop Demon Hunters,Shining
KPop Demon Hunters,Smokey
KPop Demon Hunters,Soda
KPop Demon Hunters,Sodalite
KPop Demon Hunters,Sounds
KPop Demon Hunters,Soundtrack
KPop Demon Hunters,Splatter
KPop Demon Hunters,Standard
KPop Demon Hunters,Sussie
KPop Demon Hunters,Target
KPop Demon Hunters,The
KPop Demon Hunters,Tiny
KPop Demon Hunters,Trade
KPop Demon Hunters,What
KPop Demon Hunters,Your
KPop Demon Hunters,Zoetrope
Kwon Eunbi,In
Kwon Eunbi,Out
Kwon Eunbi,Poca
Kwon Eunbi,Standard
LABOUM,Standard
LABOUM,Type
Ladies’ Code,Promo
Ladies’ Code,Standard
LAPILLUS,Album
LAPILLUS,Platform
LAPILLUS,Promotion
LAPILLUS,Standard
Latency,Postcard
Latency,Sleeve
LC9,Standard
LE SSERAFIM,Absolute
LE SSERAFIM,Antifragile
LE SSERAFIM,Aqua
LE SSERAFIM,Blue
LE SSERAFIM,Cassette
LE SSERAFIM,Clean
LE SSERAFIM,Clear
LE SSERAFIM,Crazy
LE SSERAFIM,Crystal
LE SSERAFIM,Easy
LE SSERAFIM,Electric
LE SSERAFIM,Eunchae
LE SSERAFIM,Fearless
LE SSERAFIM,Glitter
LE SSERAFIM,Green
LE SSERAFIM,Group
LE SSERAFIM,Hot
LE SSERAFIM,Innocent
LE SSERAFIM,Kazuha
LE SSERAFIM,Orchid
LE SSERAFIM,Pink
LE SSERAFIM,Pristine
LE SSERAFIM,Red
LE SSERAFIM,Silver
LE SSERAFIM,Single
LE SSERAFIM,Target
LE SSERAFIM,Transparent
LE SSERAFIM,Turquoise
LE SSERAFIM,Unforgiven
LE SSERAFIM,Unit
LE SSERAFIM,Wave
LE SSERAFIM,White
LE SSERAFIM,Yellow
LED Apple,Standard
Lee Chaeyeon,Archive
Lee Chaeyeon,Bag
Lee Chaeyeon,Book
Lee Chaeyeon,Day
Lee Chaeyeon,Influencer
Lee Chaeyeon,Jump
Lee Chaeyeon,Kit
Lee Chaeyeon,Md
Lee Chaeyeon,Night
Lee Chaeyeon,Off
Lee Chaeyeon,Play
Lee Chaeyeon,Poca
Lee Chaeyeon,Reusable
Lee Chaeyeon,Spin
Lee Chaeyeon,Step
Lee Chaeyeon,Up
Lee Chaeyeon,Vampire
Lee Chaeyeon,Warm
Lee Dahye,Platform
Lee Dahye,Standard
Lee Hi,Album
Lee Hi,Standard
Lee Hyori,Holographic
Lee Hyori,Standard
Lee Jiyeon,Case
Lee Jiyeon,Jewel
Lee Jun Young,Standard
Lee Junghyun,Case
Lee Junghyun,Cassette
Lee Junghyun,Jewel
Lee Junghyun,Sleeve
Lee Junghyun,Standard
Lee Sujeong,My
Lee Sujeong,Name
Lee Youngji,Card
Lee Youngji,Jewel
Lee Youngji,Keyring
Lee Youngji,Plve
LIGHTSUM,Class
LIGHTSUM,Honey
LIGHTSUM,Light
LIGHTSUM,Spice
LIGHTSUM,Team
LIGHTSUM,The
LIGHTSUM,Wish
Lim Kim,Standard
Lim Youngmin,Bad
Lim Youngmin,In
Lim Youngmin,Out
Lim Youngmin,Poca
Lim Youngmin,Sad
LNGSHOT,Character
LNGSHOT,Louis
LNGSHOT,Magazine
LNGSHOT,Ohyul
LNGSHOT,Ryul
LNGSHOT,Standard
LNGSHOT,Woojin
LOCO,Standard
LOONA,Choerry
LOONA,Fanclub
LOONA,Go
LOONA,Haseul
LOONA,Heejin
LOONA,Hye
LOONA,Hyunjin
LOONA,Jinsoul
LOONA,Kim
LOONA,Lip
LOONA,Olivia
LOONA,Standard
LOONA,Vivi
LOONA,Won
LOONA,Yeojin
LOONA,Yves
Loossemble,Album
Loossemble,Dawn
Loossemble,Day
Loossemble,Dream
Loossemble,Ever
Loossemble,Fantasy
Loossemble,Go
Loossemble,Hyeju
Loossemble,Hyunjin
Loossemble,Love
Loossemble,Music
Loossemble,Night
Loossemble,Rizz
Loossemble,Space
Loossemble,Vivi
Loossemble,Wish
Loossemble,Won
Loossemble,Yeojin
Lovelyz,Baby
Lovelyz,Box
Lovelyz,Fall
Lovelyz,Gift
Lovelyz,Group
Lovelyz,Heal
Lovelyz,Hi
Lovelyz,In
Lovelyz,Jiae
Lovelyz,Jin
Lovelyz,Jisoo
Lovelyz,Kei
Lovelyz,Lovelinus
Lovelyz,Lovelyz
Lovelyz,Mijoo
Lovelyz,New
Lovelyz,Normal
Lovelyz,Now
Lovelyz,Ready
Lovelyz,Soul
Lovelyz,Standard
Lovelyz,Sujeong
Lovelyz,Trilogy
Lovelyz,We
Lovelyz,Yein
LOVEONE,Coaster
LOVEONE,Lp
LOVEONE,Mini
LOVEONE,Pack
LOVEONE,Pink
LOVEONE,Red
LOVEONE,Standard
LUCY,Childish
LUCY,Full
LUCY,Island
LUCY,Nemo
LUCY,Standard
Luminous,Standard
LUN8,Capsule
LUN8,Chael
LUN8,Day
LUN8,Hip
LUN8,Ian
LUN8,Jinsu
LUN8,Junwoo
LUN8,Light
LUN8,Nemo
LUN8,Nerd
LUN8,Plve
LUN8,Scope
LUN8,Standard
LUN8,Suncatcher
LUN8,Takuma
LUN8,Time
LUN8,Vision
M.O.N.T,Date
M.O.N.T,Kit
M.O.N.T,Standard
M.O.N.T,Team
MADEIN,Between
MADEIN,Burn
MADEIN,Ever
MADEIN,Fade
MADEIN,From
MADEIN,Gaeun
MADEIN,Keyring
MADEIN,Madein
MADEIN,Mashiro
MADEIN,Miu
MADEIN,Nagomi
MADEIN,Nemo
MADEIN,Platform
MADEIN,Prom
MADEIN,Serina
MADEIN,Suhye
MAKAMAKA,Standard
MAMAMOO,Flowers
MAMAMOO,Hwasa
MAMAMOO,Kihno
MAMAMOO,Kinho
MAMAMOO,Kit
MAMAMOO,Memories
MAMAMOO,Moonbyul
MAMAMOO,Normal
MAMAMOO,Poca
MAMAMOO,Postlude
MAMAMOO,Prelude
MAMAMOO,Silence
MAMAMOO,Standard
MAMAMOO,Wheein
MAP6,Standard
MARMELLO,Album
MARMELLO,Promo
MARMELLO,Standard
MAVE:,Platform
Maywish,Album
Maywish,Promo
MBLAQ,Blaq
MBLAQ,Case
MBLAQ,Japan
MBLAQ,Japanese
MBLAQ,Jewel
MBLAQ,Korean
MBLAQ,Standard
MBLAQ,Type
MCND,Bag
MCND,Earth
MCND,Full
MCND,Get
MCND,Goal
MCND,Hit
MCND,Kepler
MCND,Light
MCND,One
MCND,Platform
MCND,Poca
MCND,Reason
MCND,Team
MCND,Ur
MCND,Wheel
ME:I,Ayane
ME:I,Cocoro
ME:I,Fc
ME:I,Keiko
ME:I,Kokona
ME:I,Miu
ME:I,Momona
ME:I,Normal
ME:I,Ran
ME:I,Rinon
ME:I,Shizuku
ME:I,Standard
ME:I,Suzu
ME:I,Tsuzumi
Megamax,Blue
Megamax,Pink
MelodyDay,Standard
MEOVV,Album
MEOVV,Angel
MEOVV,Anna
MEOVV,Beast
MEOVV,Ella
MEOVV,Gawon
MEOVV,Grill
MEOVV,Jelly
MEOVV,Kitty
MEOVV,Meovv
MEOVV,Narin
MEOVV,Orb
MEOVV,Paw
MEOVV,Plush
MEOVV,Promo
MEOVV,Sooin
Mijoo,Classic
Mijoo,Modern
MILLENNIUM,Ceramic
MILLENNIUM,Ring
MILLIC,Lp
MIMIIROSE,Standard
Min Jiwoon,Standard
MINIMANI,Kihno
MINIMANI,Kit
MINIMANI,Standard
MIRAE,Academy
MIRAE,Cool
MIRAE,Curious
MIRAE,Drip
MIRAE,Drop
MIRAE,Hot
MIRAE,Magazine
MIRAE,Mvp
MIRAE,Party
MIRAE,Plve
MIRAE,Preppy
Mirani,Standard
Miss A,Class
Miss A,Colors
Miss A,Hush
Miss A,Standard
MIXX,Album
MIXX,Promo
MIXX,Standard
MOBB,Bobby
MOBB,Mino
MODYSSEY,Fan
MODYSSEY,Hengyu
MODYSSEY,Li
MODYSSEY,Lynnlynn
MODYSSEY,Modyssey
MODYSSEY,Rowan
MODYSSEY,Suren
MODYSSEY,Yichen
MODYSSEY,Zheyi
MODYSSEY,Zihao
MOMOLAND,Case
MOMOLAND,Jewel
MOMOLAND,Kihno
MOMOLAND,Normal
MOMOLAND,Only
MOMOLAND,Records
MOMOLAND,Standard
MOMOLAND,Tower
MONSTA X,Baby
MONSTA X,Blue
MONSTA X,Building
MONSTA X,Case
MONSTA X,Control
MONSTA X,Crush
MONSTA X,Hello
MONSTA X,Hyungwon
MONSTA X,Jewel
MONSTA X,Joohoney
MONSTA X,Journey
MONSTA X,Kihyun
MONSTA X,Kit
MONSTA X,Losing
MONSTA X,Love
MONSTA X,Map
MONSTA X,Md
MONSTA X,Me
MONSTA X,Minhyuk
MONSTA X,Not
MONSTA X,On
MONSTA X,Or
MONSTA X,Pop
MONSTA X,Rd
MONSTA X,Ring
MONSTA X,Rose
MONSTA X,Route
MONSTA X,Shownu
MONSTA X,The
MONSTA X,Tiny
MONSTA X,Travel
MONSTA X,Up
MONSTA X,Velvet
MONSTA X,You
Moon Sujin,Case
Moon Sujin,Jewel
Moon Sujin,Lp
Moon Sujin,Numbered
Moon Sujin,Standard
Moon Sujin,Super
MUU,Album
MUU,Kit
MW:MEU,Jewel
MY.st,Standard
MyB,Standard
MYTEEN,Standard
N.Flying,Awake
N.Flying,Awakened
N.Flying,Be
N.Flying,By
N.Flying,Communication
N.Flying,From
N.Flying,Inside
N.Flying,Kit
N.Flying,Miscommunication
N.Flying,My
N.Flying,On
N.Flying,Outside
N.Flying,Standard
N.Flying,To
N.Flying,Way
n.SSign,Abema
n.SSign,Doha
n.SSign,Eddie
n.SSign,Flavour
n.SSign,Hanjun
n.SSign,Huiwon
n.SSign,Junhyeok
n.SSign,Kazuta
n.SSign,Laurence
n.SSign,Love
n.SSign,Nemo
n.SSign,New
n.SSign,Poca
n.SSign,Robin
n.SSign,Sungyun
n.SSign,Sweet
n.SSign,We
Nature,Color
Nature,Come
Nature,Dick
Nature,Girls
Nature,Good
Nature,Limbo
Nature,Moby
Nature,Moonlight
Nature,Morning
Nature,Nemo
Nature,Over
Nature,Show
Nature,Standard
Nature,Thin
Nature,Usb
Nature,Your
Nchive,Be
Nchive,Ever
Nchive,Ve
NCT,Baseball
NCT,Blossom
NCT,Blue
NCT,Book
NCT,Case
NCT,Daytime
NCT,Dream
NCT,Green
NCT,Guest
NCT,Jewel
NCT,Kassette
NCT,Licensed
NCT,Masterpiece
NCT,Nct
NCT,Nfc
NCT,Pass
NCT,Player
NCT,Red
NCT,Rewind
NCT,Shotaro
NCT,Show
NCT,Smini
NCT,Smtown
NCT,Sungchan
NCT,Talk
NCT,Thai
NCT,Trilogy
NCT,Wayv
NCT,Wyld
NCT,Yt
NCT,Yz
NCT,Zine
NCT,Zy
NCT 127,Comics
NCT 127,Doyoung
NCT 127,Fye
NCT 127,Haechan
NCT 127,Jaehyun
NCT 127,Johnny
NCT 127,Jungwoo
NCT 127,Kit
NCT 127,Mark
NCT 127,Newbury
NCT 127,Outfitters
NCT 127,Taeyong
NCT 127,Urban
NCT 127,Yuta
NCT DREAM,Amazon
NCT DREAM,Barnes
NCT DREAM,Case
NCT DREAM,Chenle
NCT DREAM,Cm
NCT DREAM,Haechan
NCT DREAM,Jaemin
NCT DREAM,Jeno
NCT DREAM,Jewel
NCT DREAM,Jisung
NCT DREAM,Kihno
NCT DREAM,Kit
NCT DREAM,Mark
NCT DREAM,Muddler
NCT DREAM,Noble
NCT DREAM,Renjun
NCT DREAM,Smini
NCT WISH,Anteros
NCT WISH,Big
NCT WISH,Boy
NCT WISH,Case
NCT WISH,Don
NCT WISH,Eros
NCT WISH,Girl
NCT WISH,Group
NCT WISH,Jaehee
NCT WISH,Jewel
NCT WISH,Meets
NCT WISH,Riku
NCT WISH,Ryo
NCT WISH,Sakuya
NCT WISH,Sion
NCT WISH,Smini
NCT WISH,Wichu
NCT WISH,Yo
NCT WISH,Yushi
NCUS,Normal
NeonPunch,Standard
New-L,Standard
NEWBEAT,Boy
NEWBEAT,By
NEWBEAT,Demon
NEWBEAT,Devil
NEWBEAT,Game
NEWBEAT,Jewel
NEWBEAT,Kiss
NEWBEAT,Kitten
NEWBEAT,Midnight
NEWBEAT,Newbeat
NEWBEAT,Poca
NEWBEAT,Rad
NEWBEAT,Raw
NEWBEAT,Sunlight
NEWBEAT,The
NEWBEAT,Vr
NewJeans,Bag
NewJeans,Beach
NewJeans,Body
NewJeans,Box
NewJeans,Bunny
NewJeans,Cross
NewJeans,Danielle
NewJeans,Drawstring
NewJeans,Girls
NewJeans,Haerin
NewJeans,Hanni
NewJeans,Hyein
NewJeans,Minji
NewJeans,Murakami
NewJeans,Newjeans
NewJeans,Nj
NewJeans,Powerpuff
NewJeans,Standard
NewJeans,The
NewJeans,Weverse
NEXZ,Breath
NEXZ,Chk
NEXZ,Film
NEXZ,Geon
NEXZ,Haru
NEXZ,Hyui
NEXZ,Nex
NEXZ,Nexzoo
NEXZ,Sanitizer
NEXZ,Seita
NEXZ,So
NEXZ,Sticker
NEXZ,Tomoya
NEXZ,Umm
NEXZ,Yu
NEXZ,Yuki
NIKA,Makestar
NIKA,Standard
NIKA,Tumblbug
NINE.i,Album
NINE.i,Kit
NINE.i,Nemo
NINE.i,Standard
NiziU,Ayaka
NiziU,Mako
NiziU,Maya
NiziU,Mayuka
NiziU,Miihi
NiziU,Nina
NiziU,Production
NiziU,Riku
NiziU,Rima
NiziU,Rio
NiziU,Standard
NiziU,Withu
NMIXX,Album
NMIXX,Bae
NMIXX,Blood
NMIXX,Blue
NMIXX,Box
NMIXX,Chaos
NMIXX,Haewon
NMIXX,Heavy
NMIXX,Jiwoo
NMIXX,Kyujin
NMIXX,Lily
NMIXX,Melody
NMIXX,Mixx
NMIXX,Nemo
NMIXX,Platform
NMIXX,Pocaalbum
NMIXX,Promotional
NMIXX,Serenade
NMIXX,Signed
NMIXX,Sullyoon
NMIXX,Valentine
NO:EL,Lp
NO:EL,Standard
NOIR,Standard
NOMAD,Cali
NOMAD,Tape
NouerA,Album
NouerA,Exe
NouerA,Fan
NouerA,Gihyeon
NouerA,Hyunjun
NouerA,Junpyo
NouerA,Lin
NouerA,Md
NouerA,Miraku
NouerA,Moon
NouerA,Poca
NouerA,Sun
NouerA,Yuseop
NOWZ,Day
NOWZ,General
NOWZ,Group
NOWZ,Here
NOWZ,Hyeonbin
NOWZ,Jewel
NOWZ,Jinhyuk
NOWZ,Mark
NOWZ,Now
NOWZ,Siyun
NOWZ,Sprint
NOWZ,Standard
NOWZ,Where
NOWZ,Yeonwoo
NOWZ,Yoon
NRG,Case
NRG,Cassette
NRG,Jewel
NRG,Taiwan
NTX,Binder
NTX,Card
NTX,Cartoon
NTX,Hojun
NTX,Keyring
NTX,Magazine
NTX,Name
NTX,Over
NTX,Pack
NTX,Peak
NTX,Platform
NTX,Rawhyun
NTX,Seungwon
NTX,Standard
NTX,Time
NTX,Track
NTX,Xiha
NTX,Yunhyeok
NU'EST,After
NU'EST,Ante
NU'EST,Be
NU'EST,Book
NU'EST,Ever
NU'EST,Forenoon
NU'EST,Free
NU'EST,Glow
NU'EST,Happily
NU'EST,Life
NU'EST,Moment
NU'EST,New
NU'EST,Of
NU'EST,On
NU'EST,Once
NU'EST,Photo
NU'EST,Pie
NU'EST,Pieces
NU'EST,Portrait
NU'EST,Post
NU'EST,Romancer
NU'EST,Standard
NU'EST,Still
NU'EST,Table
NU'EST,The
NU'EST,This
NU'EST,Time
NU'EST,To
NU'EST,Upon
NU'EST,Verison
NuNew,Qr
ODD YOUTH,Backpack
ODD YOUTH,Best
ODD YOUTH,Cool
ODD YOUTH,Diary
ODD YOUTH,Friendz
ODD YOUTH,Keyring
ODD YOUTH,Me
ODD YOUTH,Messy
ODD YOUTH,Poca
ODD YOUTH,That
OH MY GIRL,Anime
OH MY GIRL,Arin
OH MY GIRL,Bouquet
OH MY GIRL,Fanclub
OH MY GIRL,Fish
OH MY GIRL,Heart
OH MY GIRL,Hyojung
OH MY GIRL,Inside
OH MY GIRL,Kit
OH MY GIRL,Love
OH MY GIRL,Mimi
OH MY GIRL,Outside
OH MY GIRL,Poca
OH MY GIRL,Seunghee
OH MY GIRL,Standard
OH MY GIRL,Yooa
OH MY GIRL,Yubin
Olivia Marsh,Standard
Omega X,Digital
Omega X,Kit
Omega X,Like
Omega X,Love
Omega X,Music
Omega X,Normal
Omega X,Off
Omega X,On
Omega X,Standard
Omega X,Story
ONE PACT,Album
ONE PACT,Crush
ONE PACT,Day
ONE PACT,Funk
ONE PACT,Hip
ONE PACT,In
ONE PACT,Kit
ONE PACT,Late
ONE PACT,Night
ONE PACT,Pink
ONE PACT,Platform
ONE PACT,Plve
ONE PACT,Poca
ONE PACT,Sane
ONE PACT,Standard
ONE PACT,Suit
ONEUS,Eden
ONEUS,Hw
ONEUS,Hwanwoong
ONEUS,Keonhee
ONEUS,Kh
ONEUS,Ld
ONEUS,Leedo
ONEUS,Main
ONEUS,Poca
ONEUS,Pocaalbum
ONEUS,Seoho
ONEUS,Sh
ONEUS,Xion
ONEUS,Xn
ONEWE,Ad
ONEWE,Astra
ONEWE,Chaser
ONEWE,Dream
ONEWE,Licon
ONEWE,Maze
ONEWE,Poca
ONEWE,Standard
ONEWE,We
ONF,Album
ONF,Dreaming
ONF,Face
ONF,Find
ONF,Flag
ONF,Hyojin
ONF,Journey
ONF,Kiwee
ONF,Lost
ONF,Minkyun
ONF,No
ONF,Plant
ONF,Platform
ONF,Poca
ONF,Retreat
ONF,Route
ONF,Scar
ONF,Seungjun
ONF,Silenced
ONF,Standard
ONF,Step
ONF,The
ONF,Tion
ONF,Wyatt
ONF,Your
ONF,Yuto
ONLEE,Standard
OnlyOneOf,Back
OnlyOneOf,Jisung
OnlyOneOf,Junji
OnlyOneOf,Kb
OnlyOneOf,Kit
OnlyOneOf,Love
OnlyOneOf,Mill
OnlyOneOf,Nine
OnlyOneOf,Rie
OnlyOneOf,Standard
OnlyOneOf,Teichiku
OnlyOneOf,Yoojung
OWIS,Dream
OWIS,Haru
OWIS,Memories
OWIS,Missing
OWIS,Piece
OWIS,Serene
OWIS,Soi
OWIS,Summer
OWIS,Yuni
owoon,Kihno
owoon,Kit
Oyster,Standard
P1Harmony,All
P1Harmony,Barnes
P1Harmony,Case
P1Harmony,City
P1Harmony,Do
P1Harmony,Ece
P1Harmony,English
P1Harmony,Fancy
P1Harmony,Fit
P1Harmony,Fnc
P1Harmony,Gray
P1Harmony,Green
P1Harmony,Harmony
P1Harmony,Hello
P1Harmony,In
P1Harmony,Intak
P1Harmony,It
P1Harmony,Jewel
P1Harmony,Jiung
P1Harmony,Jongseob
P1Harmony,Keeho
P1Harmony,Keyring
P1Harmony,Light
P1Harmony,Like
P1Harmony,Missing
P1Harmony,Noble
P1Harmony,Platform
P1Harmony,Print
P1Harmony,Savior
P1Harmony,Soul
P1Harmony,Standard
P1Harmony,Target
P1Harmony,Theo
P1Harmony,This
P1Harmony,Tiny
P1Harmony,Zero
Papaya,Case
Papaya,Cassette
Papaya,Jewel
Papaya,Release
Papaya,Standard
Papaya,Taiwan
Papaya,Tape
Park Eun-bin,Lp
Park Eun-bin,Standard
Park Hyoshin,Case
Park Hyoshin,Cassette
Park Hyoshin,Jewel
Park Jihoon,Age
Park Jihoon,Album
Park Jihoon,Black
Park Jihoon,Blanc
Park Jihoon,Blank
Park Jihoon,Cubism
Park Jihoon,Darkness
Park Jihoon,Day
Park Jihoon,Degrees
Park Jihoon,Lightness
Park Jihoon,Me
Park Jihoon,Nemo
Park Jihoon,Night
Park Jihoon,Noir
Park Jihoon,Plve
Park Jihoon,Realism
Park Jihoon,Space
Park Jihoon,Ss
Park Jihoon,Standard
Park Jihoon,Veiled
Park Min Jung,Standard
PENTAGON,Hongseok
PENTAGON,Hui
PENTAGON,Jinho
PENTAGON,Kino
PENTAGON,Kitalbum
PENTAGON,Mild
PENTAGON,One
PENTAGON,Package
PENTAGON,Romantic
PENTAGON,Shinwon
PENTAGON,Slip
PENTAGON,Sporty
PENTAGON,Standard
PENTAGON,Type
PENTAGON,Wooseok
PENTAGON,Yeo
PENTAGON,Yuto
pH-1,Standard
PinkFantasy,Black
PinkFantasy,Fantasy
PinkFantasy,Poison
PinkFantasy,White
PinkFantasy,Wonderland
PIXY,Black
PIXY,Dajeong
PIXY,Dia
PIXY,Lola
PIXY,Promotional
PIXY,Purple
PIXY,Rinji
PIXY,Signed
PIXY,Standard
PIXY,Sua
PIXY,White
PLAVE,Album
PLAVE,Bamby
PLAVE,Eunho
PLAVE,Hamin
PLAVE,Id
PLAVE,Inventory
PLAVE,Noah
PLAVE,Pass
PLAVE,Poca
PLAVE,Standard
PLAVE,Yejun
POW,Blue
POW,Candy
POW,Compact
POW,Cookie
POW,Cotton
POW,Cream
POW,Daily
POW,Diary
POW,Dongyeon
POW,Grape
POW,Hong
POW,Hyunbin
POW,Jungbin
POW,Look
POW,Orange
POW,Pomegranate
POW,Snack
POW,Vanilla
POW,Work
POW,Workwear
POW,Yorch
PRIMARY,Standard
PRIMROSE,Pocaalbum
PRIMROSE,Promotional
PRIMROSE,Standard
PRIMROSE,Tarot
PRISTIN,Elastin
PRISTIN,Eunwoo
PRISTIN,Group
PRISTIN,In
PRISTIN,Kyulkyung
PRISTIN,Nayoung
PRISTIN,Out
PRISTIN,Prismatic
PRISTIN,Rena
PRISTIN,Roa
PRITTI-G,Standard
PRITZ,Standard
Psy,Promo
Psy,Standard
PURPLE KISS,Cassette
PURPLE KISS,Chaein
PURPLE KISS,Dosie
PURPLE KISS,Goeun
PURPLE KISS,Ireh
PURPLE KISS,Na
PURPLE KISS,Poca
PURPLE KISS,Standard
PURPLE KISS,Swan
PURPLE KISS,Yuki
Purplebeck,Standard
QI.X,Kit
Queenz Eye,Queenz
Queenz Eye,Standard
Queenz Eye,Table
QWER,Algorithm
QWER,Beyond
QWER,Blossom
QWER,Booklet
QWER,Chodan
QWER,Discord
QWER,Friend
QWER,Graduation
QWER,Hina
QWER,Lp
QWER,Magenta
QWER,Platform
QWER,Secret
QWER,Siyeon
QWER,Standard
QWER,The
QWER,Unbalance
Rainbow,Case
Rainbow,Jewel
Rainbow,Repackage
Rainbow,Standard
RAINZ,Daehyeon
RAINZ,Eunki
RAINZ,Hyunmin
RAINZ,Kiwon
RAINZ,Seongri
RAINZ,Standard
RAINZ,Sunghyuk
RAINZ,Type
RAINZ,Wontak
RaNia,Album
RaNia,Card
RaNia,Nfc
RaNia,Promo
RaNia,Standard
RE:WIND,Case
RE:WIND,Jewel
Red Velvet,Baebae
Red Velvet,Big
Red Velvet,Capsule
Red Velvet,Compact
Red Velvet,Culture
Red Velvet,Family
Red Velvet,Future
Red Velvet,High
Red Velvet,Hotel
Red Velvet,Irene
Red Velvet,Joy
Red Velvet,Kihno
Red Velvet,Lp
Red Velvet,Midnight
Red Velvet,My
Red Velvet,Nemo
Red Velvet,Re
Red Velvet,Seulgi
Red Velvet,Smtown
Red Velvet,Sun
Red Velvet,Target
Red Velvet,The
Red Velvet,Tide
Red Velvet,Tv
Red Velvet,Wave
Red Velvet,Wendy
Red Velvet,You
Red Velvet,Your
RedSquare,Standard
RESCENE,Balm
RESCENE,Dear
RESCENE,Dewy
RESCENE,Lip
RESCENE,Me
RESCENE,Plve
RESCENE,Qr
RESCENE,Tint
RESCENE,We
RIIZE,Anton
RIIZE,Editon
RIIZE,Eunseok
RIIZE,Figure
RIIZE,Iiog
RIIZE,Shotaro
RIIZE,Smini
RIIZE,Sohee
RIIZE,Sungchan
RIIZE,Ums
RIIZE,Walmart
RIIZE,Wonbin
RoaD-B,Standard
Rocket Punch,Heart
Rocket Punch,Like
Rocket Punch,Standard
Rocket Punch,Type
Rocking Doll,Standard
ROCKY,Burgundy
ROCKY,Classic
ROCKY,Modern
ROCKY,Shadow
ROCKY,Veil
ROCKY,White
Roh Taehyun,Standard
Rolling Quartz,Box
Rolling Quartz,Goodduck
Rolling Quartz,Standard
Rothy,Standart
Royal 44,Case
Royal 44,Jewel
Royal Pirates,Case
Royal Pirates,Deluxe
Royal Pirates,Jewel
Royal Pirates,Standard
Ryu Sera,Standard
Ryu Sujeong,Angel
Ryu Sujeong,Archive
Ryu Sujeong,Car
Ryu Sujeong,Emotions
Ryu Sujeong,Eyes
Ryu Sujeong,Fallen
Ryu Sujeong,New
Ryu Sujeong,Of
Ryu Sujeong,Shxt
Ryu Sujeong,Tiger
S,Case
S,Cassette
S,Jewel
S.E.S,Case
S.E.S,Cassette
S.E.S,Deluxe
S.E.S,Japan
S.E.S,Jewel
S.E.S,Standard
S.E.S,Taiwan
S.E.S,Tape
S.I.S,Standard
Samuel,Japanese
Samuel,Standard
Santos Bravos,Deluxe
SATURDAY,Makestar
SATURDAY,Normal
SATURDAY,Promotional
SATURDAY,Usb
SAY MY NAME,Ever
SAY MY NAME,Holder
SAY MY NAME,Hype
SAY MY NAME,Keyring
SAY MY NAME,Lovvme
SAY MY NAME,Mallang
SAY MY NAME,Music
SAY MY NAME,My
SAY MY NAME,Our
SAY MY NAME,Real
SAY MY NAME,Standard
SAY MY NAME,Vibe
Scarlet (2014),Standard
SE SO NEON,Cassette
SE SO NEON,Colored
SE SO NEON,Cream
SE SO NEON,Dark
SE SO NEON,Ep
SE SO NEON,Glow
SE SO NEON,In
SE SO NEON,Japan
SE SO NEON,Lp
SE SO NEON,Salt
SE SO NEON,Sea
SE SO NEON,Tape
SE SO NEON,The
Secret,Bloom
Secret,Bobby
Secret,Doll
Secret,Fantasia
Secret,From
Secret,Gift
Secret,Letter
Secret,Secret
Secret,Standard
Secret,Top
Secret,Type
Secret Number,Glow
Secret Number,Shine
Secret Number,Standard
Secret Number,Type
SeeYa,Standard
Seo Taiji,Case
Seo Taiji,Cassette
Seo Taiji,Jewel
Seo Taiji,Standard
Seo Taiji and Boys,Case
Seo Taiji and Boys,Cassette
Seo Taiji and Boys,Jewel
Seori,Standard
SEVENTEEN,Albums
SEVENTEEN,Carat
SEVENTEEN,Case
SEVENTEEN,Cassette
SEVENTEEN,Compact
SEVENTEEN,Dino
SEVENTEEN,Dokyeom
SEVENTEEN,Hits
SEVENTEEN,Hoshi
SEVENTEEN,Jewel
SEVENTEEN,Kihno
SEVENTEEN,Kit
SEVENTEEN,Magazine
SEVENTEEN,Mingyu
SEVENTEEN,Nest
SEVENTEEN,Physical
SEVENTEEN,Rats
SEVENTEEN,Rev
SEVENTEEN,Seungkwan
SEVENTEEN,Standard
SEVENTEEN,Taiwan
SEVENTEEN,Tape
SEVENTEEN,The
SEVENTEEN,Usb
SEVENTEEN,Vernon
SEVENTEEN,Vers
SEVENTEEN,Weverse
SEVENTEEN,Wonwoo
SEVENTEEN,Woozi
SEVENUS,Begin
SEVENUS,Caller
SEVENUS,Fresh
SEVENUS,Poca
SEVENUS,Responder
SEVENUS,Summer
SEVENUS,Us
SF9,As
SF9,Chani
SF9,Dawon
SF9,Fancy
SF9,Hwiyoung
SF9,Inseong
SF9,Is
SF9,Jaeyoon
SF9,Keyring
SF9,Love
SF9,Loved
SF9,Md
SF9,One
SF9,Only
SF9,Picture
SF9,Standard
SF9,Ta
SF9,Taeyang
SF9,Taiwan
SF9,Wan
SF9,Youngbin
SHA SHA,Standard
She'z,Standard
Shin Jimin,Standard
SHINee,Atmos
SHINee,Book
SHINee,Ceremony
SHINee,Fanclub
SHINee,Fc
SHINee,Green
SHINee,Key
SHINee,Minho
SHINee,Onew
SHINee,Only
SHINee,Performance
SHINee,Pink
SHINee,Prismic
SHINee,Rain
SHINee,Rock
SHINee,Smini
SHINee,Taemin
SHINee,Towel
SHINee,Venue
SHINee,Weather
Shinhwa,Afternoon
Shinhwa,Color
Shinhwa,Japanese
Shinhwa,Mono
Shinhwa,Night
Shinhwa,Standard
SHINVI,Case
SHINVI,Jewel
SISTAR,Bora
SISTAR,Dasom
SISTAR,Hyolyn
SISTAR,Soyou
SISTAR,Standard
SISTAR,Taiwan
SKINZ,Nfc
SKINZ,Standard
SKYE,Backstage
SKYE,Club
SKYE,Home
SKYE,Runway
Smile.G,Album
Smile.G,Promo
SMORZ,Always
SMORZ,More
SMORZ,Some
Snuper,Sangho
Snuper,Sangil
Snuper,Sebin
Snuper,Standard
Snuper,Suhyun
Snuper,Taewoong
Snuper,Woosung
Son Dam Bi,Standard
SONAMOO,Standard
SONAMOO,Type
Soojin,Attitude
Soojin,Baddie
Soojin,Blue
Soojin,Delicate
Soojin,Jewel
Soojin,Pocaalbum
Soojin,Red
Soojin,Temptation
Soojin,Wild
Soorin,Keepsake
Soorin,Reverie
Soorin,Standard
SoRi,Standard
SPICA,Standard
SPLAYIT,Standard
STAYC,Court
STAYC,Isa
STAYC,Mini
STAYC,Pack
STAYC,Player
STAYC,Plve
STAYC,Profile
STAYC,Seeun
STAYC,Sieun
STAYC,Standard
STAYC,Sumin
STAYC,Yoon
STAYC,Zine
Stella Jang,Case
Stella Jang,Jewel
Stella Jang,Lp
Stella Jang,Standard
Stellar,Album
Stellar,Black
Stellar,Promo
Stellar,Signed
Stellar,Standard
Stellar,White
StelLive,Hina
StelLive,Lize
StelLive,Mashiro
StelLive,Mv
StelLive,Nana
StelLive,Photocard
StelLive,Riko
StelLive,Rin
StelLive,Shibuki
StelLive,Stellive
StelLive,Tabi
StelLive,Yuni
Stray Kids,Album
Stray Kids,Bang
Stray Kids,Cassette
Stray Kids,Chan
Stray Kids,Changbin
Stray Kids,Creamsicle
Stray Kids,Eclipse
Stray Kids,Fans
Stray Kids,Felix
Stray Kids,Group
Stray Kids,Han
Stray Kids,Hardcover
Stray Kids,Hyunjin
Stray Kids,Know
Stray Kids,Lee
Stray Kids,Lp
Stray Kids,Marble
Stray Kids,Orange
Stray Kids,Pink
Stray Kids,Seungmin
Stray Kids,Single
Stray Kids,Solar
Stray Kids,Standard
Stray Kids,Tangerine
Stray Kids,Target
Stray Kids,That
Stray Kids,This
Stray Kids,Tiny
Stray Kids,Truck
Stray Kids,Unit
Stray Kids,Walmart
Summer Soul,Cassette
Summer Soul,Compact
Summer Soul,Tape
Sunmi,Album
Sunmi,Lp
Sunmi,Promo
Sunmi,Standard
Sunny Hill,Standard
SUPER JUNIOR,Blu
SUPER JUNIOR,Box
SUPER JUNIOR,Cassette
SUPER JUNIOR,Deluxe
SUPER JUNIOR,Ed
SUPER JUNIOR,Ray
SUPER JUNIOR,Standard
SUPER JUNIOR,Tape
SuperM,Baekhyun
SuperM,Kai
SuperM,Korean
SuperM,Lucas
SuperM,Mark
SuperM,One
SuperM,Standard
SuperM,Super
SuperM,Taemin
SuperM,Taeyong
SuperM,Target
SuperM,Ten
SuperM,Unit
SuperM,Us
SURAN,Kitalbum
SURAN,Standard
Suzy,Standard
T-ARA,Boram
T-ARA,Box
T-ARA,Diamond
T-ARA,Eunjung
T-ARA,Hyomin
T-ARA,Jiyeon
T-ARA,Only
T-ARA,Pearl
T-ARA,Qri
T-ARA,Sapphire
T-ARA,Soyeon
T-ARA,Standard
Taemin,Black
Taemin,Fanclub
Taemin,Ing
Taemin,Kihno
Taemin,Kit
Taemin,Mood
Taemin,More
Taemin,Move
Taemin,Movie
Taemin,Normal
Taemin,Photo
Taemin,Verison
Taemin,White
Taemin,Wild
Taeyeon,Beige
Taeyeon,Blossom
Taeyeon,Daisy
Taeyeon,Deluxe
Taeyeon,Fine
Taeyeon,Got
Taeyeon,Kihno
Taeyeon,Live
Taeyeon,Love
Taeyeon,Lp
Taeyeon,My
Taeyeon,Purple
Taeyeon,Red
Taeyeon,Sky
Taeyeon,Standard
Taeyeon,Type
Taeyeon,Visual
Taeyeon,White
Tahiti,Jerry
Tahiti,Standard
TAN,Black
TAN,Platform
TAN,Standard
TAN,White
TAN,World
TASTY,Standard
Teen Top,Album
Teen Top,Book
Teen Top,Box
Teen Top,Changjo
Teen Top,Mini
Teen Top,Niel
Teen Top,Offstage
Teen Top,Onstage
Teen Top,Photo
Teen Top,Poca
Teen Top,Ricky
Teen Top,Sleeve
Teen Top,Standard
Tempest,Before
Tempest,Blue
Tempest,Booster
Tempest,Compact
Tempest,Engine
Tempest,Fanclub
Tempest,Green
Tempest,It
Tempest,Lp
Tempest,Me
Tempest,Moonlight
Tempest,Poca
Tempest,Pop
Tempest,Standard
Tempest,Sunlight
Tempest,We
TFN,Normal
THE BOYZ,Boss
THE BOYZ,Boy
THE BOYZ,Breaking
THE BOYZ,Dawn
THE BOYZ,Eric
THE BOYZ,Fake
THE BOYZ,Fanclub
THE BOYZ,Fc
THE BOYZ,Flash
THE BOYZ,Holiday
THE BOYZ,Hush
THE BOYZ,Hyunjae
THE BOYZ,Jacob
THE BOYZ,Juyeon
THE BOYZ,Moon
THE BOYZ,Platform
THE BOYZ,Reach
THE BOYZ,Realize
THE BOYZ,Reason
THE BOYZ,Riot
THE BOYZ,She
THE BOYZ,The
THE BOYZ,Vanguard
THE BOYZ,Wolf
THE BOYZ,Younghoon
The Deep,Standard
The KingDom,Bloom
The KingDom,Chaos
The KingDom,Dawn
The KingDom,Day
The KingDom,Dusk
The KingDom,Energy
The KingDom,Eternity
The KingDom,Fatalistic
The KingDom,Fate
The KingDom,Freedom
The KingDom,Glory
The KingDom,Irregular
The KingDom,Night
The KingDom,Portrait
The KingDom,Shadow
The KingDom,Soul
The KingDom,Standard
The Legend,Standard
The Poles,Lp
The Rose,Blue
The Rose,Box
The Rose,Case
The Rose,Dawn
The Rose,Deluxe
The Rose,Dusk
The Rose,Jewel
The Rose,Lp
The Rose,Red
The Rose,Standard
The Rose,White
The Wind,Bin
The Wind,Boy
The Wind,Ceremony
The Wind,Chan
The Wind,Day
The Wind,Dear
The Wind,From
The Wind,Ha
The Wind,Han
The Wind,Hee
The Wind,Island
The Wind,Love
The Wind,Platform
The Wind,Soo
The Wind,Summer
The Wind,Thanatorn
The Wind,Vacation
The Wind,Youth
The Wind,Yu
TIOT,Flex
TIOT,Inside
TIOT,Kick
TIOT,Kiwee
TIOT,My
TIOT,Outside
TIOT,Plve
TIOT,Pride
TIOT,Ready
TIOT,Start
TIOT,Your
TNX,Deja
TNX,Document
TNX,Nostalgia
TNX,Record
TNX,Standard
TNX,Vu
TO1,Dystoopia
TO1,Freeze
TO1,Ground
TO1,Lie
TO1,Platform
TO1,Play
TO1,Real
TO1,Standard
TO1,Tag
TO1,Troublemaker
TO1,Utoopia
TOMATOMAT,Case
TOMATOMAT,Jewel
TOMORROW X TOGETHER,Albums
TOMORROW X TOGETHER,Beomgyu
TOMORROW X TOGETHER,Blue
TOMORROW X TOGETHER,Cap
TOMORROW X TOGETHER,Case
TOMORROW X TOGETHER,Compact
TOMORROW X TOGETHER,Figure
TOMORROW X TOGETHER,Huening
TOMORROW X TOGETHER,Kai
TOMORROW X TOGETHER,Photocard
TOMORROW X TOGETHER,Pink
TOMORROW X TOGETHER,Soobin
TOMORROW X TOGETHER,Standard
TOMORROW X TOGETHER,Taehyun
TOMORROW X TOGETHER,Weverse
TOMORROW X TOGETHER,Yeonjun
TOZ,Blue
TOZ,Green
TOZ,Orange
Trade L,Case
Trade L,Jewel
TRCNG,Standard
TRCNG,Standerd
TREASURE,Album
TREASURE,Asahi
TREASURE,Bag
TREASURE,Card
TREASURE,Choi
TREASURE,Doyoung
TREASURE,Drawstring
TREASURE,Haruto
TREASURE,Holder
TREASURE,Hyunsuk
TREASURE,In
TREASURE,Jaehyuk
TREASURE,Japan
TREASURE,Japanese
TREASURE,Jeongwoo
TREASURE,Jihoon
TREASURE,Junghwan
TREASURE,Junkyu
TREASURE,Kingkong
TREASURE,Live
TREASURE,Moment
TREASURE,Park
TREASURE,Raw
TREASURE,Reverse
TREASURE,So
TREASURE,Sporty
TREASURE,Tag
TREASURE,Yg
TREASURE,Yoon
TREASURE,Yoshi
TRENDZ,Book
TRENDZ,Dream
TRENDZ,Eunil
TRENDZ,Hankook
TRENDZ,Havit
TRENDZ,Leon
TRENDZ,Like
TRENDZ,Pack
TRENDZ,Photo
TRENDZ,Pocaalbum
TRENDZ,Ra
TRENDZ,Standard
TRENDZ,Yechan
TRENDZ,Yoonwoo
TRI.BE,Album
TRI.BE,Cosmos
TRI.BE,Max
TRI.BE,Nemo
TRI.BE,Standard
TRI.BE,Stay
TRI.BE,Thin
TRI.BE,Together
TRI.BE,Universe
TRI.BE,Vvs
Triple H,Standard
tripleS,Album
tripleS,Blooming
tripleS,Case
tripleS,Chaewon
tripleS,Chaeyeon
tripleS,China
tripleS,Concept
tripleS,Fanclub
tripleS,Flower
tripleS,Jewel
tripleS,Jiwoo
tripleS,Keyring
tripleS,Kotone
tripleS,Lp
tripleS,Mayu
tripleS,Music
tripleS,Nemo
tripleS,Nfc
tripleS,Objekt
tripleS,Profile
tripleS,Qr
tripleS,Shion
tripleS,Soomin
tripleS,Wallflower
tripleS,Wappen
tripleS,Yooyeon
Trouble Maker,Standard
Trouble Maker,Taiwan
TUIDE,Game
TUIDE,Gonggi
TUIDE,Merch
TUIDE,Play
TUIDE,Tune
TUIDE,We
TUIDE,Weverse
TUNEXX,Only
TUNEXX,Platform
TUNEXX,Un
TUNEXX,Us
TVXQ,Achievement
TVXQ,Behind
TVXQ,Bigeast
TVXQ,Black
TVXQ,Card
TVXQ,Cassette
TVXQ,Disk
TVXQ,Fake
TVXQ,Fanclub
TVXQ,Kihno
TVXQ,Music
TVXQ,Red
TVXQ,Script
TVXQ,Smini
TVXQ,Smtown
TVXQ,Speedrun
TVXQ,Standard
TVXQ,True
TVXQ,Tvxq
TVXQ,Zine
TWICE,Avocado
TWICE,Box
TWICE,Canvas
TWICE,Chaeyoung
TWICE,Collectible
TWICE,Dahyun
TWICE,Direct
TWICE,Downpour
TWICE,Fancy
TWICE,Gift
TWICE,Got
TWICE,Hardcover
TWICE,Japan
TWICE,Music
TWICE,Nemo
TWICE,Once
TWICE,Pit
TWICE,Platform
TWICE,Plum
TWICE,Single
TWICE,Standard
TWICE,Store
TWICE,Target
TWICE,Twice
TWICE,Tzuyu
TWICE,Us
TWICE,Warner
TWICE,You
TWS,Cat
TWS,Chapter
TWS,Compact
TWS,Dohoon
TWS,Final
TWS,Guide
TWS,Hanjin
TWS,Jihoon
TWS,Kit
TWS,Kyungmin
TWS,Love
TWS,Move
TWS,Romeo
TWS,Shinyu
TWS,Standard
TWS,Weverse
TWS,Youngjae
U_Chae,Kit
U_Chae,Kitalbum
U_Chae,Type
U-KISS,Blu
U-KISS,Flash
U-KISS,Ray
U-KISS,Shadow
U-KISS,Standard
U-KISS,Type
UDTT,Standard
UN,Case
UN,Cassette
UN,Jewel
UNB,Black
UNB,Heart
UNB,Standard
UNI.T,Standard
UNICODE,Type
UNIQ,Chinese
UNIQ,Korean
UNIS,Archive
UNIS,Elisia
UNIS,Gehlee
UNIS,Glow
UNIS,Hyeonju
UNIS,Jewel
UNIS,Keyring
UNIS,Kotoko
UNIS,Nana
UNIS,New
UNIS,Poca
UNIS,Recipe
UNIS,Seowon
UNIS,Start
UNIS,Story
UNIS,Yoona
UNIS,Yunha
UNVS,Standard
UP10TION,Clue
UP10TION,Crime
UP10TION,Hunter
UP10TION,Illuminate
UP10TION,Illusion
UP10TION,Light
UP10TION,Love
UP10TION,Moment
UP10TION,Scope
UP10TION,Sequence
UP10TION,Silhouette
UP10TION,Spectrum
UP10TION,Still
USPEER,Bite
USPEER,District
USPEER,Just
USPEER,Kinetic
USPEER,Objective
USPEER,Pocaalbum
USPEER,Run
USPEER,Static
VANNER,Banner
VANNER,Capture
VANNER,Dreams
VANNER,Empty
VANNER,Flag
VANNER,Hit
VANNER,Jackpot
VANNER,Of
VANNER,Plve
VANNER,Slipcase
VANNER,Spark
VANNER,Sparkle
VANNER,Standard
VANNER,Start
VANNER,The
VANNER,Victory
VANNER,Voyage
Varsity,Date
VAV,For
VAV,Give
VAV,Made
VAV,Me
VAV,More
VAV,Nsci
VAV,Poison
VAV,Subc
VAV,Two
VAV,Us
VAYONN,Record
VAYONN,Today
VAYONN,Youth
VERIVERY,Dongheon
VERIVERY,Gyehyeon
VERIVERY,Kangmin
VERIVERY,Light
VERIVERY,Lock
VERIVERY,Over
VERIVERY,Plan
VERIVERY,Play
VERIVERY,Reality
VERIVERY,Shy
VERIVERY,Sink
VERIVERY,Standard
VERIVERY,Yeonho
VERIVERY,Yongseung
VICTON,Binder
VICTON,Bloom
VICTON,In
VICTON,Keyring
VICTON,Kihno
VICTON,Mirror
VICTON,My
VICTON,Normal
VICTON,Out
VICTON,Platform
VICTON,Scene
VICTON,Stage
VICTON,Type
VICTON,Watch
VICTON,Woo
VIVIZ,Case
VIVIZ,Clazzy
VIVIZ,Dayz
VIVIZ,Eunha
VIVIZ,Fake
VIVIZ,Fate
VIVIZ,Flying
VIVIZ,Jewel
VIVIZ,Love
VIVIZ,Off
VIVIZ,On
VIVIZ,Plve
VIVIZ,Point
VIVIZ,Qr
VIVIZ,Ready
VIVIZ,Side
VIVIZ,Sinb
VIVIZ,Summer
VIVIZ,To
VIVIZ,Umji
VIVIZ,Vivid
VIVIZ,Zag
VIVIZ,Zig
VIXX,Book
VIXX,Kihno
VIXX,Kit
VIXX,Piece
VIXX,Pop
VIXX,Standard
VIXX,Up
VIXX,Whole
VVS,Brittney
VVS,Ilee
VVS,Jiu
VVS,Lena
VVS,Liwon
VVS,Rana
W!TCHX,Ready
W!TCHX,Run
WAKER,Burn
WAKER,Card
WAKER,Chocolate
WAKER,Days
WAKER,Dream
WAKER,Freeze
WAKER,Like
WAKER,Marmalade
WAKER,Mission
WAKER,Rising
WAKER,That
WAKER,Vanilla
Wanna One,Adventure
Wanna One,Art
Wanna One,Book
Wanna One,Day
Wanna One,Heal
Wanna One,Japan
Wanna One,Kihno
Wanna One,Lean
Wanna One,Md
Wanna One,Me
Wanna One,Night
Wanna One,No
Wanna One,On
Wanna One,One
Wanna One,Package
Wanna One,Pink
Wanna One,Position
Wanna One,Romance
Wanna One,Sky
Wanna One,Standard
Wanna One,The
Wanna One,Triple
Wanna One,Wanna
Wanna One,Wanne
WATERFIRE,Hunminjaybit
WATERFIRE,Partners
WATERFIRE,Standard
WATERFIRE,The
WATERFIRE,Waterfire
wave to earth,Anniversary
wave to earth,Blue
wave to earth,Debut
wave to earth,Ivory
wave to earth,Korea
wave to earth,Lp
wave to earth,Pink
wave to earth,Print
wave to earth,Re
wave to earth,Standard
wave to earth,Tour
wave to earth,White
WayV,Black
WayV,Emblem
WayV,Hendery
WayV,Kun
WayV,Off
WayV,On
WayV,Red
WayV,Smini
WayV,Ten
WayV,Xiaojun
WayV,Yangyang
We Girls,Standard
WE IN THE ZONE,Standard
Weeekly,Growth
Weeekly,Iris
Weeekly,Jump
Weeekly,Lights
Weeekly,Myself
Weeekly,On
Weeekly,Orb
Weeekly,Palette
Weeekly,Platform
Weeekly,Real
Weeekly,Self
Weeekly,Standard
Weeekly,Up
Weeekly,Wave
Weeekly,World
WEi,Album
WEi,Black
WEi,Chic
WEi,Dramatic
WEi,Dream
WEi,Fake
WEi,Falling
WEi,Fancy
WEi,Haven
WEi,In
WEi,Love
WEi,Meta
WEi,Na
WEi,Ocean
WEi,Of
WEi,Poca
WEi,Reality
WEi,Red
WEi,Rui
WEi,Shine
WEi,Standard
WEi,Start
WEi,Type
WEi,Ve
WEi,We
WEi,With
WEi,Wonder
Weki Meki,Break
Weki Meki,Case
Weki Meki,Ceremony
Weki Meki,Dazzling
Weki Meki,Funeral
Weki Meki,Hide
Weki Meki,Kicks
Weki Meki,Kihno
Weki Meki,Kiss
Weki Meki,Lock
Weki Meki,Lol
Weki Meki,Lucky
Weki Meki,Meki
Weki Meki,Normal
Weki Meki,Seek
Weki Meki,Shimmering
Weki Meki,Standard
Weki Meki,Take
Weki Meki,Weki
Wezag,Normal
WHIB,Album
WHIB,Card
WHIB,Color
WHIB,Curse
WHIB,Eternal
WHIB,Ever
WHIB,Kit
WHIB,Music
WHIB,Noir
WHIB,Rising
WHIB,Standard
WHIB,Uncolor
WHIB,Youth
WINNER,Black
WINNER,Blue
WINNER,Bold
WINNER,Crosslight
WINNER,Crossroad
WINNER,Day
WINNER,Dream
WINNER,For
WINNER,La
WINNER,Launching
WINNER,Light
WINNER,Night
WINNER,Seoul
WINNER,Shoreditch
WINNER,Silver
WINNER,Soft
WINNER,Standard
WINNER,Westminster
WINNER,White
WINNER,Youth
Wish,Kitalbum
WJSN,Agyrtis
WJSN,Argyrtis
WJSN,Envelope
WJSN,Enypnion
WJSN,Happy
WJSN,Ii
WJSN,Iii
WJSN,In
WJSN,Moment
WJSN,Out
WJSN,Phoreus
Wonder Girls,Hot
Wonder Girls,Hyerim
Wonder Girls,Justice
Wonder Girls,Neon
Wonder Girls,Pink
Wonder Girls,Standard
Wonder Girls,Sunmi
Wonder Girls,Yeeun
Wonder Girls,Yellow
Wonder Girls,Yubin
Wonho,Air
Wonho,Crack
Wonho,Ii
Wonho,Iii
Wonho,Jewel
Wonho,Kit
Wonho,Onset
Wonho,Raw
Wonho,Shell
WOOAH,Albums
WOOAH,Break
WOOAH,Case
WOOAH,Enjoy
WOOAH,Happy
WOOAH,Hope
WOOAH,Injoy
WOOAH,Jewel
WOOAH,Lucy
WOOAH,Minseo
WOOAH,Nana
WOOAH,Patter
WOOAH,Pitter
WOOAH,Poca
WOOAH,Sora
WOOAH,Standard
WOOAH,Stayg
WOOAH,Take
WOOAH,Wooyeon
WOODZ,Allergy
WOODZ,Black
WOODZ,Case
WOODZ,Colorful
WOODZ,Control
WOODZ,Cosmic
WOODZ,Earth
WOODZ,Free
WOODZ,Jewel
WOODZ,Key
WOODZ,Kihno
WOODZ,Love
WOODZ,Lp
WOODZ,Main
WOODZ,Red
WOODZ,Trauma
WOODZ,White
X-5,Standard
X:IN,Black
X:IN,Chaos
X:IN,Hyper
X:IN,Order
X:IN,Platform
X:IN,Standard
X:IN,White
X1,Kihno
X1,Leap
X1,Quantum
X1,Soaring
XD,Blue
XD,Smc
Xdinary Heroes,Album
Xdinary Heroes,Boy
Xdinary Heroes,Case
Xdinary Heroes,Chic
Xdinary Heroes,De
Xdinary Heroes,End
Xdinary Heroes,Fall
Xdinary Heroes,Fallen
Xdinary Heroes,Gaon
Xdinary Heroes,Gunil
Xdinary Heroes,Hero
Xdinary Heroes,Illustration
Xdinary Heroes,In
Xdinary Heroes,Jooyeon
Xdinary Heroes,Jungsu
Xdinary Heroes,Junhan
Xdinary Heroes,Keyring
Xdinary Heroes,Live
Xdinary Heroes,Love
Xdinary Heroes,Nemo
Xdinary Heroes,Platform
Xdinary Heroes,Promo
Xdinary Heroes,Raw
Xdinary Heroes,Sick
Xdinary Heroes,Signed
Xdinary Heroes,Standard
Xdinary Heroes,Tabloid
Xdinary Heroes,The
Xdinary Heroes,Tin
XENO-T,Album
XENO-T,Collaboration
XENO-T,Ha
XENO-T,Ilkwon
XENO-T,Standard
XG,Alphaz
XG,Chisa
XG,Cocona
XG,Harvey
XG,Hinata
XG,Juria
XG,Jurin
XG,Lp
XG,Maya
XG,Standard
XG,Us
XG,Venue
XG,Xg
XIA,Cosmic
XIA,Keyring
XIA,Orbit
XIA,Solar
XIA,Standard
xikers,Hiker
xikers,Nfc
xikers,Out
xikers,Platform
xikers,Plve
xikers,Pocaalbum
xikers,Rock
xikers,Star
xikers,Tricky
xikers,Triky
xikers,Watch
XLOV,Complete
XLOV,Lp
XLOV,Pack
XLOV,Standard
XngHan&Xoul,Adventure
XngHan&Xoul,Album
XngHan&Xoul,Glow
XngHan&Xoul,Japan
XngHan&Xoul,Part
XngHan&Xoul,Smart
XngHan&Xoul,Xnghan
XngHan&Xoul,Xoul
XODIAC,Ashen
XODIAC,Bright
XODIAC,Cloud
XODIAC,Dare
XODIAC,Dark
XODIAC,Day
XODIAC,Ever
XODIAC,From
XODIAC,Letter
XODIAC,Love
XODIAC,Moonlight
XODIAC,Night
XODIAC,Obsidian
XODIAC,Starlight
XODIAC,Sunlight
XODIAC,To
XODIAC,Truth
XODIAC,Us
xooos,Standard
XUM,Standard
Yena,Album
Yena,Catch
Yena,Cupid
Yena,Earth
Yena,Good
Yena,Hate
Yena,Like
Yena,Mo
Yena,Morning
Yena,Ne
Yena,Night
Yena,Online
Yena,Plve
Yena,Poca
Yena,Sky
Yena,Standard
Yena,Store
Yena,Type
Yena,Victor
Yeojin,Kit
Yerin,Case
Yerin,Day
Yerin,Floor
Yerin,Jewel
Yerin,Nemo
Yerin,Night
Yerin,Platform
Yerin,Second
Yerin,Standard
Yerin Baek,Lp
Yerin Baek,Standard
YongYong,Album
YongYong,Full
YongYong,Nemo
Yoon Jisung,Baek
Yoon Jisung,Bang
Yoon Jisung,Kihno
Yoon Jisung,Mi
Yoon Jisung,Platform
Yoon Jisung,Ro
Yoon Min,Standard
Yoon Seobin,Digital
Yoon Seobin,Rizz
Yoon Seobin,Square
You Dayeon,Plve
Youkyung,Standard
Young Posse,Book
Young Posse,Box
Young Posse,Case
Young Posse,Jewel
Young Posse,Magazine
Young Posse,Making
Young Posse,Standard
Young Posse,Sticker
Younha,Case
Younha,Jewel
Younha,Lp
Younha,Standard
Younite,Aeil
Younite,Album
Younite,Aurora
Younite,Black
Younite,Bloom
Younite,Delight
Younite,Flare
Younite,In
Younite,Karman
Younite,Kit
Younite,Neul
Younite,On
Younite,Poca
Younite,Pocaalbum
Younite,Red
Younite,Spotlight
Younite,Unit
Younite,Yun
YUHZ,Epilogue
YUHZ,Orange
YUHZ,Record
Yuju,Clear
Yuju,Curse
Yuju,Green
Yuju,Love
Yuju,Lp
Yuju,Platform
Yuju,Take
Yuju,White
Yukika,Blue
Yukika,Cream
Yukika,Light
Yukika,Lp
Yukika,Memory
Yukika,Standard
Yukika,Stick
Yukika,Time
Yukika,White
Yves,Overseas
Z-Girls,Girls
Z-Girls,Standard
ZE:A,Standard
ZE:A,Type
ZEROBASEONE,Gunwook
ZEROBASEONE,Gyuvin
ZEROBASEONE,Hanbin
ZEROBASEONE,Hao
ZEROBASEONE,Jiwoong
ZEROBASEONE,Keyring
ZEROBASEONE,Lenticular
ZEROBASEONE,Lp
ZEROBASEONE,Matthew
ZEROBASEONE,Ricky
ZEROBASEONE,Taerae
ZEROBASEONE,Yujin
ZEROBASEONE,Zerose
ZION.T,Aqua
ZION.T,Blue
ZION.T,Case
ZION.T,Jewel
ZION.T,Lp
