Card_ID,Group_Name,Member_Name,Album_Title,Image_URL
cmqkhqu57007zj50c9z5lctrv,ENHYPEN,,The Sin: Bliss,
cmrbgbrop007vl7045dkeflqc,Stray Kids,,This & That,
cmr9jbfab00xvi604sy1weh3v,NouerA,,[.exe],
cmrp4x7us00bajr04hjmon14a,DAY6 ,,Youngest,
cmq80eshc00aale044vfajdcn,aespa,,KISS N TELL,
cmqfyq8li003ql504yk89juxe,TOMORROW X TOGETHER,,NO LABELS: PART 02,
cmq3z0buj005ijz0499w58emk,i-dle,,We made,
cmqqm4civ00bsjl04d7cqpjbo,Dreamcatcher,,Playlist #Your Youth,
cmq6fs61i009tle04s2ofmp2w,SEVENTEEN,,V8,
cmpgegp2d006pi804xi1unkx7,ATEEZ,,GOLDEN HOUR : Part.5,
cmqgr6hxr006ykz04dw37p2fp,Yeojin,,Lv2,
cmpuus6410012j70b0xj4dcs1,Hearts2Hearts,,Lemon Tang,
cmpwidkb2000oju04qltkjuti,STAYC,,2:LOVE,
cmpvkhvr10133jr04ig5ahsgg,RIIZE ,,II,
cmqejm9ld01ssjy04c3r82l4p,KATSEYE,,ICONIC BY MISTAKE,
cmqejkwvy008cl504qll15fzk,ILLIT,,ICONIC BY MISTAKE,
cmqejlnf900m9jx0434of35ey,LE SSERAFIM,,ICONIC BY MISTAKE,
cmozwya8t004tlb04n53nv7cr,BOYNEXTDOOR,,HOME,
cmpau6ivm0084l404derv1t5t,izna,,Set The Tempo,
cmq1bewia00aikv0baxcbwvuq,BABYMONSTER,,SUGAR HONEY ICE TEA,
cmp6r2225000ji007rtsbrefs,SHINee,,Atmos - The 6th Mini Album,
cmp89xsfi000njf0bytzr23k1,MEOVV,,BITE NOW,
cmoyj4g0x000ukv08w0unfpmh,tripleS,,LOVE&POP pt.1,
cmpcmc89q000sjd0a981hhaei,BoA,,Ain't No Hard Feelings,
cmo6lx7gh004zju04ojfub2qh,aespa,,Lemonade,
cmoqz65wl004ujk042jvpw630,XLOV,,"I, God",
cmnmqla8i004fjm04opkv4opz,IVE,,LUCID DREAM,
cmp9l5kpq002dld04aknwb7im,ALPHA DRIVE ONE,,No School Tomorrow,
cmp9gw5vv006il504k4grqr8r,AND2BLE,,Sequence 01: Curiosity,
cmnx4c717001kl704v58wb95g,LE SSERAFIM,,PUREFLOW pt.1,
cmogrdskc0050kz04fnpxqary,I.O.I,,LOOP,
cmoy70rhq0001ge07jxukfsa0,xikers,,ROUTE ZERO: The ORA,
cmpckzg0d000bkn0bonfe0aeu,LNGSHOT,,4SHOBOIZ Vol. 2: 4SHOVILLE,
cmoh2r5gg001rl204s40inrz5,ZEROBASEONE,,Ascend-,
cmo9imnrl000dl604oods5gfn,ITZY,,Motto,
cmov4rxft000ijx04lm5f9wca,NCT,,WYLD,
cmohm2pyj003tl404yxa0zq2y,GOT7,,Said & Done (Jinyoung Solo),
cmp7cq5so001fld04sd92en78,FLARE U,,YOUTH ERROR,
cmny1guys00aal504itd9wbbo,NMIXX,,Heavy Serenade,
cmougr6730004jh08lk1f2is5,Billlie,,The Collective Soul and Unconscious: Chapter Two,
cmnkoc3p1001tjr04si9cbkvh,BABYMONSTER,,CHOOM,
cmmj9p1pd001cju048pf91yws,CORTIS,,GREENGREEN,
cmnegrns50014jt04qvbhjex2,ILLIT,,MAMIHLAPINATAPAI,
cmnpestak003sjx04nrb3awrm,CRAVITY,,ReDeFINE,
cmnsc1a3q005cla045k0bj41t,82Major,,FEELM,
cmoh9ld4s0014l4048x7adjck,QWER,,CEREMONY ,
cmo5zcuja005dju04o026unyt,XngHan&Xoul,,Glow,
cmnopvszd0018l504ey5nj4n9,NEXZ,,Mmchk,
cmnc4mti3000amb078giwb1h3,TWS,,No Tragedy ,
cmoa4bnx1005yl504olzqky5k,LE SSERAFIM,,CELEBRATION,
cmlihxgrl0014ky04ilk4489l,&TEAM,,We on Fire ,
cmnkncwjf0060jy04bte6twoc,EVNNE,,Backtalk,
cmn1yevvc013bju044xwyde6n,NCT WISH,,Ode to Love,
cmn6cqp3n004bl504hcg302hh,Xdinary Heroes,,DEAD AND,
cmn7j2ep8002dl704yyyj21xv,Yves ,,Nail,
cmnbly7k0000ml804iviowaa8,ifeye,,As If,
cmn38pi3c003xjj0447065iv3,MODYSSEY,,1. Got Hooked: An Addictive Symphony,
cmm7w2773000wjs04g2etzdxe,TOMORROW X TOGETHER,,7TH YEAR: A Moment of Stillness in the Thorns,
cmn3917cn0073jy04xd9qkjie,PLAVE,,Caligo Pt. 2,
cmpmyt6qk01vijs042xjx4kxz,KATSEYE,,PINKY UP,
cmnjteeu0000pl704ap5f3ms2,AMPERS&ONE,,DEFINITION,
cmn685y6j0075ju043cx06vve,hrtz.wav,,The First Wave,
cmmuz65s00001ju04v1p0ix6c,KickFlip,,My First Kick,
cmmuy6r6n006zjo045zh901if,KISS OF LIFE,,Who Is She,
cmmeo42qr002ml104f2rjm9et,MONSTA X,,Unfold,
cmn4oow9f0001ju04zpxbs7kp,MAMAMOO,,[REV],
cmnroc70800cijo046c650e67,Cosmosy,,~ of the world ~,
cmmih0doa002kie04shne79xe,Kep1er,,Crack Code,
cmmj1azl0006ile04ds870169,Red Velvet,,Biggest Fan,
cmn5wirb0001vlb04xc5zkosx,DAY6 ,,Unpiltered,
cmnaw19fr0098lb04e5vkkww2,VERIVERY,,Free Falling - Kangmin Solo,
cmmd4cgnj004qk304wbnz9wd3,Baby DONT Cry,,After Cry,
cmm8liwlc0065jo045w0m1h0d,ITZY,,Ice Cream,
cmn2slzmj001hju04q0q01dt0,LNGSHOT,,Training Day,
cmkfp05vi001ol404j24hn7ry,BTS,,ARIRANG,
cmmant4sz00aeld0489fjcf5l,Latency,,LATE O’ CLOCK,
cmn3s80rk000yih04a6sbq0bd,ALL(H)OURS,,No Doubt,
cmmnqt5e3000fl8044juvtzy2,ODD YOUTH,,Babyface,
cmm3yqsi0002ll404qo1ulycc,P1Harmony,,UNIQUE,
cmnm303vu000ql40462pu1j4g,V01D,,01,
cmm2xfn86005wjj04qj0b0eh2,Yena,,Love Catcher,
cmmp6omg4005pl704k7rzu5w1,Dragon Pony,,RUN RUN RUN,
cmmkp9w4n00n8l204eiar5tq8,NouerA,,POP IT LIKE,
cmm7wga8v002uky04zai3nmy6,H1-KEY,,Lovechapter,
cml59oiyz0035l404b1jo2qiv,WOODZ,,Archive. 1,
cmmarkvl3002gla04rtuvdw61,EVERGLOW,,Code,
cmmi2lhgg0023jp040kp3yq2h,TUNEXX,,SET BY US ONLY,
cmkgkapaj002zl904mkjrwh4o,BLACKPINK,,Deadline,
cmmqg5ugx00b4jl0441d64n95,ONE PACT,,1’ONLY,
cmkumzs1v001rla04zic6pel0,NCT,,BOTH SIDES (JNJM unit),
cmkukbqzq0002js0439dpypfd,IVE,,REVIVE+,
cmpn9zdr0023tl2049mravjtn,X:IN,,Hyper,
cmlupqb8m002llb046tz5dkj3,Hearts2Hearts,,RUDE!,
cmkuh43cp000wic04sirayzd5,RIIZE ,,All of You,
cmn3rg0hu01lhjy0401mzbcrl,A.C.E,,Love Before Me,
cmk9vfajl0007ks0452aa4xiq,ATEEZ,,GOLDEN HOUR : Part.4,
cmi9neyr00003jw04cv4eb58p,TWICE,,PLAY,
cmka7hrc70005l104jp8818ec,ZEROBASEONE,,Re-flow,
cmmnfdher001rjr04kg9hspgp,ONEWE,,Studio We: Recording #4,
cmlki3ubz001cjr04wyoj8rod,WHIB,,ROCK THE NATION,
cmk2fz079000li2046uhg4ucr,KiiiKiii,,Delulu Pack,
cmkpzb5p9000ljr046uqa7q9z,XG,,THE CORE - 核,
cmkrek9d80001la040hv4u3b3,ONEUS,,Grenade - 原,
cmkldhhjx000rjp04hsiwvi5a,EXO,,REVERXE,
cmj7faync0001jr04vk86c4o8,ENHYPEN,,THE SIN: VANISH,
cmkm57qnt000uju04dug93ox8,LNGSHOT,,SHOT CALLERS,
cmixxq9060001l504txgx0ah0,ALPHA DRIVE ONE,,EUPHORIA,
cmkh82gau000kjr04vn2g6zgb,SEVENTEEN,,Serenade,
cmjx5qdfv003akz048er9hs1g,Latency,,It Was Love,
cmjczsz1n0001l8041dbg0d7i,Chuu,,"XO, My Cyberlove",
cmk51pj45002vju044ex1gxif,idntt,,yesweare,
cmk1104qv0030jy04wemc4jql,MONSTA X,,光 INSANITY,
cmixpk776001ll50478sq0ovn,SAY MY NAME,,&our vibe,
cmjgdtjp7001xld04o7tcwe8s,NCT,,Promise,
cmj097c38001bif04wi0mokyr,ALLDAY PROJECT,,ALLDAY PROJECT,
cml9q9z2d0014jl04kbr9erbb,WayV,,Eternal White,
cmppeuqqh00d9k004ovo15i1z,FLARE U,,Sweet Dream,
cmjncc3s20028jr04grmquwlc,VERIVERY,,Lost and Found,
cmid7937i000bjx04ku6fb5aw,RESCENE,,lip bomb,
cmie549hr000bjs044c92pbiu,tripleS,,Beyond Beauty,
cmiid1tu00001l104q1pkq1mv,RIIZE ,,Fame,
cmieibkno000nlg04j8yc4xm2,ILLIT,,NOT CUTE ANYMORE,
cmhcmpsg2001ile04mm0judq2,Stray Kids,,Do It,
cmh7x6w33000ljl04x3vgzu8n,NCT DREAM,,Beat It Up,
cmiddxykw000wl5042j2ec96r,Kiiras,,BANG BANG!,
cmii24rsc000mjo04480e940p,CLOSE YOUR EYES,,blackout,
cmicxv20r000hld04jfv4pab6,CRAVITY,,Dare to Crave: Epilogue,
cmijii81l0001l804ul4vcv6a,PLAVE,,PLBBUU,
cmi7dp6wl001mjo04kz9u0vgl,ITZY,,TUNNEL VISION,
cmhoui4gw000njr04kfib61pe,TOMORROW X TOGETHER,,NO LABELS: PART 01,
cmlk4l7y9004ol6044fvy7asu,JustB,,Snow Angel,
cmju2nbei0037js04yyqotxjm,KISS OF LIFE,,Tokyo Mission Start,
cmhyki5h30001jy04pl3nie0l,XLOV,,UXLXVE,
cmgvenlks0009l404bif9h8kv,AHOF,,The Passage,
cmicj75ji0003l504wmhopfsx,FIFTY FIFTY,,Too Much Part 1,
cmh4iwif60001jv04zza9k0a3,i-dle,,"MY, Lover",
cmi7hmnku0001la04wri6cf25,xikers,,HOUSE OF TRICKY : WRECKING THE HOUSE,
cmhdkqi580001l704nxz2yo1l,82Major,,Trophy,
cmh7gzran0017jm04d1xwsgyk,&TEAM,,Back to Life ,
cmk2rcp9h0041l4041fcd1k93,TRENDZ,,Crime ,
cmgphif5z000njs04jhn5xtev,ZEROBASEONE,,Iconik,
cmhmjcbaq0007l704qkgem6d3,Tempest,,As I am,
cmjmmsl4v001elb04xjdv6wp8,NEXZ,,Beat-Boxer,
cmhpfxkh20009l804dcerzl1t,NCT,,Persona,
cmgv6c7o1000fl1048k16w5su,Xdinary Heroes,,LXVE TO DEATH,
cmguta24h000kjs04crecwiym,LE SSERAFIM,,SPAGHETTI,
cmn8fvpm20029l404scewibzm,A.C.E,,Rebel,
cmh8ctm8f002tjp04wghq0m78,Hearts2Hearts,,FOCUS,
cmgq6dve6000dl404urrh1m3v,BOYNEXTDOOR,,The Action,
cmh3wbpq30009jl043pcii435,TOMORROW X TOGETHER,,Starkissed,
cmgtsyqam0002ie04ux4ihyw9,XLOV,,I WILL,
cmgqm0xuh000qjp04wmjtpdk2,MEOVV,,BURNING UP,
cmjwjr2t0002wl504dkntyfh7,BAE173,,NEW CHAPTER : DESEAR ,
cmgvdbe3r0010l704x1v1f4t0,NMIXX,,Blue Valentine,
cmgqaiplv000jjx04lmi778wt,TWS,,play hard,
cmhck2nqc0007l40492t90pij,BLACKPINK,,Eyes Closed (feat. Zayn),
cmh8qza6n002zl504itljheuy,TWICE,,TEN: The Story Goes On,
cmgqqy54o0001l60486s3ltxu,BABYMONSTER,,WE GO UP,
cmg3w45s400037fmhcv4ke2qy,ITZY,,Collector,
cmh84va7w0079ik04a4y2oyio,ONEWE,,Maze: Ad Astra,
cmg294vr00009qycdma5jt9ya,i-dle,,i-dle,
cmnc5mtnm003hmg07lmejw9qn,NuNew,,LEAVE ME WITH YOUR LOVE,
cmgv8llog000dju04joj2p37a,izna,,Not Just Pretty,
cmgwi7zfg000jkz049rkbc9i9,SEVENTEEN,,Hype Vibes,
cmgr034620008l10425i4ec2f,P1Harmony,,Ex,
cmjuc9h660023l8047awdd4q9,Cosmosy,,The A(e)nd,
cmhzxe1lb0003k104iawrc8ft,The KingDom,,The Flower of the Moon,
cmi27jpfk0017lg04g0uh1943,KickFlip,,My First Flip,
cmgqqgioz0001ib04ns7azpkx,ATEEZ,,Ashes to Light,
cmg29b1y00005sqp5tqfsoeo7,i-dle,,Motivation,
cmj8zs6jt0001l1041is2qe34,IDID,,I did it.,
cmnco80nh000fl907c4sgjfmp,BABYMONSTER,,HELLO MONSTERS IN JAPAN,
cmgrv80e20005js04wf5j7utl,TWICE,,LIL FANTASY Vol.1,
cmgvm1bwe002el1048sitrs64,Red Velvet,,Cerulean Verge,
cmhn2oxkl004glb04lohehtl8,ALL(H)OURS,,VCF,
cmgqu4oce0003l20403gn5vsq,CORTIS,,COLOR OUTSIDE THE LINES ,
cmh92y667003bjs04etcjk9mk,NCT,,Taste,
cmgv6fyfq000xky04cu2a814p,LE SSERAFIM,,EASY-CRAZY-HOT,
cmh9gcjvn0003la049kg1idut,aespa,,Rich Man,
cmh6ikd3h002ql8045i9oqkd9,DAY6 ,,The Decade,
cmh25m011000nib04ybe0a4yv,X:IN,,RRRUN,
cmgr21ddf0001l804prvm9yay,NCT WISH,,COLOR,
cmiv3m6i90007ky04lgbsiyra,TREASURE,,LOVE PULSE,
cmgpg8to9000tl6046n581orf,ZEROBASEONE,,Never Say Never,
cmh0ewnvw0003lc04ddskuogd,MONSTA X,,THE X,
cmgr0dt36000ojx04yppdaih3,PURPLE KISS,,OUR NOW,
cmgr7iaxd0005ju043s7yln8g,ILLIT,,Toki Yo Tomare,
cmhdem8wg0019l104bi1wur80,Soojin,,BADITUDE,
cmkoncmmf000yjv04k266rvqo,TWICE,,ENEMY,
cmi55onvs0015jo04yoozmc0s,H1-KEY,,Lovestruck - Japanese ver.-,
cmgsxdcn7000ajs047pyopm38,IVE,,IVE SECRET,
cmjouxfsf001zk004gsdjrhpr,EXO,,Upside Down,
cmgpaysxu000qif04xino3c6o,Stray Kids,,KARMA,
cmjsnncuh0001jp04uhuyzdcl,8TURN,,Electric Heart: 찬란하게 빛날,
cmgucikoa0003jp04pzxm3wvh,BOYNEXTDOOR,,BOYLIFE,
cmhfsrrt20001jl04fx9ltz22,MAMAMOO,,laundri,
cmgu3d321001ji904ghuik0sj,Kep1er,,BUBBLE GUM,
cmgvm2gdp0013jp04kd7apn1h,Red Velvet,,"From JOY, with Love",
cmh3ow28y0003l704x2zc6zsy,PLAVE,,Hide and Seek (Kakurenbo かくれんぼ),
cmi7kyjwa000jla04efl269nw,Young Posse,,Growing Pain pt. 1: FREE,
cmj0cyirc000vl8041qmkswf5,Yuju,,In bloom,
cmgqxkbmz000al704krez2wha,AMPERS&ONE,,LOUD & PROUD,
cmhkmnv50000bld04s7rrans1,Jeon Somi,,Chaotic & Confused,
cmgr8rnxf0001l7040w1iskwa,Key,,HUNTER - The 3rd Album,
cmj79y2wk0061l204lmkhox77,idntt,,unevermet ,
cmjubqu9h0007la04ymbefgwb,Queenz Eye,,PRISM EP.01,
cmh677ple000ul704vfzecjvy,Yves ,,Soft error,
cmh6txt7w0001l704t9aahza4,KiiiKiii,,DANCING ALONE,
cml30fw6u000vle04jofpzqkm,EVNNE,,LOVE ANECDOTE(S),
cmhi4e7600001l704aa0qzm6b,SAY MY NAME,,iLY,
cmgsxcjpk000akz04mu04kg2a,IVE,,Be Alright,
cmh843alu0001l104u5o8ltl9,XngHan&Xoul,,Waste No Time,
cmjf0fthw000iky046pht9l7a,ICHILLIN’,,Wild Cherry,
cmgvkhw1w000xl704c11kyy0s,Yena,,Blooming Wings,
cmgwtwmk90003ic04oqmm8375,THE BOYZ,,a;effect,
cmgsuxcet0001l204uricwlwh,ENHYPEN,,宵 -YOI-,
cml2nyzo6002ujm04xk7djr7n,Ryu Sujeong,,NEW CAR,
cmgusxoq40001l504y9eiw8s4,STAYC,,I WANT IT,
cmjf12xu40019l204eeeoyjbz,ONE PACT,,ONE FACT,
cmgpe2sqs001ml4040elnp4em,TOMORROW X TOGETHER,,The Star Chapter: Together,
cmh5m33qk0039l804poqnmjbz,WayV,,BIG BANDS,
cmedju04p000g13k0jbhgo4rb,BTS,,Permission to Dance On Stage - Live,
cmh81apyc003qju04tlo1i0tg,1Verse,,The 1st Verse,
cmgqxeld2000ald0412z5ou2c,PURPLE KISS,,I Miss My...,
cmh3rkti70001ju04sgvcy3df,ifeye,,sweet tang,
cmhjsrsht000hjs04s4lo6k0o,ASTRO,,Chameleon (Yoon San-ha Solo),
cmgrtu1uh0017jo04col1gtzi,NCT DREAM,,Go Back to the Future,
cmg0r6i00000114e33kjswiuy,BTS,,Charm of HOPE,
cmgqqc8te0003ky04i78tog5o,ATEEZ,,GOLDEN HOUR : Part.3 'In Your Fantasy Edition',
cmgt79zm10005la04kjhgboiz,BLACKPINK,,JUMP,
cmf1lbx8u001o5e2hngkgd1vy,TWICE,,THIS IS FOR,
cmoo0t3c8007rl204owhr05s6,A.C.E,,Champagne Poppin',
cmhlenba3000cjs04oewk40eu,NOWZ,,IGNITION,
cmh7ukhbd0016ld04iolj85cm,CLOSE YOUR EYES,,Snowy Summer,
cmgsi0p3m000hk004p2oxlz2p,VIVIZ,,A Montage of ( ),
cmgsqatvz0008l804moat79w6,SUPER JUNIOR,,Super Junior25,
cmjougg99000ola04s5kblubv,EXO,,Bliss,
cmldxi6w60022l5047twmtmp9,You Dayeon,,New Age,
cmid77ytz0007jx043fpnhs1h,RESCENE,,Dearest,
cmgqaus5k002ple04gtidqr15,TWS,,Nice to see you again,
cmgqqvd000008lb04a148rieg,BABYMONSTER,,HOT SAUCE,
cmgvejtlw000lky04983cng9q,AHOF,,WHO WE ARE,
cmgsw18y6001fl804yv7evhkz,ONEUS,,5x,
cmkefxnij0090l804296vmczb,NouerA,,n: number of cases,
cmgp6zfhx0002l8041z8282od,KATSEYE,,BEAUTIFUL CHAOS,
cmfjpwkpm00016zvbjdidw976,BTS,,Capsule Album Vol. 1,
cmgv5hrmp0007l204h7lj3632,aespa,,Dirty Work,
cmhkpvoiq0017ld04d7nwo019,H1-KEY,,Lovestruck,
cmgve5jx10003l3045alc7k6m,fromis_9,,From Our 20s,
cmpoo61dw00rhla04chipae51,XODIAC,,To. U,
cmgutoj9y001olc04ejyxg3jx,LE SSERAFIM,,DIFFERENT,
cmh0etojw000ll90440xg257e,CRAVITY,,Dare to Crave,
cmh3kasrh0009kz04vanewzkd,Baby DONT Cry,,F Girl,
cmgrbioyl000hl804reueollo,ALLDAY PROJECT,,FAMOUS,
cmgqr8lhz0004js0498ql9tpe,KPop Demon Hunters,,Soundtrack from the Netflix Film,
cmgpaxpfq0007jo042o0o5fcb,Stray Kids,,Hollow,
cmh8corfg000lla04luqrlby9,Hearts2Hearts,,STYLE,
cmgr7hjnv0003ju04w63l7cum,ILLIT,,bomb,
cmgwi2wzi0001lb046or00znl,ARTMS,,Club Icarus,
cmgpobppi002cl404s2dqekiz,ATEEZ,,GOLDEN HOUR : Part.3,
cmgsgztl2000mjy04li35yqnc,XLOV,,I ONE,
cmg0shxhx0001100srvbkl1ux,BTS,,Killin' It Girl,
cmjg8ibvq003ejr04ir4iggvh,PRIMROSE,,Cinema,
cmhjk68m20001lb044dn7lpmc,KISS OF LIFE,,224,
cmpqx483g008zl204uqk1wchq,BUS,,"Because of You, I Shine",
cmgv8kofs0001jt04xs86aauh,izna,,BEEP,
cmg29dj76000d12xj2khsygdu,ITZY,,Girls Will Be Girls,
cmgpe6kfm0007l4047ut49rc6,QWER,,"In a Million Noises, I'll Be Your Harmony",
cmgqjeyp10017ie04iwrepjem,Kiiras,,Kill Ma Bo$$,
cmhb1uqlg005ii304z4djkwsf,NCT,,Soar,
cmgsuvgh20007jl04bi9cvkp4,ENHYPEN,,DESIRE: UNLEASH,
cmgs1g1ta0005jo0484d94umv,NCT DREAM,,Moonlight,
cmj0y2oyu0027jq041ththsgt,USPEER,,Speed Zone,
cmjg7bvpe001bjr04qqb99mw3,B.I,,Wonderland ,
cmk5tg3y1000rjp04hm3flwci,ONEUS,,Radar,
cmk7331r10002jn04cbyqsoi6,N.Flying,,Everlasting,
cmhy64xos002cl804i7bc2c9s,Dreamcatcher,,Playlist #You are you,
cmh7hp7ws001ql404wfo1an84,IU,,"A flower bookmark, Pt. 3",
cmgrkv3es0005ld042e6yqcsv,SEVENTEEN,,HAPPY BURSTDAY,
cmi27ibdf000uky04ia30ee2i,KickFlip,,"Kick Out, Flip Now!",
cmgvkl8ki0013l504eo5zixqm,Red Velvet,,Tilt,
cmgqn8t310001la04w0pcv650,SHINee,,Poet | Artist,
cmhcv0c8s000bif042de0aldo,EXO,,Essence of Reverie,
cmh3tswco000fl404qttvhrsr,RIIZE ,,Odyssey,
cmg293xnz0005k6tqp876wb9c,i-dle,,We are,
cmg3qcrgs000110t2lkfjxpjl,BTS,,Echo,
cmi0v7jia0003jm04ffa5vk0g,TWICE,,#TWICE5,
cmgslru7h000bjv04bcdw8uzq,XG,,Million Places,
cmhb1h4k3000bju04rz4du7dh,NCT,,Twisted Paradise,
cmgq6c52p000hlg04d6iyvsrj,BOYNEXTDOOR,,No Genre,
cmgr0p5wv000hjv04ei7pxmj9,tripleS,,Assemble25,
cmgp7hj1o000cjl0403xpcmmo,MEOVV,,MY EYES OPEN VVIDE,
cmgr027ga0006jv049miltzw3,P1Harmony,,DUH!,
cmgpf0027001kjv04l7w4pyxf,TOMORROW X TOGETHER,,Love Language,
cmg293be40003juthmtoq06bm,i-dle,,We are i-dle,
cmh84sgy50015jr04a7wgij4i,TRENDZ,,Chameleon,
cmhau7e0w0053jr04y7ubhusm,Kep1er,,Against The World,
cmpmzpfzg006ml804s1r0qh78,KATSEYE,,Gnarly,
cmicj686k000zl104fuqjyfma,FIFTY FIFTY,,Day & Night,
cmju8vi8t0016l704n6656ne6,UDTT,,School Rush,
cmjmmpwa6001hjo042r0fd8fp,NEXZ,,O-RLY?,
cmh3g2yo60011jv040jzvtauf,LOVEONE,,Drama Queen,
cmh7gwzfz0005jx04d0osjvvn,&TEAM,,Go in Blind - EP,
cmh6720as0009l404pogq3jcv,Chuu,,Only cry in the rain,
cmgqadnuu002hii041direxzi,TWS,,TRY WITH US,
cmhcv7q1n000ljs0488y7m067,EXO,,Wait On Me,
cmi9ebjrz000fjr04dradf547,UNIS,,SWICY,
cmgr1zys2001gjm04wobzun1z,NCT WISH,,poppop,
cmh9qjp1g0013js04g7r0mai2,82Major,,Silence Syndrome,
cmnfmv6x8000gjp04obm1bdg5,Kik5o x AleXa,,VITAL CHECK,
cmh3rjp69000dl604e1lws86z,ifeye,,ERLU BLUE,
cmh91veis003fle04zx1odw0d,NCT,,The Firstfruit,
cmgwi0oev0005jo041gnhnvbt,ARTMS,,BURN,
cmgr538a80006l20490bzjzmo,xikers,,HOUSE OF TRICKY : SPUR,
cmh7ui1s3003djy042uvfa25r,CLOSE YOUR EYES,,ETERNALT,
cmh484twg0019l404j6fy3wi6,JustB,,Just Odd,
cmgrhden70016l804lw7t1ugz,TOMORROW X TOGETHER,,Panic,
cmgv67s0e000iky04yklwfais,Xdinary Heroes,,Beautiful Mind,
cmhk306za0001jr04zy3jtahu,NEWBEAT,,RAW AND RAD,
cmhanu8ox0007jv047k01srv7,NCT,,Stunner,
cmh6twt6z0003jo04nnm7vqvy,KiiiKiii,,UNCUT GEM,
cmis76ylk000ojp04vtdoea47,ONEUS,,Hatchling,
cmg0s7969000zhnknnuf6flei,BTS,,Mona Lisa,
cmjwkjhey000lkz04m6xaveao,FANTASY BOYS ,,UNDENIABLE,
cmmah1nig002hi304gu9p18b9,Dragon Pony,,Not out ,
cmgusuipj002njs04u1nqt1he,STAYC,,S,
cmgvdarqk000rky0481jq144q,NMIXX,,Fe3O4: FORWARD,
cmgwu70cw000bl50438d7tp4i,THE BOYZ,,Unexpected,
cmgut8ado0003i904q2oq9haj,LE SSERAFIM,,HOT,
cmhi4gmsp000bjm04pe5gxvlj,SAY MY NAME,,My Name Is…,
cmj5ghuxz000djx04v8hho8pe,SF9,,LOVE RACE,
cmgvki6kb001kky04f51w5hxz,Red Velvet,,Accidentally On Purpose,
cmg3vr3em00017fmhvgt6bjuq,ITZY,,Air,
cmgwi972e000dl404vfnswh2s,SEVENTEEN,,BEAM,
cmjouzllv002sl704fhmp5f5h,EXO,,Interview X,
cmiv3ko5n002pjp04ozz37ryu,TREASURE,,Pleasure,
cmh8d27ta002il804mb0kpzde,BLACKPINK,,Ruby (Jennie solo),
cmpq0153e0187jp04kf8ingyj,W24,,Seize The Day ,
cmg0rmsgc0003ctfvv2t2ac3q,BTS,,Sweet Dreams,
cmkfgeoxr0008jo04s1y0taad,INFINITE,,Like Infinite,
cmjsnaivs000pjr04fcb03xce,8TURN,,Leggo,
cmi7kxpya0001i904apm6ut44,Young Posse,,COLD,
cmh8e7t2o000dla04kkkl7uaf,BLACKPINK,,Alter Ego (Lisa solo),
cmkefwm47001vjv0429x4mbfl,NouerA,,Chapter: New is Now,
cmfdew8o50002pzwb4scji5n7,G-Dragon,,Übermensch,
cmgpg7ush000al504gzmor7qc,ZEROBASEONE,,Blue Paradise,
cmh8cl6jk0007ju04lfjbz5w9,Hearts2Hearts,,The Chase,
cmpak1o3m002bl404u2j0fuzj,XODIAC,,Glowy Day,
cmgsu67bt0007i804ivu5cphh,ONF,,ONF: MY IDENTITY,
cml4b2eou000fkz04f7x0rkqb,aespa,,"2025 SMTOWN : THE CULTURE, THE FUTURE",
cmjv92712008nl404nz615lml,Red Velvet,,"2025 SMTOWN : THE CULTURE, THE FUTURE",
cmguuueh6000hl404cff4762u,NCT,,2025 SMTOWN: The Culture The Future,
cmlde5q80000ejy04i2rir3fz,Lucas,,"2025 SMTOWN: THE CULTURE, THE FEATURE",
cmlo2sb6j0037l204knj6wh9y,EXO,,"2025 SMTOWN: THE CULTURE, THE FUTURE",
cmlo7aiss0022kv043zp24gi4,Nævis,,"2025 SMTOWN: THE CULTURE, THE FUTURE",
cmlo2fjkv001hl704wn1sau9o,RIIZE ,,"2025 SMTOWN: THE CULTURE, THE FUTURE",
cmlo3sn2u003ul8048cnr64ga,BoA,,"2025 SMTOWN: THE CULTURE, THE FUTURE",
cmlp3uizr0044l7044lbeop8u,KANGTA,,"2025 SMTOWN: THE CULTURE, THE FUTURE (Kangta)",
cmh812erf0005kv045k4titly,BLACKPINK,,AMORTAGE (Jisoo solo),
cmjf11oi70034la04pywfajg2,ONE PACT,,Pink Crush,
cmnelccqh0006js04vmfwmgcz,Girls' Generation,,"SMTOWN 2025: THE CULTURE, THE FUTURE",
cmk2ey157000xju043ki4hb0x,I:MOND,,Under My,
cmp26pavt002mjf06npi2zht0,AHOF,,Universe League,
cmkfnmr4t000vl704hhg24c4g,EVNNE,,HOT MESS,
cmh3oqnrc0001jy04m8j4fg26,PLAVE,,Caligo Pt.1,
cmid762kc000bju04gaemo1vz,RESCENE,,Glow Up,
cmgsxauer000ojv04umfagr47,IVE,,IVE EMPATHY,
cmhn2nth2000xjr048pqtci5q,ALL(H)OURS,,Smoke Point,
cmgpgyss00014k4047blqi2dv,ZEROBASEONE,,Prezent,
cmhmpi6ei0001lc04nkr4jom0,CIX,,THUNDER FEVER,
cmg299fub0001sqp5i5jzatr9,i-dle,,HER,
cmi27gxfl001ll904g76n7wva,KickFlip,,"Flip It, Kick It!",
cmgp45hqt001kib04gmwl4syf,GOT7,,WINTER HEPTAGON,
cmhqzerxm0017l4047h8zjqy5,BBGIRLS,,Love 2,
cmgsvzo07000ii804dx1n718z,ONEUS,,Dear.M,
cmgwi50nb0001ky047f1t0han,SEVENTEEN,,Teleparty,
cmgsgxz6s000cjj04as0yath8,XLOV,,I'mma Be,
cmgr1cwr0001bjy044cy3syhu,GFRIEND,,Season of Memories,
cmjwk4gg0006ljw04fk6nq46u,M.O.N.T,,Somewhere Out There ,
cmn7ev57o000ll804dgywq6db,ONE PACT,,Everyday X-MAS,
cmh7rnrqp001bi604g6gzitx5,Dreamcatcher,,My Christmas Sweet Love,
cmp9l1pzp00d8l204n56wiqea,AIMERS,,Confetti,
cmh7gv43j0007jr04x5l7viqe,&TEAM,,Yukiakari,
cmgpawg8v000ejo04d31ziexy,Stray Kids,,HOP,
cmgutlzxu001mlc04lgalu764,LE SSERAFIM,,CRAZY (Japanese Ver.),
cmh9bke9l001hl804tj56pysb,BLACKPINK,,rosie (Rosé solo),
cmf1lb4pd001g5e2hadlwffb2,TWICE,,STRATEGY,
cmi7brvfo002pk104jha5zbzp,CRAVITY,,FIND THE ORBIT,
cmgx54qmp000rl904domhsjaj,BTS,,Winter Ahead,
cmgvm4qdj000lkz04mq8lqj1w,Red Velvet,,Like A Flower,
cmgqa3akh001ole04yx88t67y,TWS,,Last Bell,
cmgsumx7y0001l704rur54808,izna,,N/a,
cmh824sd6006ui904qiew61gg,WayV,,Frequency,
cmhlhji5g0019js04ncafzxjr,CLASSy,,Love XX,
cmh3g15ep000bjp04dxvdoo9e,LOVEONE,,Funny Honey,
cmkqzfddx0006js04brk12ls4,ONE PACT,,Neighborhood (Jay Chang Solo),
cmkuaitn0000el104318utf3b,ICHILLIN’,,Prequel,
cmhlel9cm0009l40429glrcfq,NOWZ,,Let’s get it,
cmhli6y07000ll404n4k3egzd,A.C.E,,PINATA,
cmgr17vj4000fjm04zd4rg3hy,tripleS,,Untitled,
cmjmmo5b3000cjp04z0uxn8ot,NEXZ,,NALLINA,
cmgp3tx1c000ijr044q5nqtv0,ATEEZ,,GOLDEN HOUR : Part.2,
cmg3qb6vl0001gdvfsmssk45r,BTS,,Happy,
cmh676xpr0009ju0418gkzbwg,Yves ,,I Did,
cmjg5cgs4002djy044vqtxvol,PRIMROSE,,Steal Heart,
cmgpavb31003kl404mj2eg5kd,Stray Kids,,GIANT,
cmgustchk001jjj0413f8egt3,STAYC,,GPT (Japanese Ver.)/ Tell Me Now,
cmgrtsb9v0001l104tgw45jd9,NCT DREAM,,Dreamscape,
cmgsuu129000jl704yv7cudhs,ENHYPEN,,ROMANCE: UNTOLD-DAYDREAM-,
cmgtylarj0001ie04ax0f3618,SEVENTEEN,,Shohikigen,
cmgsl22q90006i8041n0qanu7,XG,,AWE,
cmgshzq3p0009li04om12ti9f,VIVIZ,,VOYAGE,
cmhux7ljy000bju04i2mz9us1,TWICE,,HAUTE COUTURE,
cmm6krl6e0023lb044yu53qyl,SUPER JUNIOR,,It's Complicated (Yesung Solo),
cmgpe5ob2000djo047p8899vz,TOMORROW X TOGETHER,,The Star Chapter: Sanctuary,
cmhsoevz90016il04fgxx69r9,ODD YOUTH,,Best Friendz,
cmgqqwjqv0010l404tq0wfmf1,BABYMONSTER,,DRIP,
cmgu3bjnf0003jr040iyljwp1,Kep1er,,TIPI-TAP,
cmlbh9x5v0025l204v6o3n6gc,BANG&JUNG&YOO&MOON,,PETER (Jongup Solo),
cmgwtvcmq000dk304qj9t33h3,THE BOYZ,,Trigger,
cmh7gtjfl0009l404bfhhvxq9,&TEAM,,Jyuugoya,
cmgr16gfy000fjy04p5xcnxka,tripleS,,Performante,
cmgr0cnu40009jl0414tc4jhr,PURPLE KISS,,HEADWAY,
cmgr7g3u40003l804zjem9frt,ILLIT,,I'LL LIKE YOU,
cmgv5cws90001l2040w4fegoh,aespa,,Whiplash,
cmjf10sf0004fju04gsykn30l,ONE PACT,,Fallin',
cmgqoq3rv0001jl04055j3fzl,Billlie,,appendix: Of All We Have Lost,
cmi7ztnrq0001l204req069rb,SAY MY NAME,,SAY MY NAME,
cmg29b9u20002kq1srb6qyloa,ITZY,,GOLD,
cmhjjvii80007lg04jn1sze4k,KISS OF LIFE,,Lose Yourself,
cmh9qhnlo0005jk04yiyjjz5u,82Major,,X-82,
cmgv6550q000ll204fifnq16m,Xdinary Heroes,,Live and Fall,
cmgsicb5m001rla04uxyy7c9z,SEVENTEEN,,Spill the Feels,
cmh9ha4de002vi804cm2nczbk,BEWAVE,,Be Your Wave,
cmq739btn00jejl04ezq8aose,Jay Park,,The One You Wanted,
cmhb0ypwg000jl704spr8geb9,NCT,,Depth,
cmgqxids00006l704d89xl86x,AMPERS&ONE,,ONE QUESTION,
cmgqyjban0006l104cdanf2h5,ATEEZ,,Birthday,
cmkjuzku6003ul204wivxcnmd,VANNER,,Burn,
cmgvkh67r000tl504jve03mij,Yena,,NEMONEMO,
cmpak0chf0001lg04s4qw1xoj,XODIAC,,Some Day,
cmhfgvh200003l40407ct9pbb,WayV,,The Highest ,
cmgr1tm2x001ejm046jqhwfqu,NCT WISH,,Steady,
cmguspmti000pjs04bvpu40uu,STAYC,,MEOW / Cheeky Icy Thang (Japanese Ver.),
cmgr00oyb0002l5044kc7tkmr,P1Harmony,,Sad Song,
cmgrhfg560001jo04s46swp0w,TOMORROW X TOGETHER,,GGUM,
cmgq6397c000dla04xsfduo83,BOYNEXTDOOR,,19.99,
cmf1lcnrt001w5e2hglvsn5t0,TWICE,,abouTZU,
cmhcuxeaq000bjs04ms8tynm4,EXO,,"Hello, World",
cmgr4zwyb0003l20484vh76i9,xikers,,HOUSE OF TRICKY : WATCH OUT,
cmi405wdt004dlb044fomsxrk,RIIZE ,,Lucky,
cmh3tuqz30001lb04pygh3de7,RIIZE ,,Riizing : Epilogue,
cmk006isv0008l504nngsklhs,MADEIN,,RISE,
cmgwg5jxg000fky04vh2hg8iv,Loossemble,,[TTYL],
cmgpe4w6a000dib043kr7yxua,QWER,,Algorithm's Blossom,
cmh71zyk5000ajm04ssnn0lnc,DAY6 ,,Band Aid,
cmgut6rbb0001kz04eo4jgmxp,LE SSERAFIM,,CRAZY,
cmgsx7dk2000ji304o2l2yow6,IVE,,ALIVE,
cmh7sbi4h0003lb040ae3n84v,NOWZ,,NOWHERE,
cmid73wmh0001ju04ihqhuna9,RESCENE,,SCENEDROME,
cmgpg51oc001yl704eng7mfj7,ZEROBASEONE,,Cinema Paradise,
cmjtsk9xv001dl704kosgjekt,OH MY GIRL,,Dreamy Resonance,
cmh881uof003dl104un9jmldw,NCT,,J,
cmi7kvuab000bju04zl6iu5h1,Young Posse,,ATE THAT,
cmhftbefs000sl404fa3zc4gt,MAMAMOO,,Starlit of Twinkle,
cmh2dmjzm0001js04d9oem0nq,ILY:1,,Illang:Firework,
cmgqpu78q0007l104kw99k4bg,Taemin,,ETERNAL,
cmj5gfi5u000vkv04ug9crmhp,SF9,,FANTASY,
cmgvd9ct10007jl04ucp4gjt2,NMIXX,,Fe3O4: STICK OUT,
cmjgf4res005bib04pr553q88,MIMIIROSE,,Reebon,
cmgp6xmx3000ni704mdt54pqi,KATSEYE,,SIS (Soft Is Strong),
cmh9iugw7004jjs04w2fdo99d,KARD,,KARD 7th Mini Album 'Where To Now? (Part.1 : Yellow Light)',
cmgve44k40005jv04hr68ozee,fromis_9,,Supersonic,
cmh94ht8c0005js041shqasd1,BANG&JUNG&YOO&MOON,,CURTAIN CALL,
cmh7grxjf0003l204xgvkswuz,&TEAM,,Aoarashi ,
cmhdmg99t0001jp04wq8mz5im,LIGHTSUM,,POSE!,
cmgr5ai0k0001jl04dndnkrk7,xikers,,Tsuki (Lunatic),
cmi9citbt000rl504f47gf3br,UNIS,,CURIOUS,
cmhjsucjy0009ic04x4lmrxqk,ASTRO,,DUSK (Yoon San-ha Solo),
cmhkmmgov000bjr04rk3l4ko4,Jeon Somi,,Ice Cream,
cmgpatxz9000iky041ibcglu7,Stray Kids,,ATE,
cmgwubngt000hic04u3hvlruv,THE BOYZ,,Gibberish,
cmg7y7cym0003l10ms8yadjzk,BTS,,Muse,
cmf1l76pz000s5e2hlnft8llx,TWICE,,DIVE,
cmhtwudit0069le04ylgepxfu,PURPLE KISS,,On The Violet,
cmgtvki0b0009kz047g4qhkxt,NCT 127,,Walk,
cmgsus4p60001js04qdg6xu2v,ENHYPEN,,ROMANCE: UNTOLD,
cmgucghbt0001ih0436xru6l2,BOYNEXTDOOR,,"AND,",
cmh7rn4hw0008i904m94g9ecg,Dreamcatcher,,VirtuouS,
cmg28bzdx000112xjq731rqqu,i-dle,,I Sway,
cmh0q9wp7001vjm0454hefrlm,aespa,,HOT MESS,
cmhn2lfq2001pl504woobssj5,ALL(H)OURS,,Witness,
cmgqcusub0003jp041is2luxo,TOMORROW X TOGETHER,,誓い (CHIKAI),
cmgqqnwvq0004ib04fqg6cscu,BABYMONSTER,,FOREVER,
cmgusnvj0001tjx04617k4vfu,STAYC,,Metamorphic,
cmhjjsnvh000ll404rcw3sabm,KISS OF LIFE,,Sticky,
cmh8fgfwj009xl7048awqxwwk,BLACKPINK,,Rockstar (Lisa solo),
cmgr1r5n4001kl704a1tvhwy5,NCT WISH,,Songbird,
cmmii2tid00g9jx040rhcl38p,B.D.U,,Wishpool,
cmh671dn00001la04rytqcm7e,Chuu,,Strawberry Rush,
cmgqs5sgx0005l704vklzvlu6,Red Velvet,,Cosmic,
cmgqa9rfa000wju04lmdcjry9,TWS,,SUMMER BEAT!,
cmlgdq02i000tkw04tkr15fik,Lee Youngji,,16 Fantasy,
cmhymfogq001jjp04jcngouzl,NewJeans,,Supernatural,
cmmil9zok00a1l504w982jsyp,SF9,,Traveling Fish (Hwiyoung Solo),
cmhkpuw6g0017l104wmiji9re,H1-KEY,,LOVE or HATE,
cmkyn23ly001wjs04s6q8n133,BLITZERS,,LUNCH-BOX,
cmjg46omq0003l4041th144of,PRIMROSE,,Revival,
cmk1p8whv001vjs044olilxif,EVNNE,,RIDE or DIE,
cmh3ttvxm0003lb04558jcp9v,RIIZE ,,Riizing,
cmgwi6gd20009jv04kxm8ispv,SEVENTEEN,,This Man,
cmj4hkr1y000hjr04v7xmj3eo,WOOAH,,Unframed,
cmf1lachp001a5e2hapaqie4s,TWICE,,Na,
cmh84ljov00aqjx04g07hlzo6,TRENDZ,,DREAM LIKE,
cmjucp0xv006jla04y3ksq8po,Candy Shop,,Girls don’t cry,
cmj93zj600013kv04cbinmyry,cignature,,Sweetie but Saltie,
cmiex9lvj000kjs04t8qem3eu,EVERGLOW,,ZOMBIE,
cmjf0zibt0001jm04o0uhpnhr,ONE PACT,,PARADOXX,
cmh82eeww000zl6044kckk912,WayV,,Give Me That,
cmgu3a9jv0001jr04qor2okxg,Kep1er,,Kep1going On,
cmj8vrkzp002dky040cq4iazg,BADVILLAIN,,OVERSTEP,
cml2yhfq70004k104sk9t64xg,EXO,,1 to 3,
cmgwhyhbu0001jo04fyug468r,ARTMS,,Dall,
cmgpoelkw005ujp04qtd09hsn,ATEEZ,,GOLDEN HOUR : Part.1,
cmh673qr90008l204syefmdio,Yves ,,LOOP,
cmgq4ysyb000el4041z967ny3,aespa,,Armageddon,
cmhyme20l0004l404fom865k4,NewJeans,,How Sweet,
cmfjq0ult00019gln92pty97e,BTS,,"Right Place, Wrong Person",
cmhdelc0s000nif04fvutvffd,Soojin,,RIZZ,
cmk2ser0e0012jx04ydr1dg2f,ONEUS,,Now (Original by Fin.K.L) - digital single,
cmgsl0fsk000ajp04i7rd69eo,XG,,WOKE UP,
cmhebuvnf0001l404yghqy1d1,MCND,,X10,
cmjmmickj000qju04lrg471zs,NEXZ,,Ride the Vibe,
cmg3vkfb30003fhzqbannzbqq,ITZY,,Algorhythm,
cmgzte3pj0003kv04jaczo4z1,BIBI,,Eve: Romance,
cmgsuod090005jl04472d6k5k,ENHYPEN,,MEMORABILIA,
cmgpg3zad0008ld04ftd9032r,ZEROBASEONE,,You Had Me at Hello,
cmjfz37c2000fl4041uj2j4dj,Stray Kids,,Lose My Breath,
cmgr0rzv60015ic043swxf03j,tripleS,,Assemble24,
cmgu38jaa000gjr04veuz666q,Kep1er,,Kep1going,
cmh7gnuo1001llh04icms0990,&TEAM,,Samidare ,
cmjoufqja000ajp04zs3fj5ts,EXO,,Blossom,
cmjwkgdyy004wl104nwjj01zj,FANTASY BOYS ,,MAKE SUNSHINE,
cmjm1nrjn000qk104i15tyiiv,TOZ,,TO my new friends,
cmhfsd4ct0001l204fwt83tdj,MAMAMOO,,COLOURS,
cmgsx2xxb0003ji04tbb9tnhj,IVE,,IVE SWITCH,
cmhzxcz8x0005l20479p6k6lf,The KingDom,,Realize,
cmgv5zhbd000rla04b18u227r,Xdinary Heroes,,Troubleshooting,
cmgrk5tfl000yl804r3chpu4g,SEVENTEEN,,17 IS RIGHT HERE,
cmg29a71r0005105m366guwr9,i-dle,,YUQ1,
cmlkreczb001nl504hkehqp7f,Kim Woojin,,I Like the Way,
cmjx4xo22001qic04cbrrxrsd,TIOT,,Kick-Start,
cmhb0si13000pju04m2x9u8x7,NCT,,Youth,
cmjvwe4wt00bvl7040vem8l5a,BEWAVE,,Be;Wave,
cmh84wfm9002wjr04a616jhh5,ONEWE,,Planet Nine: Isotropy,
cmgwg44hd000bky041q8ml6f4,Loossemble,,[One of a Kind],
cmgpmx2lo001pla04eofgimz6,BOYNEXTDOOR,,HOW?,
cmjn4xdik00emjv04holbgsnh,ViV,,Bomb,
cmgsulpqy0001jl04owm91okk,ONF,,BEAUTIFUL SHADOW,
cmhgfzouq0003jo041gi6609d,KISS OF LIFE,,Midas Touch,
cmi717cdg000vjs04rdmmy6hs,MONSTA X,,Off The Beat,
cmhlekc80000hl2040q8bqe9s,NOWZ,,NOWADAYS,
cmgqqgdbo000el8042bgbzro5,BABYMONSTER,,BABYMONS7ER,
cmgpe3apj003sl1041whrrojd,QWER,,Manito,
cmgpf5nry0001l704abswot02,TOMORROW X TOGETHER,,Minisode 3: Tomorrow,
cmg7xxdsi0001l20fenhepcwq,BTS,,Hope On The Street Vol. 1,
cmjucnssx000dky04hd1jr2ea,Candy Shop,,Hashtag#,
cmi9cejgn0001l604vb5fbnss,UNIS,,WE UNIS,
cmgqxgufy000kjy04dssbhi8f,AMPERS&ONE,,ONE HEARTED,
cmid700k0000fl704xtj3z5j6,RESCENE,,Re:Scene,
cmgrtgjod0003jp045droskvz,NCT DREAM,,Dream()scape,
cmgr7875a0001ju049t8ghan5,ILLIT,,SUPER REAL ME,
cml3v6xq00012jt04hto4dtln,EPEX,,Peppermint Yum,
cmi7kudst0005jr04kpfc6b3l,Young Posse,,XXL,
cmgpg12610004l804searo3zn,ZEROBASEONE,,Yura Yura (ゆらゆら -運命の花-),
cmgr0acx60008ju04ch25wgwe,PURPLE KISS,,BXX,
cmh7225gr000fld04z3nwobtp,DAY6 ,,Fourever ,
cmgwu4lau0009ic04qxym0uqs,THE BOYZ,,Phantasy Pt. 3: Love Letter,
cmpajznvu000zk004vsliaw8w,XODIAC,,Xoul Day,
cmljdznv60001l204q0bbk27p,LUN8,,BUFF,
cmjwjp5rf000ljr049oyg2zzu,BAE173,,NEW CHAPTER : LUCEAT,
cmgvm0br3003vld04hij0yqse,Red Velvet,,Wish You Hell,
cmh9pckvu000pif04au1emqh6,Chung Ha,,EENIE MEENIE,
cmhmj5wqk000bi504umemvuz7,Tempest,,Voyage,
cmgr4xi14000flg04hxmvtexj,xikers,,HOUSE OF TRICKY : Trial And Error,
cmjf0durx001ijl04d7r70y07,ICHILLIN’,,Feelin' Hot,
cmlikdvwb0069l404cgt6c769,NOMAD,,NOMAD,
cmgqyi7hx000bl20415koa13u,ATEEZ,,NOT OKAY,
cmgr1mxlt001il704p8lcg8x0,NCT WISH,,WISH,
cmh3orjnn0001i804q86s72sl,PLAVE,,Asterum : 134-1,
cmjt1xmug002vl104wyh87kyq,CRAVITY,,EVERSHINE,
cmh9mytl3004mk1048678iwy6,NCT,,TAP,
cmh25ihln000jl804y7paa82r,X:IN,,The Real,
cmf1lddg900205e2hi3x2o7gi,TWICE,,With YOU-th,
cmhjyq6ih0001lb04goei663n,A.C.E,,My Girl : ‘My Choice’,
cml4883pg000kl7043z8udg8d,TREASURE,,REBOOT -JP SPECIAL SELECTION,
cmjdk1q0m0002lb0487kt9v80,TRI.BE,,Diamond,
cmhfsqubv0013k1042fj52ay6,MAMAMOO,,Starlit of Muse,
cmgut59o20001l404bvbsdlvq,LE SSERAFIM,,EASY,
cmj9tr4r50001jw04q9ad5i2j,ASTRO,,Entity (Cha Eun-woo Solo) ,
cmj6hira40003js04qd4yt5bm,n.SSign,,Happy &,
cmhantgw40013la04dh7ehcgn,NCT,,TEN,
cmkuahte90014jp04d6u43pwf,ICHILLIN’,,DEMIGOD,
cmgqzyr8y0002l104mqm1f0wl,P1Harmony,,Killin' It,
cmm5yawx4001wl5041ziob0it,VANNER,,CAPTURE THE FLAG,
cmg292eqs0005qycd6f029r56,i-dle,,2,
cmhmpfpny0001l204ze6r7wbl,CIX,,0 or 1,
cml2nxrka0009l4044re9eq1x,Ryu Sujeong,,2ROX,
cmgqa71kv0025ii043ifj9p63,TWS,,Sparkling Blue,
cmhjzr85a000bi8040qumi0l0,AB6IX,,THE FUTURE IS OURS : FOUND,
cmjtjalfn002cjp04tvqeypoj,EVNNE,,Un: SEEN,
cmhay2srr0009i9047vxgofa6,DXMON,,HYPERSPACE,
cmgvd82hs0003jl04j9hoi1zy,NMIXX,,Fe3O4: BREAK,
cmgvkflwc0031l504vwaw3qqe,Yena,,GOOD MORNING,
cmlhu7l4m005mla048eocdqoc,NCT,,Do It (Let's Play) (NCT ZONE OST),
cmlhazo8i001rl104kwegd2xl,MADEIN,,Last Dance,
cmhn2iowh001xkz04xcp4t8ph,ALL(H)OURS,,All Ours,
cmgud8op10003jz04hh2lic68,OnlyOneOf,,Things I Can’t Say LOve,
cmjsn75x50011jp04nfn1saxy,8TURN,,Stunning,
cmg29alyp0003sqp5x05hezhs,ITZY,,BORN TO BE,
cmll1noht004bl80475kkzig3,RIIZE ,,Love 119,
cmgtvjkzy0007kz04r6xh8s8o,NCT 127,,Be There For Me ,
cmlbhzpfi007ekz04kyjbqj01,Bolbbalgan4,,Merry Go Round,
cmgpoh7d6001bl504aocccvqr,ATEEZ,,THE WORLD EP.FIN : WILL,
cmjf0xlb20025if047fm4fni5,ONE PACT,,Moment,
cmpdj1w1k000fi80cc4r51pt9,Bang Yedam,,ONLY ONE,
cmjwkenuo0003jo040gcin6iz,FANTASY BOYS ,,Potential,
cmps681xt00iwld04cgjbkco4,Girls' Generation,,Beep Beep (Jessica Solo),
cmhmvva5o0005jv04p6je5v4a,Kep1er,,FLY-HIGH,
cmhebtzpc005nl404uosa92sc,MCND,,ODD-VENTURE,
cmh7rlbue0009jn04h3zhyj9f,Dreamcatcher,,VillainS,
cmk2g6mv20002ky04lrk8d1u1,VIXX,,Continuum,
cmgwu1zhj0005l404k90zl2rj,THE BOYZ,,Phantasy Pt. 2: Sixth Sense,
cmgsuqd5i0005lg04ux66a2my,ENHYPEN,,ORANGE BLOOD,
cmgqxewy3000cjt04z83l4dxy,AMPERS&ONE,,AMPERSAND ONE,
cmh7glfg7001fl704sex95pyy,&TEAM,,First Howling : NOW ,
cmgqs4whl000il4042ux6iz0v,Red Velvet,,Chill Kill,
cmgv5bct1000pjs04tjnutavc,aespa,,Drama,
cmjg7aezk0006l504nix2gk7c,B.I,,Love or Loved Part.2,
cmgpaswnx000oji04pvd0bew1,Stray Kids,,Rock-Star,
cmhdekblg000hif04iggdqxx3,Soojin,,AGASSY,
cmhjjpjng001hjv0454bc0s8f,KISS OF LIFE,,Born to be XX,
cmkd3zhar001ikz041bc0q0y4,Omega X,,iykyk,
cmiv6ihv80007jl04qtyodg9e,GOT7,,Do It (Youngjae Solo),
cmgpfzp53000al6049mi6k3xa,ZEROBASEONE,,Melting Point,
cmef4uym0001f2eq3ufvp8dtm,BTS,,Golden,
cmgshysz9000dl50466dmdfep,VIVIZ,,VERSUS,
cmhi5m08e001pl104dekugec3,Weeekly,,ColoRise,
cmgshzcv90007li04g9sz1ybo,WayV,,On My Youth,
cmh1qtzkd0007jp047h460mav,ARTMS,,K,
cmgqfylip000rjo04n9rpto4j,Taemin,,Guilty - The 4th Mini Album,
cmpajyy8h002mjs04iy574fhs,XODIAC,,Only Fun,
cmgut3d7e0001i904c4v2atzd,LE SSERAFIM,,Perfect Night,
cmmb279d50021ju04ulpl1o7i,RIIZE ,,Talk Saxy,
cmgsibkq5001ejj04siods2vu,SEVENTEEN,,Seventeenth Heaven,
cmgqolg6e001jl504xdzyboxa,Billlie,,side-B : memoirs of echo unseen,
cmhmj4bzj0005i504r2i7bdlz,Tempest,,Into The Storm,
cmhzxc32d000jkz040d1vc0yz,The KingDom,,History of Kingdom : PartⅦ. Jahan,
cmh670q5n0001kv04sfbzo2g7,Chuu,,Howl,
cmi7kstxp000ljp044byebyec,Young Posse,,Macaroni Cheese,
cmp89fv4p000dje0b0qf68t6c,Superkind,,Profiles of the Future (Λ) : 70%,
cmg3vjmtv0001fhzqpbpzkpsl,ITZY,,Ringo,
cmijjerdo0010l104w47s8yg0,E’LAST,,iDENTIFICATION,
cmjljmldb001ujm04bp3eizw2,ONE PACT,,Late Night (Jay Chang Solo),
cml70be3n009vl204daex98kq,Younite,,빛 : Bit Part.2,
cmeqzhhll000n6kh6ceq8rzl3,IVE,,I've Mine,
cmgpf2t6g005ljm04inu9q3gj,TOMORROW X TOGETHER,,The Name Chapter: Freefall,
cmhftnmhd000blk04cp034esn,MAMAMOO,,In the Mood,
cmkw2ku2c0010l5049hxum9p3,Jini,,An Iron Hand In A Velvet Glove,
cmkx1mxl3001wjy04i44g4xas,POW,,Favorite,
cmhdmewdw001bjx04ytasu8nk,LIGHTSUM,,Honey or Spice,
cmgv63zod000clb04hxrhbnjf,Xdinary Heroes,,Livelock,
cmgr13n490001ji045tv34cie,tripleS,,Mujuk,
cmh480zff0009l404rrmjfbke,JustB,,÷ (NANUGI),
cmgshyg0i000bl504yvadv2lq,NCT 127,,Fact Check,
cmg29212g000b12xj5a2bta8e,i-dle,,HEAT,
cmgsujz6p0001lg04lkun48n1,ONF,,LOVE EFFECT,
cmjm1l726001ll404i6yxhql1,TOZ,,Flare,
cmgskymgy0005kz044sj5ly7u,XG,,New DNA,
cmgsvv822000nl4046nqzm3l0,ONEUS,,La Dolce Vita,
cmgu35voa000ejr04btkcd5rz,Kep1er,,Magic Hour,
cmh6maiem001mjx04y7c22k9b,The Rose,,DUAL,
cmjwkd28q002lju042rusxfvl,FANTASY BOYS ,,NEW TOMORROW ,
cmkfhhds4004wlf04sllcd7t8,EVNNE,,Target: ME,
cmjbx0sxc002ljx04ld9u34dj,EXO,,Expectation,
cmgwg1fwm0003ju04ht6ivzsb,Loossemble,,[Loossemble],
cmjwrrcfh0017i8046k8ku159,EL7Z UP,,7+Up,
cmjgf1m65004tjs040951hjje,MIMIIROSE,,Live,
cmjt1uieo006sl104sxa9y1v7,CRAVITY,,SUN SEEKER ,
cmef90e0q000v13qq3qtu1uxu,BTS,,Layover,
cmj0h8xrw000hl404b8kdejp4,Rocket Punch,,Boom,
cmpriv1n304u4l504j4orql22,DKZ,,JCFACTORY (Jaechan),
cmgpars4z0001l404k1aocayw,Stray Kids,,Social Path,
cmh84hny2001ll104cqclwevv,TRENDZ,,STILL ON MY WAY,
cmkn7um7t002iie04ntgjnjc6,Kim Se-jeong,,Door,
cmgr088mr000cl104br5vbk6o,PURPLE KISS,,FESTA,
cmgsuzchl0003i604oi3n97eq,ENHYPEN,,結 -YOU-,
cmh3tvod70001ju04l2l4cxa6,RIIZE ,,Get A Guitar,
cmgpmslhy000fl2046mo1nu43,BOYNEXTDOOR,,WHY..,
cmoxtxp8w0004ko07uqlssrbe,PENTAGON,,PADO,
cmhkpto5b001fi9044nui5ehp,H1-KEY,,Seoul Dreaming,
cmlkrii0j0041l304mm4fdw0e,Kim Woojin,,"The Moment: 美成年, Bounce",
cmj93yjhq002bl5044qyca79n,cignature,,Us in the Summer,
cmgshxmky0015l10474lwkkbg,NCT,,Golden Age,
cmgt6nipg000jle04l367taut,BLACKPINK,,THE GIRLS (BLACKPINK THE GAME OST),
cmh3osauo0001ld04fkamwyd6,PLAVE,,Asterum : The Shape of Things to Come,
cmgsj4xiq000ljy0455hmsr9p,SEVENTEEN,,Always Yours,
cmm2dm3a20022la04ae7skaru,TIOT,,Frame the Blueprint : Prelude to Possibilities,
cmklcwhnz0002jp04bo5eu6c3,Yerin,,"Ready, Set, LOVE",
cmguthqui0001l704ag3fsyx9,LE SSERAFIM,,UNFORGIVEN (Japanese Ver),
cmm5xf5gn001oju04anxbrk9n,VANNER,,VENI VIDI VICI,
cmjezwbbw0094ky04m9n6cixt,EVERGLOW,,All My Girls,
cmk2xy2ph000tla04e7fyh1lq,aespa,,Better Things,
cmg7xtvr60001jm0k9laj7wg5,BTS,,Jack In The Box (Hope Edition),
cmjfwe7se0025k004gx96d0sj,PRIMROSE,,Laffy Taffy,
cmf1l9egw00125e2hr96og8cv,TWICE,,ZONE,
cmgr10lv6000tjp04aqwa4lyf,tripleS,,Muhan,
cmgusko760001js04x1xbksdz,STAYC,,TEENFRESH,
cmpk4t6t90026jg0arwfd0eu6,ARTBEAT v,,Dubi Dubi,
cmk1e9y6v0001l504gc4p5ei9,Jo Yuri,,Love All,
cmhkml3mm000fl504kqn7jmww,Jeon Somi,,Game Plan,
cmgwu0pcy000nk3045nmfdlzk,THE BOYZ,,Phantasy Pt. 1: Christmas in August,
cmlhawsh90032ky04jw33lb6f,MADEIN,,Madeleine,
cmkhyppzv0002la04ka7uswt5,NINE.i,,New Mind,
cmhqzbw30004qjr04u1o6fwno,BBGIRLS,,One More Time,
cmgrji6mm0009ic04xus4tnqf,MAMAMOO,,TWO RABBITS,
cmgr4v16p000djx04zdacd8mn,xikers,,HOUSE OF TRICKY : HOW TO PLAY,
cmgvl8iyi0022ii04y2bgog7x,Kwon Eunbi,,The Flash,
cmijjwwsz0011i804uaua1jzo,XD ,,BLUE,
cmg2992dw0003105mken3vamn,ITZY,,KILL MY DOUBT,
cmiv3ca3j000vjp0485g104hq,TREASURE,,REBOOT,
cmhb3zezo000sl504mvshn2kj,TWICE,,Masterpiece,
cmh2dkcrs001hkz044uz91g0y,ILY:1,,New Chapter,
cmhpvjeqf000bky040kynys4x,MONSTA X,,The Unseen,
cmjtsfslq009fjr041boussqi,OH MY GIRL,,Golden Hourglass,
cmeqzhh2z000j6kh648hnl0av,NewJeans,,NewJeans 2nd EP “Get Up”,
cmlfma3ky007gl8049h37ws1o,MIRAE,,Boys will be Boys,
cmjf0bj70002ykz046d8z6i47,ICHILLIN’,,I'M ON IT!,
cmgrtr7gf0001jo04w7so0zkr,NCT DREAM,,ISTJ,
cmpt0x2id00jfid04n0jms16b,FANTASY BOYS ,,소년판타지 1st Album (Ever Music Album version),
cmh1qvc0y0001jr04696fjf1v,ARTMS,,Version Up,
cmgvd67ht000ajp0405hufbpn,NMIXX,,A Midsummer’s NMIXX’s Dream,
cmgr9pofu002cl5046y23zizy,EXO,,EXIST,
cmgpfz1b8000wl404xiozsm8t,ZEROBASEONE,,Youth in the Shade,
cmhjjkvul0001l404antt9koz,KISS OF LIFE,,KISS OF LIFE,
cmgqcslpd0001jp044i7onirt,TOMORROW X TOGETHER,,SWEET,
cmkrkmf5i0004jp04bze8nty8,PURPLE KISS,,Twenty,
cmjd7qbxm001mi304ary1fvd7,WEi,,Love Pt.3 : Eternally,
cmgvke1sa0016ky04x6p4ukre,Yena,,HATE XX,
cmgqn75tq0001l5047q9buz78,SHINee,,HARD - The 8th Album,
cmjsn287u001djo04et3sekrl,8TURN,,Uncharted Drift,
cmn3jniye003dla04sm5i3jtl,Kim Jaehwan,,J.A.M,
cmi716cm7001djv04af9fyjse,MONSTA X,,Overdrive,
cmh86tlyv002rjv04idtnc70i,KANGDANIEL,,Realiez,
cmgpois0i002rla04dpbwbdsy,ATEEZ,,THE WORLD EP.2 : OUTLAW,
cmlin62y0004qjl04obl88pwk,LUN8,,Continue?,
cmh7giz290007l704zf7gpjih,&TEAM,,First Howling : WE EP,
cmha88nj6000bjv04jd6dgufx,DKB,,I Need Love,
cmgwuacgi000tk104eynqv15d,THE BOYZ,,Delicious,
cmj8yhcvg000nl504zab70q7v,VAV,,Subcönscióus,
cmhi8cvkg0021l204s672ercz,Kim Seri,,Juliet,
cmgqzuhbs0009if04fau6s5ev,P1Harmony,,Harmony: All In,
cmpajy8de002gjm04huaj9kzp,XODIAC,,Throw A Dice,
cmh2h63550001l804e57gfzz6,NCT,,Shalala,
cmgve3gv20001l204yuuu6dj9,fromis_9,,Unlock My World,
cmgpaqe85001lla04vo7znh0p,Stray Kids,,5-STAR,
cmgsx16zx000zi604omagx2bw,IVE,,WAVE,
cmf1l97e200105e2h07axuezr,TWICE,,Hare Hare,
cmgpmqdwe0001l904nlmukx5o,BOYNEXTDOOR,,WHO!,
cmhmpehp20004la045ow0smf5,CIX,,‘OK’ Episode 2 : I’m OK,
cmhjzng0z0005lh04fe02g8k7,AB6IX,,THE FUTURE IS OURS : LOST,
cmh7rj0l9004kjl04c525y4sl,Dreamcatcher,,Apocalypse : From us,
cmh9isnvt0009l4043inqq53r,KARD,,KARD 6th Mini Album 'ICKY',
cmjru0zoh000hle04wy0y6xl1,BAE173,,Peak Time ,
cmgsulbg90001jv04z5qruw5e,ENHYPEN,,DARK BLOOD,
cmjgckx4j005xlg04whcnl7d6,MONSTA X,,Lights,
cmgqog29z000ekt04ohpj1pl2,Billlie,,GingaMingaYo (The Strange World): Japanese ver.,
cml709cs8002vle04tjkxo1ss,Younite,,빛 : Bit Part.1,
cmjnc0yy6000tl204t205zp79,VERIVERY,,Liminality - EP.Dream,
cmg291g9e0001juth1st6xhbc,i-dle,,I Feel,
cmqwjkz8400l2la04xz9p0vnh,DKZ,,Good to You (NINE to SIX),
cml4x3hh3003tjy046af4ejy3,ADYA,,ADYA,
cmm5x1pac069pi9041qvlt4xv,Feverse,,CHO,
cmgv58hs20001lb04atxa53wc,aespa,,My World,
cmgsvu4uy000hi6040kudbkmf,ONEUS,,PYGMALION,
cmgr0z7tk000hl4043f80ceyg,tripleS,,Aesthetic,
cmmr2c9kz0043jj04pmpjj5tj,iKON,,Take Off,
cmeqzhi2w000r6kh6028n81p6,LE SSERAFIM,,UNFORGIVEN,
cmpe07rc1004cla041f10vcs1,CMDM,,Back To The Future,
cmgv62nn6000xla046k0iujkp,Xdinary Heroes,,Deadlock,
cmj0aj6sx0001gs043vwqywen,WOODZ,,OO-LI,
cml3up0ui002bjm04nnvx5dw7,EPEX,,Prelude of Love Chapter 2. 'Growing Pains',
cmgsialiv001al1043dna1iw6,SEVENTEEN,,FML,
cmkymys4z004ujo04thqon2j4,BLITZERS,,Macarena,
cme04rg7o000j6jgeq1lng3f7,BTS,,D-DAY,
cml2nwcll000vl204uoknbb55,Ryu Sujeong,,Archive of Emotions,
cmp8x36mz00xil104sowtmoad,ONEWE,,Psycho Xybernetics: Turn Over,
cmguuzmsb000jl404wln8ovrz,NCT,,Perfume (DJJ unit),
cmhmj2ccu0007k104fudcrcum,Tempest,,THE CALM BEFORE THE STORM,
cmovroag9000wl1042w84zles,Yeeun,,The Beginning,
cmk2z7ck7003ul804ifhvxrz6,Lee Chaeyeon,,Over The Moon,
cmh94px660005ju04986xfkw0,DreamNote,,Secondary Page,
cmeqzhhih000l6kh6orw1ppap,IVE,,I've IVE,
cmgu349z10019i904wu7hcg9z,Kep1er,,LOVESTRUCK!,
cmgvg7cdb001ekw04fyucehtk,Apink,,SELF,
cmgusja2z0009l804tblfirom,STAYC,,Teddy Bear (Japanese Ver.),
cmf52f8ay0003v2hr6j0cl6pj,BLACKPINK,,ME (Jisoo solo),
cmgr4tga0000djo046s8zptp9,xikers,,HOUSE OF TRICKY : Doorbell Ringing,
cmgrjh5ya000fky04th57ac8n,MAMAMOO,,"ACT 1, SCENE 1",
cmhrg7blg001hl6043h9i4acz,CSR,,DELIGHT,
cmgqocudf001el404zttg550z,Billlie,,The Billage of Perception: Chapter Three,
cmg7y6t1j0001l10mf06fmp4o,BTS,,Face,
cmhzxbbd70005ih04juau61lo,The KingDom,,History of Kingdom : PartⅥ. Mujin,
cmjhrplow006ujg04yckyit8x,Craxy,,XX,
cmkvwi5kz004jjy04nzip822z,PURPLE KISS,,Dear Violet,
cmgsjdz1k0003l204424ke8d9,ATEEZ,,Limitless,
cmngb0an80067i904rza6hpos,iKON,,S.i.R (Bobby Solo),
cmeqzhrp6001z6kh6zx0dc02m,NMIXX,,Expérgo,
cmh84g7ir000dl104ymhlx52m,TRENDZ,,BLUE SET Chapter. [NEW DAYZ],
cmh6kbi7g002gl80408xe4218,Kep1er,,FLY-BY,
cmhcv641e004tlb04ncdhnzvf,EXO,,Rover,
cmh3oy7260005jv04tlv89i6n,PLAVE,,Asterum,
cmirgepag000bjp04in9rzqvv,PIXY,,Chosen Karma,
cmeqzhffv00076kh6ikmsmta7,TWICE,,Ready To Be,
cmhkoymit000bl804oyaz3h2l,Cherry Bullet,,Cherry Dash,
cmjt1vxi60006ju04uckbxlfy,CRAVITY,,MASTER : PIECE ,
cmgud2p520001la04ns73ajeo,OnlyOneOf,,seOul cOllectiOn,
cmicj3b2s0009ju04inmz0yj8,FIFTY FIFTY,,The Beginning Cupid,
cmgpaos7a0034l404j9qee0l0,Stray Kids,,The Sound,
cmgwtucia0001k304l8fd5qj5,THE BOYZ,,Be Awake,
cmlf2qw1a0042l5045c9kfg9c,MADEIN,,LOVE & HAPPINESS (LIMELIGHT),
cmjsfmy580006l504a0lrih2x,TNX,,LOVE NEVER DIES,
cmgr06lkz0004ju04g1nyzckh,PURPLE KISS,,Cabin Fever,
cmeqzhra0001x6kh6eoljoekw,STAYC,,Teddy Bear,
cmjdjy0sh0036jv04zbmqmv93,TRI.BE,,W.A.Y,
cmgr0umm20007i804tazl4bbi,tripleS,,Assemble,
cmgr927g00007ji044w6qzf0p,Key,,Killer - The 2nd Album Repackage,
cmgs0recr0015js04kopaquqd,NCT DREAM,,Best Friend Ever,
cmjsmyvpd0016js04fb6dhfj0,8TURN,,8TURNRISE,
cmgwi3mdk0009k504hqhlk4r8,SEVENTEEN,,Second Wind,
cmgshxv6z0009jl04kyplwtcj,VIVIZ,,VarioUS,
cmgshud39001ijy04oxgesp5p,NCT 127,,Ay-yo,
cmh84scn80066l804iak9zqdd,ONEWE,,Gravity,
cmgpf1wee0005jy04v2nbga8y,TOMORROW X TOGETHER,,The Name Chapter: Temptation,
cmgutfa1h0033jx04k0yksa1g,LE SSERAFIM,,FEARLESS (Japanese Ver.),
cmj93xigt0019l804wa9m6q64,cignature,,My Little Aurora,
cmgvkdau4000xld045x1ioi58,Yena,,Love War,
cmjw6sypq0010l40473vr7jiq,GOT the beat,,Stamp on It,
cmjfuy6ie000tle04mitdzgx8,PRIMROSE,,Red Moon,
cmh1rioo1000rjr04aqmkn88x,MONSTA X,,REASON,
cmj5gdls60015le04zfr6nxxr,SF9,,THE PIECE OF9,
cmhkpst51000cjr04amosn9dg,H1-KEY,,Rose Blossom,
cmgsu2gh6001llb04zg0p191u,NewJeans,,NewJeans “OMG”,
cmgsjcqun0001l204mmoxv5l8,ATEEZ,,SPIN OFF : FROM THE WITNESS,
cmgsht9ws000kl0047xcz1gn7,WayV,,Phantom,
cmlo3s225003wla04m5p52vru,EXO,,2022 Winter SMTOWN : SMCU Palace,
cmosbl8ep000uii04a64ths0z,TVXQ,,2022 Winter SMTOWN : SMCU PALACE,
cmjv8z77h000jl704rpfpgy48,Red Velvet,,2022 Winter SMTOWN : SMCU PALACE,
cmn6jw958009vjx04yl9cov9c,SUPER JUNIOR,,2022 Winter SMTOWN: SMCU Palace,
cmgyaah7n0013jj043l82azw8,NCT,,2022 Winter SMTOWN: SMCU PALACE,
cmn6xzjrc00b5kv0453o3eh70,SHINee,,2022 Winter SMTOWN: SMCU PALACE,
cmnelf01r001ojl047owkqgpf,Girls' Generation,,2022 Winter SMTOWN: SMCU PALACE,
cmkuacj32001zjj04c5anas80,aespa,,2022 Winter SMTOWN: SMCU PALACE,
cmlfm80zt003pjy044qxzysqb,MIRAE,,Snow Prince,
cmgrtf8is0008la049yujmm2e,NCT DREAM,,Candy,
cmpbycdoq0088kw04yqzugd7n,cignature,,2022 C9 Christmas,
cmh7ggdlj003fjr04h0froyui,&TEAM,,First Howling : ME EP,
cmhfue9q80013jx04em1xxr8f,SHINee,,CHASE,
cmfjpzbk40001x14vqd17qybv,BTS,,Indigo,
cmg294t530007qycd1awe347i,ITZY,,Cheshire,
cmgqzwoeh000el7047wn4shry,P1Harmony,,Harmony: Set In,
cmgqqjx6l0003jv04eybsgrbf,ATEEZ,,THE WORLD EP.PARADIGM,
cmgqs41ou0009l40407rrv878,Red Velvet,,The ReVe Festival 2022 – Birthday,
cmgusguzc0009la04unnin3x9,STAYC,,POPPY,
cmhmj0fnl002ek104vymsmy1u,Tempest,,ON and ON,
cmlnsnc3k0001js0420o9hwqg,Ryu Sujeong,,Pink Moon,
cmjg775dg000nl80406s9eqhl,B.I,,Love or Loved Part.1,
cmgzt89wx0008l804obas9w68,BIBI,,Lowlife Princess,
cmicj0e09000vi8042521bocd,FIFTY FIFTY,,THE FIFTY,
cmhrg6whw000bjr041gwts8tn,CSR,,Sequence: 17&,
cmle93z7q001vjx04ya0azuyt,AIMERS,,Stage 0. Betting Starts,
cmh4806jb0001l1042mxx4vqy,JustB,,= NEUN,
cmpk4sofz002ll00b5bb0m06l,ARTBEAT v,,Magic,
cmj4hdeq60003kz04t6eub050,WOOAH,,Pit-a-Pat,
cmgqm1seu002cl804cfvnojw5,VICTON,,Choice ,
cmjncallw000yjv04so8qk42c,VERIVERY,,Liminality - EP.Love,
cmh84e9vs0017js040efu96mn,TRENDZ,,BLUE SET Chapter. [UNKNOWN CODE],
cmhi8beye001fl8042q42rmz0,Kim Seri,,Girls Gone Vogue,
cmgv61tmz000alb04lvjk7g77,Xdinary Heroes,,Overload,
cmgtyjrsm0022l80445rm6p67,SEVENTEEN,,Dream,
cmjwewcja0070jw047df6b1b0,Nature,,NATURE WORLD : CODE W,
cmgr0y7cd0003l204g8xfb3pc,tripleS,,Access,
cmg3q95m3000frj16gl2me18f,BTS,,The Astronaut,
cmhlhgn3p0001ju04kzqd7coi,CLASSy,,Day and Night,
cmhpfj78m005pl8042jnz4c1s,ATBO,,The Beginning : 始作,
cmgudlyof0001ju04xpad8jz6,OnlyOneOf,,undergrOund  idOl  #4 [Rie],
cmgsuj7fr0003l10430gq528v,ENHYPEN,,定め (SADAME),
cmjubo0kj006el104zrpp83j2,Queenz Eye,,Queenz Table,
cmi7151u5000ojr04i264xexm,MONSTA X,,Youth,
cmhfslc9u001dii04tlhscios,MAMAMOO,,6equence,
cmgv0tkc5000ql20432rkmryb,IVE,,ELEVEN (Japanese ver.),
cmgud04hw0001la043wyi8ujk,OnlyOneOf,,ズルい女 (Zurui Onna),
cmk730ns2002ala04b2xt8wsf,N.Flying,,Dearest,
cmi22b14f0019ky04oe7re9rl,ONEWE,,STUDIO WE: Recording 3,
cmeqzhhzu000p6kh651yn1ovv,LE SSERAFIM,,ANTIFRAGILE,
cmg290r0s000912xjbxya1dci,i-dle,,I Love,
cmgu32pwc000wkz0488r4a9nf,Kep1er,,TROUBLESHOOTER,
cmk2z5pgk005bkw04i9rm0j10,Lee Chaeyeon,,Hush Rush,
cmgvl7y0u001wii04riew9xeh,Kwon Eunbi,,Lethality,
cmjridcqg0076l504e9ci509g,Park Jihoon,,The answer,
cmh7rgf7a0012jm04izcgmlcj,Dreamcatcher,,Apocalypse : Follow Us,
cml27ecxq0009js041j3qqtnv,TAN,,DREAM & DEURIM,
cmgrj7xa00001jl0431d7blys,MAMAMOO,,MIC ON,
cmgpamgt20010la04zgty0k6h,Stray Kids,,Maxident,
cmg3ukpax000111o076ys99c6,ITZY,,Blah Blah Blah,
cmhzxaesp0007kz04iadlrdvg,The KingDom,,History of Kingdom : PartⅤ. Louis,
cmgvkdv2h002rl5040ts3z2k9,Red Velvet,,28 Reasons,
cmiv3779e000xl104cy1lbe8y,TREASURE,,THE SECOND STEP : CHAPTER TWO,
cmldxfpfu003el404h4vzrpum,MADEIN,,LIMELIGHT,
cmiv0uic5002nk404e5a2wb8y,EXID,,X,
cmh77pyei0015la0473t70zpn,LOONA,,LUMINOUS,
cmlfm5wln0003lb04afehqa1r,MIRAE,,Our Turn,
cmjgez1l80052ib043vcnbgv3,MIMIIROSE,,Awesome,
cmgvd13am0003kv04ljdtrn7c,NMIXX,,ENTWURF,
cmgshqxv00001l204s43r9ptx,NCT 127,,2 Baddies,
cmeqzhet100036kh64iqsfseq,BLACKPINK,,BORN PINK,
cmh8aw1yk002skw04n5x1basu,GOT7,,Magic Man (Jackson Solo),
cmgu30e7z003al504zfuqj4n5,Kep1er,,FLY-UP,
cmgqo9v00000xlh04jfvwn6d6,Billlie,,The Billage of Perception: Chapter Two,
cmgr93uhb0008l104bozrvjpz,Key,,Gasoline - The 2nd Album,
cmgqcr7or0003jl04j7saapl8,TOMORROW X TOGETHER,,GOOD BOY GONE BAD,
cmhmiz6e00007l5043cfklirb,Tempest,,SHINING UP,
cmescqm1j0005v63whk4jlie6,TWICE,,BETWEEN 1&2,
cmiv74t8v0001l804u0jqvad9,GOT7,,The Other Side (Mark Solo),
cmgudkxs50003js0481oy44y7,OnlyOneOf,,undergrOund  idOl  #3 [Junji],
cmpzfa36v00hqjr04pq4f3jgy,Luminous,,LUMINOUS in WONDERLAND,
cmhmpd9vo0003l504e5zv9ex3,CIX,,‘OK’ Episode 1: OK Not,
cmgrkgme0000vl2049i0zwzrc,IVE,,After LIKE,
cmgt6m4wq0001l804dupeyrke,BLACKPINK,,Pink Venom,
cmjwjnlee0014l504ak764qh0,BAE173,,ODYSSEY : DaSH,
cmgwts12o000kjo0414g95r10,THE BOYZ,,Be Aware,
cmjt1rmaf00c4l804qcedb57s,CRAVITY,,NEW WAVE,
cmjdjr1iz0006jj048b5p0jup,TRI.BE,,Leviosa,
cmjiu7no8003vju04fyv3w34i,Golden Child,,AURA,
cmhd62qmp000xl204zw25dvyq,Girls' Generation,,Forever 1,
cmgsvrz0l000hl1040alhyqk7,ONEUS,,MALUS,
cmgvkcfhh0012ky043fcef73r,Yena,,SMARTPHONE,
cmeqzhgzl000h6kh6391aw6v2,NewJeans,,NewJeans 1st EP “New Jeans”,
cmgqqhuta0001jv042ksxscck,ATEEZ,,THE WORLD EP.1 : MOVEMENT,
cmhrg6euq0019l704n62t38ob,CSR,,Sequence: 7272,
cmlimrbyj000gkw04lus9g6vr,TO1,,Why Not??,
cmhb3sxih000llf04yokn7bdk,TWICE,,Celebrate,
cmhpfigb80003jv04er1lb9w8,ATBO,,The Beginning : 開花,
cmgudihhx0001js04g5nyf0f8,OnlyOneOf,,undergrOund  idOl  #2 [KB],
cmgr037aw0008l10409ynzat0,PURPLE KISS,,Geekyland,
cmgqzw56w000cl7044t4nmbht,P1Harmony,,Harmony: Zero In,
cmgv60vlc0001jx04pbkllkd9,Xdinary Heroes,,"Hello, World!",
cmkymwmox0017js04kka9l8el,BLITZERS,,WIN-DOW,
cmh3p963q0003js049veobeic,ILY:1,,Que Sera Sera,
cmgusfb0k000il40437e33svf,STAYC,,WE NEED LOVE,
cmgrlf43s000hl404uqfcuj9k,SEVENTEEN,,SECTOR 17,
cmeqzhl9i00156kh6o6g3xbj2,ITZY,,CHECKMATE,
cmg7xrshj0001l70fkc5h1rj7,BTS,,Jack In The Box,
cmjw3elr60029if0426w0gj31,Billlie,,Patbingsu,
cmpk4kqam0010kz0bgem7x14e,Hi-L,,Summer Ride,
cmj5gcp66000nkv04ealyamwb,SF9,,THE WAVE OF9,
cmh9ptosm0011jp04x65io7qs,Chung Ha,,Bare&Rare Pt.1,
cmeqzhksv00116kh69rjykfsi,aespa,,Girls,
cmhebsx2x0017l704t7yymwfi,MCND,,THE EARTH: SECRET MISSION Chapter.2,
cmhkps6qv0001ii04k3adaw82,H1-KEY,,RUN,
cmgshwsau000fk0044n971dt7,VIVIZ,,Summer Vibe,
cmiciro8q0015kz04dl4lx7e2,WJSN,,Sequence,
cmgsuhk2e0013jx04vfu00k3d,ENHYPEN,,MANIFESTO: DAY 1,
cml42vqxf0001ld04lbn1dtjt,Rocket Punch,,Fiore,
cmgve0n660005jx04deph8k7d,fromis_9,,From Our Memento Box,
cmgudh44w0001kw041k08nhoc,OnlyOneOf,,undergrOund idOl #1 [Yoojung],
cml27d47i0011l104tq697a38,TAN,,2TAN (We Ver),
cmf1la2ce00185e2hoy2g5anh,TWICE,,Im Nayeon,
cmgpalcvq000rla04aj13a1yn,Stray Kids,,CIRCUS,
cmh9ipj28002zjs04mh8ao7s9,KARD,,KARD 5th Mini Album 'Re:',
cmgu2z2jd000cjr04kiuw9a1c,Kep1er,,DOUBLAST,
cmh70ur6u000vlb04e7d571hl,LOONA,,Flip That,
cmkd3xzjp0019kz04z03ygr22,Omega X,,Story Written in Music,
cmjhe2w6r003ujs04rno94jvf,bugAboo,,POP,
cmdzx8lae000m101938nsytm6,BTS,,Proof,
cmj4ha40f000bkw042d0h414o,WOOAH,,Joy,
cmh84cerw0032l104klhvjn73,TRENDZ,,BLUE SET Chapter 2. CHOICE,
cmpvgh5z901rrkw04rwjh71py,BLANK2Y,,K2Y I: CONFIDENCE [Thumbs Up],
cmk1e7x4v0001ld04s655pcts,Jo Yuri,,Op.22 Y-Waltz : in Major,
cmgqm108g000sjp043ivpd4dj,VICTON,,Chaos ,
cmgs0e6hk0012jv04jlruv5io,NCT DREAM,,Beatbox,
cmgrktmnk0003ld04bwif3c64,SEVENTEEN,,Face the Sun,
cmgwuhc5x000dl504uqla3ajl,THE BOYZ,,She's the Boss,
cmhlhesyp000yjx049ar7vgty,CLASSy,,LIVES ACROSS,
cmgqqligi0001jm04mge9v5ze,ATEEZ,,BEYOND : ZERO,
cmkfg39k6000zl504d1nk4cyn,BVNDIT,,Re-Original,
cmh86no4z001bl804f6kbotvo,KANGDANIEL,,The Story,
cmgp4ab3t0027ji04mw44onqf,GOT7,,GOT7,
cmk4izfla002rjr041tff4pm2,ONEWE,,Timeless (or A Small Room Full of Time),
cmhjzfraz0001l104wylliwdy,AB6IX,,A to B,
cmklcv1040014jv043c1fmfln,Yerin,,ARIA,
cmgsvr3bg0012l8041gybpqna,ONEUS,,TRICKSTER,
cmjtmmwh5005rl504g7m9dv92,TNX,,WAY UP ,
cmmrz0ahe00dsl404wy02vu76,Girls' Generation,,DEEP - The 1st Mini Album,
cmgys6rpt0005jp0477pddzkf,ASTRO,,Drive to the Starry Road,
cml1a2pr7002rl904ppxrfh5o,Ciipher,,The Code,
cmgpf4tlj003ujf04454jee08,TOMORROW X TOGETHER,,Minisode 2: Thursday's Child,
cmhlhd5cg000mla045ehjspm6,CLASSy,,CLASS IS OVER,
cmgsufzmk001zl404opmlax5d,ENHYPEN,,DIMENSION: 閃光 (SENKOU),
cmk1q010w0007ky04almxlnh1,iKON,,FLASHBACK,
cmgst9yhu0019le040ci81c7m,LE SSERAFIM,,FEARLESS,
cmhfsnwyl000qla04d81ayqas,MAMAMOO,,C.I.T.T. (Cheese in the Trap),
cmjf08gkq002bl104edri7fk1,ICHILLIN’,,Bridge of Dreams,
cmg298lug0001105mqgzvnbb4,i-dle,,MY,
cmijjklxj000hl4045ihzzhtp,E’LAST,,ROAR,
cmhpvhtt4000nl804qycixcpm,MONSTA X,,Shape of Love,
cmjnc2q8a0025js04nlfp8c3t,VERIVERY,,Series 'O' Round 3 : Whole,
cmh47ze050001jo047is87osq,JustB,,Just Begun,
cmh7rftmm000wjl04d0sbkc05,Dreamcatcher,,Apocalypse : Save Us,
cmld1xgzw0030lb04tww3p8pk,DKZ,,Chase Episode 2. Maum,
cmh9uwwnf001jji04stxinkb9,SHINee,,Dice,
cml3uktoj0026js04jl7pbk6h,EPEX,,Prelude of Anxiety Chapter 1. '21st Century Boys',
cmgqs360x000gl40419o5n42i,Red Velvet,,Bloom,
cmg3u9dah0003ibpt41huhtnk,ITZY,,Voltage,
cmgrkepn80002js0440mvwrdi,IVE,,LOVE DIVE,
cmgvl5pud0029l604p0yo28p0,Kwon Eunbi,,Color,
cml2yf58d0050jm04bnvuazye,EXO,,Grey Suit,
cmh3p73560001l104hkttqnrf,ILY:1,,Love in Bloom,
cmhzx9moh0009la04384colhe,The KingDom,,History of Kingdom : PartⅣ. Dann,
cmkhycrhe0018l204ssleqqfk,NINE.i,,New World,
cmgr01f6k000sl704uhvnur2r,PURPLE KISS,,memeM,
cmgrtjh58000ila04zqlujkeu,NCT DREAM,,Glitch Mode,
cmjts35pu000lld047lfhi217,OH MY GIRL,,Real Love,
cmjt1plu70001jm043y7mjsd5,CRAVITY,,LIBERTY : IN OUR COSMOS ,
cmgqs1pjd0007l404jy2in5yo,Red Velvet,,The ReVe Festival 2022 – Feel My Rhythm,
cmgp9zo1m000mib04b7uopvef,Stray Kids,,Oddinary,
cmgwuedve0001l204r431insf,THE BOYZ,,THE BOYZ SOLO LEVELING OST ECHO,
cmjypr2nn0002jo04a6vahf2l,TWICE,,#TWICE4,
cmjd6b0rl003hl4048beo4hf1,WEi,,Love Pt.1 : First Love,
cmhfsblvx000hl404mrkjmcwg,MAMAMOO,,容: Face,
cmi713sc60019jv04gaszmfje,MONSTA X,,Voyager,
cmeqzhu9n002b6kh6gl6ct9ua,i-dle,,I Never Die,
cmhqz6dm6004ejr04dd4dlt19,BBGIRLS,,Thank You,
cmhi5l7kc0003jm0452f6vxwm,Weeekly,,Play Game : Awake,
cmhkoxwgh0015l204q3uh2qt3,Cherry Bullet,,Cherry Wish,
cmhmiy6vd000fjy048fujbdbe,Tempest,,"It’s ME, It’s WE",
cminolni2001zjr047scu8r8v,SUPER JUNIOR,,The Road : Winter for Spring,
cmo46blwg005fi704t01tq4ii,BLACK LEVEL,,NEW-START,
cmgqo7ebx0014l404fgil8ztc,Billlie,,The Collective Soul and Unconscious: Chapter One,
cmgvcz5jv0001l404x4ydywgk,NMIXX,,AD MARE,
cmgusdin60009la04dwuu9yje,STAYC,,YOUNG-LUV.COM,
cmipb5hd5000bjr04odojt1zp,Wonho,,Obsession,
cmiv333se000blh04ex3ksylg,TREASURE,,THE SECOND STEP : CHAPTER ONE,
cmhihk486000xjv049z24wyvd,Taeyeon,,INVU,
cmgshvq9e0005i904ecruaq8g,VIVIZ,,Beam Of Prism,
cmiz02o920003l204k9bo6g3o,PENTAGON,,IN:VITE U,
cmi2jwe4x002gl504w6dyx9j6,Yuju,,REC.,
cmiupld1i0005gl0439plzakb,GOT7,,B (BamBam Solo),
cmgqm09ql002al804xepl83vh,VICTON,,Chronograph ,
cmgvdznim0009l2041277pmle,fromis_9,,Midnight Guest,
cmgvkbsgg0029l504rj2dca8s,Yena,,SMiLEY,
cmhftmjmd0005ib04ayxcw7m8,MAMAMOO,,WHEE,
cmgucsfej0001l204esgezx3h,OnlyOneOf,,Instinct Part. 2,
cmlfm4hz2003cjy04rxh8wtc7,MIRAE,,Marvelous,
cmgpccufo0008jv0407uty340,ENHYPEN,,DIMENSION : ANSWER,
cmkydxxfo001gl8041fbevgls,Eric Nam,,There And Back Again,
cmkd3xdqc0040il04ygv2mkrw,Omega X,,Love Me Like,
cmicqrhpj0003la04wkvsd2w9,WJSN,,Super Yuppers!,
cmj4gp6h1000pl804secz62yr,WOOAH,,Catch the Stars,
cmh84z2w8008wie04druw5phn,ONEWE,,Planet Nine: Voyager,
cmgqzrxmb0001le04hcskajdx,P1Harmony,,Disharmony: Find Out,
cmgu2xlcn002fjo04c5ohfc79,Kep1er,,First Impact,
cmjv93e68001qk204au8u2tx1,Red Velvet,,2021 Winter SMTOWN : SMCU EXPRESS,
cmgyaf49l000hi804sndkzgz6,NCT,,2021 Winter SMTOWN: SMCU EXPRESS,
cmkuaap8y000uk004p48kxg17,aespa,,2021 Winter SMTOWN: SMCU EXPRESS,
cmg3u8r6y0039c0irpa3hcew3,ITZY,,IT’z ITZY,
cml74udhg0010l804sde9l8gi,aespa,,Dreams Come True,
cmjypoycu0001kz04v5vnfin2,TWICE,,Doughnut,
cmk28nczq0006ic0477i8qys8,Billlie,,Snowy Night,
cmgshpwam000bk004fqxcfg1y,NCT,,Universe,
cmhpvf08w0008l404h8az3r1f,MONSTA X,,The Dreaming,
cmgqqn6nx000ol104mwtm8a33,ATEEZ,,ZERO : FEVER EPILOGUE,
cmgtyiad3002fl2041ysilyn2,SEVENTEEN,,Power of Love,
cmi229c54000jky04z0yzj3uu,ONEWE,,STUDIO WE: Recording 2,
cmh7udesx001cld049y46zit8,Xdinary Heroes,,Happy Death Day,
cmgsuizvz0001l104e1faplho,ONF,,Goosebumps,
cmgr3aktz0011lb04fpqyezsm,IVE,,ELEVEN,
cmjezthpq0001k1042xuvsgvc,EVERGLOW,,Return of The Girl,
cmj93wik2000zky04ts9x7gkj,cignature,,Dear Diary Moment,
cmhcv3mkg000xl904s9u97eut,EXO,,Peaches,
cmgpajtat000bky04w3llrgkb,Stray Kids,,Christmas EveL,
cmh9317ou000zkv04mqs0pp0b,MAMAMOO,,Guilty Pleasure,
cmjy6tbr5000ul1049s12gbt1,OH MY GIRL,,Dun Dun Dance Japanese Ver.,
cmj5gaa91000bkv041412gqha,SF9,,RUMINATION,
cmhpvgrnw000jl204ee1sdl85,MONSTA X,,No Limit,
cmicrfars0001jl043i56jq02,Weki Meki,,I AM ME,
cmeqzhonb001n6kh6obxmurgb,ENHYPEN,,DIMENSION: DILEMMA,
cmeqzhfd000056kh64dxayjxz,TWICE,,Formula of Love: O+T=<3,
cmgqo4k990008lb04fkldpyry,Billlie,,The Billage of Perception: Chapter One,
cmgsvq9iy0015la04uec8gu4o,ONEUS,,BLOOD MOON,
cmgqcnqm0001ul4042xomn0ck,TOMORROW X TOGETHER,,Chaotic Wonderland,
cmlimpv91002djv04c4782f57,TO1,,RE:ALIZE,
cmgwukcuk000ll504wan5v3da,THE BOYZ,,Maverick,
cmhkmk3sg000wl204eu2akari,Jeon Somi,,XOXO,
cmh47yqif000pl804xlp5ti90,JustB,,Just Beat,
cml3ugunl0044l704q7gag7az,EPEX,,Bipolar Pt.2 : Prelude of Love,
cmjhdmtbe000nlb04057s0r3k,bugAboo,,bugAboo,
cmgshou1a000yjj04l98g8yq0,NCT 127,,Favorite,
cmgsi9viu0018l104jzjb1uua,SEVENTEEN,,Attacca,
cmhzx8nap000hl504a5lrrp19,The KingDom,,History of Kingdom : Part Ⅲ . Ivan,
cmhc4cvmn000rih04u2yvkxeb,Stray Kids,,Scars,
cmjdjm4v3001ql504dz190f2d,TRI.BE,,Veni Vidi Vici,
cmirgd2i60001jp04fpt6i7y0,PIXY,,Fairy Forest: Temptation,
cmk1e6x2e0002ld04y1kfnxcr,Jo Yuri,,GLASSY,
cmkymgdmv000ejm04wzuxm72m,BLITZERS,,SEAT-BELT,
cmj0akj0f000rif0451e7o6jc,WOODZ,,Only Lovers Left,
cmeqzhkpv000z6kh64fhv7e6j,aespa,,Savage,
cmk2te1cc0008kw04slvrkgy7,Hot Issue,,Icons,
cmijjmwp80001jx048y7giza1,E’LAST,,Dark Dream,
cml1a1boe000mii047zk0e71i,Ciipher,,Blind,
cmgr95iqp0021ji04p376nf69,Key,,BAD LOVE - The 1st Mini Album,
cmh870ia70008lb04abth4qf4,LOONA,,Not Friends,
cmm5k1t7z00bhjs04u8jiwh6m,VICTON,,BLAZE,
cmeqzhl6i00136kh68uqm4vkv,ITZY,,Crazy in Love,
cmgshnukq0011l1049lw5ktk6,NCT 127,,Sticker,
cmh81yc2t000pjr0442vc86s4,LOONA,,HULA HOOP / StarSeed ~Kakusei~,
cmgrj6olb000dlb0448aylax6,MAMAMOO,,I SAY MAMAMOO: THE BEST,
cmipb18fl000ykw04xzhst86k,Wonho,,Blue Letter,
cmgqqob410006ib04v8984xa4,ATEEZ,,ZERO : FEVER Part.3,
cmlvz1a02003rjm048hnj4q35,HyunA&DAWN,,1+1=1,
cmf4xylig0001frv7jqhiz8aj,BLACKPINK,,LALISA (Lisa solo),
cmgqxqz6v0001l804m4jut063,PURPLE KISS,,HIDE & SEEK,
cmi0awhsz0001l604a1vyhbnl,DAY6 ,,Eternal,
cmgusat1b0005la04ambs6x9n,STAYC,,STEREOTYPE,
cmk2vrizs001ijs04zkcct0js,ONEUS,,ONEUS Theatre : Life is Beautiful (digital single),
cmhjyosw30001l404vb7kj6kw,A.C.E,,Changer : Dear Eris,
cmlfm35pq008rju04v7kjatvb,MIRAE,,Splash,
cmgvl3h5d0009kz04ggzdi1mp,Kwon Eunbi,,Open,
cmgpaipxe000sk004te1xdl9i,Stray Kids,,NoEasy,
cmjnbx88m000sl404v0fg08ep,VERIVERY,,Series 'O' Round 2 : Hole,
cmi4sxuvv000nle049t3on4i1,CRAVITY,,The Awakening: Written In the Stars,
cmhmpa5i80003k0045rt5ghdu,CIX,,‘OK’ Prologue: Be OK,
cmj0h2xdk0015l404vg8sgdqt,Rocket Punch,,Ring Ring,
cmgpf8lx6001zjo04uwmv7u4g,TOMORROW X TOGETHER,,The Chaos Chapter: Fight or Escape,
cmgqs0xmc0004le04izqcodlg,Red Velvet,,Queendom,
cmgsj6nwn000njr041rluf1bj,ATEEZ,,Season Songs,
cmgsup0w70009l804rv0asn2q,ONF,,POPPING,
cmgwtqcb40007jv04cgcydp1l,THE BOYZ,,Thrill-ing,
cmh3jtm3r000tjl04z7z0vem2,Sunmi,,1/6,
cmlkrgokw004lju04l3sig8eq,Kim Woojin,,"The Moment: 未成年, A Minor",
cmhi5kjrt0005jo048u3e1cyh,Weeekly,,Play Game : Holiday,
cmjiu3hdj002sl704sk54pa6j,Golden Child,,Game Changer,
cmgysm0pa0001js049agzta7n,ASTRO,,Switch On,
cmh7rd8i7000wkz04xmdjyxue,Dreamcatcher,,Summer Holiday,
cmhb4p9wk001jk104jqptv86f,ATEEZ,,Dreamers,
cmjyplfr1004pl404e05qs0lc,TWICE,,Perfect World,
cmgt6jres000hle04dq4rm7x1,BLACKPINK,,The Album (JP Ver.),
cmjbvbgzv001rjp04zgq9309i,EXO,,Empathy,
cmguc89wq0001jj04g74u5b45,OnlyOneOf,,unknown art pics 2.0 + Produced by [myself],
cmgsudlsq003njs04fvtknvt4,ENHYPEN,,BORDER: 儚い (HAKANAI),
cmhg7k3c3000nju04j2asbgjo,DAY6 ,,Right Through Me,
cmj5g976u000hjs043n94ztm5,SF9,,TURN OVER,
cmg285yuf0003l7yqwkazh6tk,i-dle,,Windy,
cmhzx7ruz0007l50442g8y4un,The KingDom,,History of Kingdom : PartⅡ. Chiwoo,
cmhi88e00000xjx04762se468,Kim Seri,,ReviveR,
cmh47y31p000dl804wa7sc6uw,JustB,,Just Burn,
cmh70ni3d0014k104bwir022g,LOONA,,[&],
cmlpykg1g004sl904gbsso709,VICTON,,Fade,
cmgs0cnn0000qjv04wmc1nq3i,NCT DREAM,,Hello Future,
cmhjyk3mh001sla04eol3mtul,A.C.E,,SIREN : DAWN,
cmgsi8p2e001ekz04xeygqve7,SEVENTEEN,,Your Choice,
cmhqyx2lo0003l704tu6f5w8g,BBGIRLS,,Summer Queen,
cme01wnyl0011fxokesiucxeu,BTS,,"BTS, the Best",
cmh8504yy003il404fxmd9k2m,ONEWE,,Planet Nine: Alter Ego,
cmkpbsnxs0002js049frp4cfx,UP10TION,,Connection,
cmf113m4n0001shyvfcozom50,TWICE,,Taste of Love,
cmhdm5t0r000hjo04gg16e36c,LIGHTSUM,,Vanilla,
cmjd57oy6000clb04srdzamw1,WEi,,IDENTITY : Action,
cml3uceqa001fl4043z8gjly6,EPEX,,Bipolar Pt.1 : Prelude of Anxiety,
cmgra2drw000dl7041o1i9e9g,EXO,,Don't Fight the Feeling,
cmk72xdxu0012jq04nt9fg1wj,N.Flying,,Man on the Moon,
cmgrj4f7v000xl804jn5g0u0y,MAMAMOO,,WAW,
cmgt77a9r0005jo045fcw5ali,BLACKPINK,,BLACKPINK 2021 'THE SHOW' LIVE CD,
cmhpvg28h000hih04qiy3qiq6,MONSTA X,,One of a Kind,
cmgvlxjvr003nld049r6a8o6m,Red Velvet,,JOY: HELLO,
cmeqzhp1f001p6kh6hhns24b6,TOMORROW X TOGETHER,,The Chaos Chapter: FREEZE,
cmj4gkgo40001if046ksvwqiw,WOOAH,,Wish,
cmjp01yc0003ijr04skpszcjj,GWSN,,THE OTHER SIDE OF THE MOON,
cmhphsydh0003l904i9ujs5lq,EVERGLOW,,Last Melody,
cmdzx8l90000k10191cj3qbtc,BTS,,Butter,
cmlimoxfi004blf04yq16vgom,TO1,,RE:BORN,
cmjuioeui0029ky0433s9ydx9,BlingBling,,CONTRAST,
cmgvdxm030001i904kiwr5j32,fromis_9,,9 Way Ticket,
cmkae6pl2000gld04sclz9v4w,aespa,,Next Level,
cmjrx8ac90034l404fmw0n8su,TWICE,,Kura Kura,
cmicqivr70001l204uga6hyzp,WJSN,,My attitude ,
cmgsvnba80009js04c76ixnwy,ONEUS,,BINARY CODE,
cmjtsb2qw0075jr04zz03o9ty,OH MY GIRL,,Dear OHMYGIRL,
cmgrti8uc0005jp04532u1eyk,NCT DREAM,,Hot Sauce,
cmlgoytt00001ju04q7fhgrkv,MONSTA X,,Flavors of Love,
cmmlm7yhl000pkw04u5kw3s7b,Kim Ji-yeon,,Midnight Sun,
cmg28zqqu000712xj3p03mp3j,ITZY,,GUESS WHO,
cmgsu9ll6001rlb044an9gnaj,ONF,,CITY OF ONF,
cmk2ta0nm003qjx049npkea8t,Hot Issue,,Issue Maker,
cmgsuav3w002vl5046kjvu0u2,ENHYPEN,,BORDER: CARNIVAL,
cmhjz648t0001l204mfx4zqor,AB6IX,,MO’ COMPLETE : HAVE A DREAM,
cmgtyh4d5001sl804r0e8gfrs,SEVENTEEN,,Not Alone,
cmgqzlvqe0004jm04yyl92jt5,P1Harmony,,Disharmony: Break Out,
cmh72hwjj001rjv04e4too2i7,DAY6 ,,The Book of Us: Negentropy – Chaos Swallowed Up in Love,
cmhftlgrg0003l104s2bktxze,MAMAMOO,,Redd,
cmh875ek4000jle043wtgr3h4,KANGDANIEL,,YELLOW,
cmgqn4nb20010l504qwaca5tn,SHINee,,Atlantis - The 7th Album Repackage,
cmgsxxym40004jy04937gll16,OnlyOneOf,,Instinct Part. 1,
cmjwjk1g7000xl504rxvs4o50,BAE173,,Intersection : Trace ,
cmgus920m0001l504hkpplppc,STAYC,,STAYDOM,
cmn3jfn5q000si9044qvwu8l8,Kim Jaehwan,,Change,
cmkj0xs4r001el404r9bjvdqo,LUNARSOLAR,,SOLAR: rise,
cmgys5tq10001jp04aezz58fk,ASTRO,,All Yours,
cmgvlz3bl001hkw04soefg1vk,Red Velvet,,Like Water,
cmicipx5o0007jr04x79tlaby,WJSN,,UNNATURAL,
cmhcuuj8t0009js04w2ovojdg,EXO,,Bambi,
cmh7gcd8n001fl104kiwiiuil,IU,,LILAC,
cmgqqq88t000gl404q4jsormd,ATEEZ,,Into the A to Z,
cmgwu8bpe000dic04hxxdnipu,THE BOYZ,,Breaking Dawn,
cmlfm1xxd00htlb04e7sir3lk,MIRAE,,KILLA,
cmhi5juud001fli04j8h3vfes,Weeekly,,We Play,
cmgqxn3190001jm04oxr3o5vd,PURPLE KISS,,INTO VIOLET,
cmiyzz70e001zjz04bzlvwz57,PENTAGON,,LOVE or TAKE,
cmj0ac8fk000vla04jegcuvni,WOODZ,,SET,
cmf55ikz10001hdv91j50ikqf,BLACKPINK,,-R- (Rosé solo),
cmlp7v2eb0065l504gq29jzri,MONSTA X,,Wanted,
cmgshmsnr0018l104t82bhxnf,WayV,,Kick Back,
cmjnc8axt001djl04txpqygeh,VERIVERY,,Series 'O' Round 1 : Hall,
cmgqy3nod0001l4044h89joj4,ATEEZ,,ZERO : FEVER Part.2,
cmiuf1ww10007l404sx7lwkaz,Wonho,,Love Synonym #2: Right For Us,
cmjd56mks0001l104cslfckzs,WEi,,IDENTITY : CHALLENGE,
cmgsu3ch1003bjs04hwi2fg9x,ONF,,ONF: MY NAME,
cmgqn3oqq000hl504rb80a1pz,SHINee,,Don't Call Me - The 7th Album,
cmhzx6lat0003ji04yc7zu78a,The KingDom,,History of Kingdom : PartⅠ. Arthur,
cmgshlxex0002ju0471yeq8fd,NCT 127,,Loveholic,
cmh8ep1hn003fjy0482vgd73c,aespa,,Forever (Single),
cmhmp80t10003jl04w7xc0q6w,CIX,,"HELLO Chapter Ø. Hello, Strange Dream",
cmh7r78u3001gjv04zbza27w9,Dreamcatcher,,Dystopia : Road to Utopia,
cmjiu2ciw0026l304sy9mmdxj,Golden Child,,YES.,
cmhcusz20003tlb0478vixlui,EXO,,BAEKHYUN,
cmhkox8g0000xl204q9nhgzw2,Cherry Bullet,,Cherry Rush,
cmgsvl29t0021lg047p9bd86s,ONEUS,,DEVIL,
cmjt1nf6s00b0l7047yc6d5ng,CRAVITY,,HIDEOUT : BE OUR VOICE - SEASON 3 ,
cmgqckofd003rii04icxw07gb,TOMORROW X TOGETHER,,STILL DREAMING,
cmhjz48hk0003jl041qi06dwk,AB6IX,,SALUTE : A NEW HOPE,
cmg28y79b0001z5jkov8we68z,i-dle,,I Burn,
cmiv2xu0u0009js04g1l4cq3k,TREASURE,,THE FIRST STEP : TREASURE EFFECT,
cmgqlyuwt0007ld04c1y7r5mb,VICTON,,VOICE: The Future Is Now,
cmhebpq1j0013l504md313cw0,MCND,,MCND AGE,
cmj93v7u50021la04kzqmyfec,cignature,,Listen & Speak,
cmmv7eb2g0068lg04v8kdtnjj,MONSTA X,,Love Killa,
cmj5d3k7w0001l8047v8zx8u9,Taeyeon,,What Do I Call You,
cmk4j4h5p000ul504895kq816,ONEWE,,MEMORY : illusion ,
cmltkqiec000ck40458cy85q8,THE BOYZ,,Christmassy!,
cmgvjxfcg0009ld042xgg8see,IZ*ONE,,One-reeler / Act IV,
cmgpchjds0014l104s8th5g9n,ENHYPEN,,BORDER : DAY ONE,
cmgp6d88a0003ju04bor7jl4f,GOT7,,Breath of Love : Last Piece,
cmhbjaa4z000vgp04pv16bn2o,EXO,,KAI,
cmj4g7g4d000fjf04wrbbrqpp,WOOAH,,Qurious,
cmgshk2rf001ajy04rj1x33na,NCT,,NCT 2020 Resonance Pt.2,
cmdzx8l7m000i1019n5bam54y,BTS,,BE,
cmjwjh37u0048kv04csvyt3yt,BAE173,,Intersection : Spark ,
cmjypkaf60033l104z1vse1gr,TWICE,,BETTER,
cmh8dnfmz002ljv049zm5x8ec,aespa,,Black Mamba (Debut Single),
cmhaoptvy0001l104oculbmlo,WOODZ,,WOOPS!,
cmgus1zxd0001l20417kawf8z,STAYC,,Star To A Young Culture,
cmijjo7670003l5042vfpbnsu,E’LAST,,Awake,
cmgqonpuo000ajw046mo9pq84,Taemin,,Never Gonna Dance Again: Act 2 - The 3rd Album,
cmgr1bc8f000rld0494arha17,GFRIEND,,回: Walpurgis Night,
cmiv2wmxd0003lh044tx3ihvk,TREASURE,,THE FIRST STEP: CHAPTER THREE,
cmh8z1eod004wjr04t0woqcpq,Stray Kids,,ALL IN,
cmksmole5001zkz04kwyrzl4g,Secret Number,,Got That Boom,
cmgrj3f68000vl8046iy1r9e1,MAMAMOO,,TRAVEL,
cmhpvdzkb001mjx04bnvmnmn6,MONSTA X,,Fatal Love,
cmhjz2glr0003k004wiilztz5,AB6IX,,SALUTE,
cmk2t26kf002sl504f67wg7o3,WINNER,,TAKE,
cmgqzjvzn0001jr04suzjjzbe,P1Harmony,,Disharmony: Stand Out,
cmf1l859t000u5e2hn4vdwr8t,TWICE,,Eyes Wide Open,
cmgpf3x1a000qld04vj792x3u,TOMORROW X TOGETHER,,Minisode 1: Blue Hour,
cmgvjwtrf0004lb04k0b8568r,IZ*ONE,,Twelve,
cmh81wgum0008jr04pmqiqd48,LOONA,,[12:00],
cmgsi7s1v0016lb04ccvjtteo,SEVENTEEN,,Semicolon,
cmiv1k2yu001nla04vcqq0nj8,VERIVERY,,FACE US,
cmhi5j4q9000xjr04yw5g8nli,Weeekly,,We Can,
cmeqzhkdt000x6kh6eccocb4m,NCT,,NCT 2020 Resonance Pt. 1,
cmicrdt3u0001jx04gqs0cfhg,Weki Meki,,NEW RULES,
cmicqps4q0009ky04q6nnk1cr,WJSN,,Hmph!,
cmjiu1e7q0001i004ruggbrkw,Golden Child,,Pump It Up,
cmj5g7fwh000dju042v5pkn4p,SF9,,Special History Book,
cmeqzhepw00016kh6toc419kv,BLACKPINK,,THE ALBUM,
cmlut2joh000mkv04vw35s1gr,SUPER JUNIOR,,BAD LIAR (D&E Unit),
cmgsi8rn6000ok0041dfr8tfb,SuperM,,Super One,
cmkpbrd6l0002jp04a45x0dt8,UP10TION,,Light Up,
cmh6yst8m000dji04ud3ev24h,GHOST9,,PRE EPISODE 1 : DOOR,
cmjezrhhh000kl4046ulv8bse,EVERGLOW,,-77.82X-78.29,
cmgwtnmeo000ejo046xxfi8mk,THE BOYZ,,Chase,
cmiv2u96l0001ju046hdyzenl,TREASURE,,THE FIRST STEP: CHAPTER TWO,
cmlcil4un003wjp04w28nsytq,TWICE,,#TWICE3,
cmeqzhsrt00236kh6c4pklklq,fromis_9,,My Little Society,
cmj8ygq3o000nlj04ku8cdgy8,VAV,,Made For Two,
cmgpah7tr000gla04jom75u6v,Stray Kids,,In Life,
cmgtyfipy000el104bqkssyv1,SEVENTEEN,,24H,
cmjtrwgc3000hjr0418pq655w,OH MY GIRL,,Bon Voyage,
cmiuexb6j0001jv04a6ttbpph,Wonho,,Love Synonym #1: Right for Me,
cmiz3wkko0005js049pk72lb0,CLC,,HELICOPTER,
cmhjyid4k0009ju046n0o9bev,A.C.E,,HJZM : The Butterfly Phantasy ,
cmgt3h7dk0005l80418t6b98z,Lovelyz,,Unforgettable,
cmhg7l29e000pl804x3xbmayf,DAY6 ,,The Book of Us: Gluon,
cmgsxus9w0019i604izibe4tn,OnlyOneOf,,"Produced by [], Pt. 2",
cmjt1lf140058jm0400ihb8rs,CRAVITY,,HIDEOUT: THE NEW DAY WE STEP INTO - SEASON 2 ,
cmheblblg0029i804m2tbqdrb,MCND,,Earth Age,
cmgsvk1wz000vla04a85hbfkq,ONEUS,,LIVED,
cmh7r3szk0014kz045decyxvx,Dreamcatcher,,Dystopia : Lose Myself,
cmg28w8br0001k6tqzxw26udm,ITZY,,NOT SHY,
cmjd3cewn000xkv04z64k09b3,VICTON,,Fame,
cmeqzhpn5001r6kh6qc05g2or,TREASURE,,THE FIRST STEP: CHAPTER ONE,
cmj0h16b9001ll404z1h9g2si,Rocket Punch,,Blue Punch,
cmg28wv5p0003k6tqpzw2zh7h,i-dle,,DUMDi DUMDi,
cmh873yo8000tl904giyp3xky,KANGDANIEL,,MAGENTA,
cmeqzhq54001t6kh6vm25yuks,ATEEZ,,ZERO : FEVER Part.1,
cmf4t5sg000015s0vr3vaqru6,BLACKPINK,,How You Like That (Special Edition),
cml6r2rkd000nl404a5nhrn1d,1the9,,Turn Over,
cme01wnvt000zfxokd3iahxpe,BTS,,Map of the Soul: 7 ~ The Journey ~,
cmlimnyj5007tl804sso7cztf,TO1,,Running TOOgether,
cml0czvke0004l104rtgbidwt,EXO,,1 Billion Views,
cmgr18uy5000ll404oopx6dk2,GFRIEND,,回: Song of the Sirens,
cmijjpjj4000pjx044sn4iif4,E’LAST,,Day Dream,
cmicip7pv0003jr04gz42o3da,WJSN,,NEVERLAND,
cmjypjbol003djv04gs7vdmlx,TWICE,,Fanfare,
cmj5g5ysy001dky04mx5apbl4,SF9,,9loryUS,
cmgvkmdx3001ll704sjy1r32h,Red Velvet,,Monster,
cmh9q52nm0001l504s0td80g0,Chung Ha,,Play,
cmhi5ibbr0011l10411pdqmlt,Weeekly,,We Are,
cmhahie0j0001jl04b7t9yjqk,WOODZ,,Equal,
cmhjz0mu80001jr04p8b7xnbd,AB6IX,,VIVID,
cmjiu07wz0033jz04wrblbpod,Golden Child,,Take A Leap,
cmgsi71j4000pjm04el6ffe4x,SEVENTEEN,,Heng:garæ,
cmgshiqpw000pkz04aff2m3d3,WayV,,Awaken The World,
cmicrcj1b0003ld05w38x4thk,Weki Meki,,HIDE and SEEK,
cmgpafw1a000fky04v7kna2f7,Stray Kids,,GO LIVE,
cmgvjw53v0005ld0416wwjg5o,IZ*ONE,,Oneiric Diary,
cmhw2jg7t000tl804cby901r0,DIA,,Flower 4 Seasons,
cmjivsdvd007sjz04ekqrk4ng,Ha Sung Woon,,Twilight Zone,
cmhc41p9n001xju04phv3f7jm,Stray Kids,,TOP,
cmgqlxpec0028l804gmikk3oh,VICTON,,Mayday,
cmf1l9ud500165e2h8pd2sqq6,TWICE,,MORE & MORE,
cmi70q7tg000gjr04pi2x1v2u,MONSTA X,,Fantasia X,
cmh84t54a004ul404xbe8t2sf,ONEWE,,One,
cmhcuqwwd0001la04mtq6z2mj,EXO,,Delight,
cmgsxqqvy0002jy04blhzfkgr,OnlyOneOf,,"Produced by [], Pt. 1",
cml2nucgu000ul804xfae96te,Ryu Sujeong,,Tiger Eyes,
cmgshhd680012l1040ut6vl8p,NCT 127,,Neo Zone: The Final Round,
cmhpix0z0000pif04vn2u75pl,Secret Number,,Who Dis?,
cmgpewnba000cld04roohfhdn,TOMORROW X TOGETHER,,The Dream Chapter: Eternity,
cmh72cgp7000li6045zb2ndx2,DAY6 ,,The Book of Us : The Demon,
cmgysil7j0001jv04bn7a5qf5,ASTRO,,Gateway,
cmgrt9nyw0002la04frkud4sm,NCT DREAM,,Reload,
cmeqzhvfr002f6kh6wtl4v1y3,OH MY GIRL,,NONSTOP,
cmgp6029e0006l1048h0jl5ck,GOT7,,DYE,
cmlp81cjd000cjr0459vw44g7,MONSTA X,,Wish On The Same Sky,
cmjt1jlcq006njv04kyii7hsi,CRAVITY,,HIDEOUT: REMEMBER WHO WE ARE - SEASON 1,
cmgvg4ew0000gla04wiqfudwf,Apink,,LOOK,
cmg28vb9b0005vj5ayvtz6qak,i-dle,,I Trust,
cmgtye9gj003jl804l96ypr2b,SEVENTEEN,,Fallin' Flower,
cmlimmpm9002fky04rvfprfrf,TO1,,REASON FOR BEING: Benevolence,
cml2ye0bm0049lf042uvhdcm1,EXO,,Self-Portrait,
cmh872i6y0001jr04rlwg6lzc,KANGDANIEL,,CYAN,
cmgsviecl000ql10411ckfjx9,ONEUS,,IN ITS TIME,
cmhc4bma20011kz04fhyi1hgt,Stray Kids,,SKZ2020,
cmh0tnnc4000fjj04874ceu6g,WayV,,Take Over The Moon: Sequel,
cmgqlww1j001sl804swykvsbz,VICTON,,Continuous ,
cmg28u0a20003vj5agkseqs8t,ITZY,,IT’z ME,
cmgshgkyi000ujy044ateip41,NCT 127,,Neo Zone,
cmlpxjlwa000rl204bivifn33,Alice,,Jackpot,
cmdzx8l64000g101929limsn3,BTS,,Map of the Soul: 7,
cmicr6sw60007ib04gvff2j2y,Weki Meki,,DAZZLE DAZZLE,
cmh7qzo3i0003ky04zujim8x0,Dreamcatcher,,Dystopia: The Tree of Language,
cmgvjv67b000gi904lfq87so5,IZ*ONE,,BLOOM*IZ,
cmi7xnxsg000fjw04jg5nksav,MONSTA X,,All About Luv,
cmgqy6rbo0001l204w23r2soy,ATEEZ,,TREASURE EP. Map To Answer,
cmiyzumby001nl204niut2ge2,PENTAGON,,Universe : The Black Hall,
cmj0gz19n0013l404kg290ymn,Rocket Punch,,Red punch,
cmgwtz5sm000fk104dhhdtl2u,THE BOYZ,,Reveal,
cmngb5y1m000bl70481h90n90,iKON,,I Decide,
cmh81uemj002fl104dunzk1ab,LOONA,,[#],
cmm09aoio0btolb04iptbenls,TWICE,,&TWICE -Repackage-,
cmiduddqw0003l3046yxeockn,EVERGLOW,,Reminiscence,
cmgr15hmi000nl40440bd28rv,GFRIEND,,回: LABYRINTH,
cmgs1hx6v000rlb04li3x5gj1,NCT DREAM,,THE DREAM,
cmhihilkx000rl20409uw8tw3,Taeyeon,,Purpose - The 2nd Album Repackage,
cmgqbwn4y000fl504ehi7zsfg,TOMORROW X TOGETHER,,Magic Hour,
cmh94mca4001fl404brncy5kq,DreamNote,,Dream Wish,
cmjnbsc8o0009kw04kxbt1k1q,VERIVERY,,Face Me,
cmgqy8r5r000dl404h34bbbxs,ATEEZ,,TREASURE EPILOGUE : Action to Answer,
cmgqs03lx0005jt042s0f75o2,Red Velvet,,The ReVe Festival: Finale,
cmgpadqfb000bk004qgvh7syz,Stray Kids,,Clé: Levanter,
cmgsj09pp000mjl04rrgmjolf,ATEEZ,,TREASURE EP.Extra: Shift The Map,
cmgr9ohkr001ol504amlkmx4m,EXO,,Obsession,
cmjidfs0y0009jv04il1tvzi3,AOA,,New Moon,
cmlcijdvj001ujj04iml48zb5,TWICE,,&TWICE,
cmgyshfp5000kkz0439zm0h8v,ASTRO,,Blue Flame,
cmiciojlh0001jo04l3mwj69e,WJSN,,As You Wish,
cmhmp2vfg0009l404qncsr0dm,CIX,,"HELLO Chapter 2. Hello, Strange Place",
cmgrj2b41000bjr04wsol4q1o,MAMAMOO,,reality in BLACK,
cmkfg0odd0019jo04oz6g4lsy,BVNDIT,,BE!,
cmgp6goet000bju04wj2hdmcb,GOT7,,Call My Name,
cmgqlvw410021l804eidwyr86,VICTON,,Nostalgia ,
cmgsxhkmj0001la04ctu8uldn,OnlyOneOf,,line sun goodness,
cmgshfl230005l204o7fyxe6e,WayV,,Take Over The Moon,
cmhjybky90005l104ticj6obf,A.C.E,,UNDER COVER: THE MAD SQUAD,
cmgw01t4w0021l704a1f6sghu,MONSTA X,,Follow - Find You,
cml744aga002bjv04vamqle6m,Taeyeon,,PURPOSE,
cmh7jakfs00axl404nj1ihx0m,ATEEZ,,Treasure EP. Fin : All to Action Anniversary,
cmh73k985000ikz0478sevq7s,DAY6 ,,The Book of Us : Entropy,
cmj8yg3s3000jjv04njvjqeeb,VAV,,Poison,
cmgpetlki0017l404uwtoqte9,TOMORROW X TOGETHER,,The Dream Chapter: Magic,
cmqplcdkd008fjg0bc84ude0w,Stray Kids,,Double Knot,
cmgqybbrt000pl404moxkroga,ATEEZ,,TREASURE EP.FIN : All To Action,
cmhjyya4n0009l404zjgmnku3,AB6IX,,6IXENSE,
cmgsi9r7h000vl504h7en5hyp,SuperM,,SuperM,
cmjouqadw000gla046jycygcf,EXO,,Dear My Dear,
cmgsvgqe20005la04cmdlv59i,ONEUS,,FLY WITH US,
cmf1l8y40000y5e2hsmjlsmb6,TWICE,,Feel Special,
cmh7qygla001dkz045ffawt8o,Dreamcatcher,,Raid of Dream,
cmjyggzcz0001l504yottr6ad,LABOUM,,Two of Us,
cmgrks1ez0001i904wjw8fnol,SEVENTEEN,,An Ode,
cmh7qxiq2000rkw04td80cg6r,Dreamcatcher,,The Beginning of the End,
cmhkve1tv0001l7041z6sze1h,X1,,Emergency: Quantum Leap,
cmleoixv9007hih04qgc6d1ue,MONSTA X,,Phenomenon ,
cmgqrz97f000cl4045ijqrvep,Red Velvet,,The ReVe Festival: Day 2,
cmgwtm5dl000ljg042mr9p03y,THE BOYZ,,Dreamlike,
cmjezpfqo000nla04hgtznwyq,EVERGLOW,,Hush,
cmicr59me0009jm0487pxeb2k,Weki Meki,,WEEK END LOL,
cmj0gxp0i000nl404s0ztx25f,Rocket Punch,,Pink Punch,
cmjvslxpk002ol4048e4v5e9r,PinkFantasy,,Fantasy,
cmg28qx18000b4i1mz5adg68v,ITZY,,IT’z ICY,
cmgrt01zh0001jp044r5edh2g,NCT DREAM,,We Boom,
cmh8779kf0007l104741ddm79,KANGDANIEL,,color on me,
cmh89qhdk004ijy043wetpbo1,The Rose,,Wolf,
cmjrx70ng0058jj04pujc7fyr,TWICE,,Breakthrough,
cmhmoy8gy0005l604wbpr8yf4,CIX,,"HELLO Chapter 1. Hello, Stranger",
cmjnhlhpa0081lb043vnvq4xx,EXO,,What a Life,
cmjrx61zc0015i804998nax1f,TWICE,,Happy Happy,
cmh72f5p90003jr04z4ugaf96,DAY6 ,,The Book of Us : Gravity,
cmhcunqos0003l7043tz7m0cn,EXO,,City Lights,
cmg80fc250003l80ngri6o1lg,BTS,,Lights / Boy With Luv,
cmgr12v3s0001jy04k65s59y4,GFRIEND,,FEVER SEASON,
cmg7ycuh70001jl0mpm9enyt2,BTS,,BTS World: Original Soundtrack,
cmg28rszs0001vj5axqoyazxv,i-dle,,Uh-Oh,
cmgpacbgj0005k004to2hjsfx,Stray Kids,,Clé 2: Yellow Wood,
cmgqrydq90006ju04lrj5xrn1,Red Velvet,,The ReVe Festival: Day 1,
cmj5g0att0007jx04gcvgkstw,SF9,,RPM,
cmlpmo3tw008vl704wfdbgl88,MONSTA X,,Alligator,
cmgqyczfd0007kv04uru3jkyi,ATEEZ,,TREASURE EP.3 : One To All,
cmicinpz0000zkz04lwpdkb4q,WJSN,,For The Summer,
cmgvdwp3o0003jz04vqp34qvs,fromis_9,,Fun Factory,
cmgtyd36d0019kv040q0i1pgj,SEVENTEEN,,Happy Ending,
cmgqrxilw0002jx046g0vii9y,Red Velvet,,Sappy,
cmps4rany02kzlb04s9pmd92s,WE IN THE ZONE,,WE IN THE ZONE,
cmgshe8dl000hkz04tqc0upii,NCT 127,,We Are Superhuman,
cmhjywixn000zi604idr2jizi,AB6IX,,B:COMPLETE,
cmhkothl00001kz04lupgae61,Cherry Bullet,,Love Adventure,
cmgt3giu00003l804t8fmlpc5,Lovelyz,,Once Upon a Time,
cmgp6loiq0001ju04kp326k0h,GOT7,,SPINNING TOP: BETWEEN SECURITY & INSECURITY,
cmn0xk2as008al704af45egqz,SUPER JUNIOR,,The Day We Meet Again (Kyuhyun Solo),
cmhjy6eq40005jx04jf5uv29a,A.C.E,,UNDER COVER,
cmicr39mk0005l704trv0n2t4,Weki Meki,,LOCK END LOL,
cmgr1vjn0001tl404bd96w60y,WayV,,Take Off,
cmigew6ih0005l704icgqh5yp,OH MY GIRL,,The Fifth Season,
cmgwujfut000hl504493utxa7,THE BOYZ,,Bloom Bloom,
cmgsvef3z0001js04vah0wr9l,ONEUS,,RAISE US,
cmf1l8m4w000w5e2hic5uscte,TWICE,,FANCY YOU,
cmgr1ub0l000yl204bimqlrpp,NCT 127,,Awaken,
cml6r0f7s001ul104q8t4hfz6,1the9,,XIX,
cme01wne2000rfxokry2hw93h,BTS,,Map of the Soul: Persona,
cmlp89fcu000ukw04m2cusj5v,MONSTA X,,Shoot Out,
cmf5zwzmo000114i4bqvfuqdf,BLACKPINK,,KILL THIS LOVE,
cmjoupa1f0020l304wz7dqqxf,EXO,,"April, and a Flower",
cmgvjttsd0001ld04usuwgpzv,IZ*ONE,,HEART*IZ,
cmjjjdo81000jjx04ruoitas0,KENTA・SANGGYUN,,AWAKE,
cmgpab2140017js048y488fdr,Stray Kids,,Clé 1: Miroh,
cmjezn20t004gjs04ytuknbt1,EVERGLOW,,Arrival of EVERGLOW,
cmh7qwmfr001ljv04s6fer87w,Dreamcatcher,,PIRI ～ 笛を吹け ～ ,
cmhgwdexk0001jo048h7w0h6i,2NE1,,Spring (Park Bom Solo),
cmh94j8b0000hla045gezx70e,DreamNote,,Dream:us,
cmlbkq3pe001jl104m4uqcyp6,TWICE,,#TWICE2,
cmiv7i9ep0003l804dyhr43tn,GOT7,,Focus (Jus2),
cmgr975zw000lju04elehdmff,Key,,I Wanna Be - The 1st Album Repackage,
cmgpesku2000wjv04414qv3bd,TOMORROW X TOGETHER,,The Dream Chapter: Star,
cmg28qodt00094i1msw9tbvdc,i-dle,,I Made,
cmh81rvwi003ujs049cgeg794,LOONA,,[X X],
cmhrs4oqs000rjv04lzqmvqgz,MONSTA X,,Take.2 We Are Here,
cmh7qv32e000dla0498se6uyq,Dreamcatcher,,The End of Nightmare,
cmgqojo160001jw04f2sf2p5q,Taemin,,WANT - The 2nd Mini Album,
cmgsi5hm0000jk00473s3rr9i,SEVENTEEN,,You Made My Dawn,
cmeqzhxkv002n6kh6uk4jw83o,ASTRO,,All Light,
cmpq5pw6x0256i604ml0xxvwx,FAVORITE,,Loca,
cmgqyexme0005jo048bp9m0py,ATEEZ,,TREASURE EP.2 : Zero To One,
cmgr109wa000ljp04dvp30a2m,GFRIEND,,Time for us,
cmgsvctrd000bl104i366pmr7,ONEUS,,LIGHT US,
cmjnbjj3n000cjo04v1s0jjo6,VERIVERY,,Veri-Us,
cmicimre90001js04j47mdlh5,WJSN,,WJ Stay?,
cmgvg34k1000djp04gb826722,Apink,,Percent,
cmln1mm2q0006kw0428m93abs,TWICE,,BDZ -Repackage-,
cmgr8xwx00001l1044nln5pij,EXO,,Love Shot,
cmf1lbq6l001m5e2h7jin56ll,TWICE,,"The Year of ""Yes""",
cmh71lj0z000dl20400e6a1vb,DAY6 ,,Remember Us : Youth Part 2,
cmgt6qfmr0001ik0422ze40jw,BLACKPINK,,BLACKPINK IN YOUR AREA (Japanese Version),
cmh9uu2ah0007l704ga8lxufr,SHINee,,Voice,
cmgp6pec5000cl904idsgqzb4,GOT7,,Present: YOU & ME,
cmgqrwrot000cl5042n6z0kpc,Red Velvet,,RBB,
cmeqzhqto001v6kh6jo6ra261,THE BOYZ,,THE ONLY,
cmgt3fwry000ljx04s9l2jsye,Lovelyz,,Sanctuary,
cmgr1sz730012jm04q2s97wnr,NCT 127,,REGULATE,
cmirra2w7000bji0404v7n1fn,Wanna One,,1¹¹=1 (Power of Destiny),
cmh8flj8m000hl504vtggift7,BLACKPINK,,SOLO (Jennie solo),
cmg80ewby0001l80nwijw4xbx,BTS,,Fake Love / Airplane Pt. 2,
cmf1ldl4500225e2h7eh8bmir,TWICE,,YES or YES,
cmgr8w1vw0001lb046htmejin,EXO,,Don't Mess Up My Tempo ,
cmjjjf26f003ikz04tmplrbm1,KENTA・SANGGYUN,,Home,
cmgvjr81v0009l204fv3evzy6,IZ*ONE,,COLOR*IZ,
cmgqygwhe0009l2047xxqgufs,ATEEZ,,TREASURE EP.1 : All to Zero,
cmgpaa142000hjs041h4jus3t,Stray Kids,,I am YOU,
cmhww0ozd003hjo04wb3cu7zm,MONSTA X,,Take.1 Are You There?,
cmgr1rfhs0030jp042nn1jstm,NCT 127,,Regular - Irregular,
cmicr1kfq000dkv0404c8svwv,Weki Meki,,"KISS, KICKS",
cmgvdvse4000tl504fjdepsy6,fromis_9,,From.9,
cmlprqm5z005wii04nlgetsxj,SUPER JUNIOR,,One More Time,
cmgvxegat0014i804792wpty1,The Rose,,Dawn,
cmo097skp003ikz04k9hvy9ov,Shinhwa,,Heart,
cmh7qo2s70062jv04op74bgnu,Dreamcatcher,,Alone In The City,
cmicilqfz001dl504manibd9f,WJSN,,WJ Please?,
cmljtelle000xjp04hiepgsng,MONSTA X,,Livin' It Up,
cmgp6qxn6000ajv04x31bgi51,GOT7,,Present: YOU,
cmkqzus9q000jla043yqk0t7f,TWICE,,BDZ,
cmh3jbmup001nl404xccbjhr5,Sunmi,,WARNING,
cmjtrlm1u000yie045yjrlvaj,OH MY GIRL,,REMEMBER ME,
cmgqn2m4b000yl504k1zkfhsd,SHINee,,The Story of Light Epilogue - The 6th Album,
cmgwuicql0001jv04qx5v607w,THE BOYZ,,The Sphere,
cmposx83w0277jo04u4b5a960,100%,,Sunshine,
cmgr1q4kq0001le04smllt577,NCT DREAM,,We Go Up,
cmlvt5280000gl404h7s053sz,OH MY GIRL,,Banana ga Taberenai Saru,
cme01wnbc000pfxok1ddlqz9x,BTS,,Love Yourself: Answer,
cmgt3k8uc0001ib04o7t9mnrv,BLACKPINK,,DDU-DU DDU-DU,
cmh7ylw8l0005if04tmm282ex,LOONA,,[+ +],
cmgpa8pwb0005js04ds7590vn,Stray Kids,,I am WHO?,
cmgqrvw6k000al5047wpzc8up,Red Velvet,,Summer Magic,
cmjc50br6000nju040e1zw5u9,iKON,,NEW KIDS: CONTINUE,
cmj5fouo20001jr04yjgmdd8o,SF9,,Sensuous,
cmgysgm3u000gkz04eqd10c4n,ASTRO,,Rise Up,
cmgr0vd370001jp04unl20bc1,GFRIEND,,Sunny Summer,
cmgriwq3q0001jo04zr8lg56h,MAMAMOO,,RED MOON,
cmgsi4fki000nl5041obm8ok2,SEVENTEEN,,You Make My Day,
cmkfrxosw000nl2047kvgkj94,gugudan,,SEMINA,
cmf1lbb5c001i5e2hc4l77ael,TWICE,,Summer Nights,
cmgqrusrr0002l804kpxab7fn,Red Velvet,,#Cookie Jar,
cmgvg2idt000mk304zuy5my41,Apink,,One & Six,
cmo3wjfid001jjv043lp2qh9r,UNB,,Black Heart,
cmh71jow90004jr0441kq6cgb,DAY6 ,,Shoot Me : Youth Part 1,
cmgqn14ub0003l804plcos9kk,SHINee,,The Story of Light Ep. 3 - The 6th Album,
cmgp6sjnt000cld04xksykhz7,GOT7,,THE New Era,
cmf5zyyr40001claxlykub89c,BLACKPINK,,SQUARE UP,
cmgqn069j000nld04tzrjch1q,SHINee,,The Story of Light Ep. 2 - The 6th Album,
cmgvdurxl0007jo043olcdmzd,fromis_9,,To. Day,
cmirr8cpv0009jt048gg18uth,Wanna One,,1÷x=1 (Undivided),
cmgrdsncs0001ju04kvzwe8x6,LOONA,,beauty&thebeat,
cmgtybyqq001cl804iqqa6xus,SEVENTEEN,,We Make You,
cmlipbcas0022kw0470cl9cx4,PRISTIN,,Like a V,
cmgr1ofgp000ljv04qxdfegfz,NCT 127,,Chain,
cmhft8cdn001rk104wr6zgwt4,MAMAMOO,,Selfish,
cmgqlux9c000gjp04ej0iq2m2,VICTON,,TIME OF SORROW ,
cme01wn8m000nfxokwrz7uu7t,BTS,,Love Yourself: Tear,
cmlbkw03r00gvjv049gp66kd9,TWICE,,Wake Me Up,
cmh7qm8ce0003l204yw4blxqn,Dreamcatcher,,Escape the ERA,
cmm542jvi00d6l004yx0kpi3t,EXO,,Magic,
cmg28m94f00064i1moxvm95aw,i-dle,,I Am,
cmgr0phfw000pjv04qlfa29dk,GFRIEND,,Time for the moon night,
cmjs5ao10000bjr04avnvuzij,MONSTA X,,Piece,
cmgvfz9ue0001jt047h4whsrq,Apink,,Miracle,
cmk1nq4g5003ujs045kdi32cu,VIXX,,Eau de VIXX,
cmh6lpeqr002dl704z6kdpd5s,The Rose,,Void,
cmo3wi114000yjr04hoi6wehh,UNB,,Boyhood,
cmib3cesn0001l704xguehqa7,EXO,,Blooming Days,
cmf1lcyrw001y5e2h37p61ea7,TWICE,,What is Love?,
cmgwtkbys0001l4040skcc0lw,THE BOYZ,,The Start,
cmgrdr2j60001l804vh648wq3,LOONA,,Olivia Hye,
cmgpa7ien0008if04hzq6xe5u,Stray Kids,,I am NOT,
cmhrso3370014js049epnfq14,MONSTA X,,The Connect: Dejavu,
cmirr61zi0001ji04tlu2k7pu,Wanna One,,0+1=1 (I Promise You),
cmj8yfh1u000dl104ahido06s,VAV,,Thrilla Killa,
cmgr1m8ss000tld045ie6sugz,NCT,,NCT 2018 EMPATHY,
cmgp6v9tt000ll204ds3xrph9,GOT7,,Eyes On You,
cmgrivfvk000fla0461a93xay,MAMAMOO,,Yellow Flower,
cmicikzco0001i804hkvffoot,WJSN,,Dream Your Dream,
cmj5fnbsd0003l404w572w5gj,SF9,,MAMMA MIA!,
cmicqyvsf0009kv04g9bzhfnh,Weki Meki,,Lucky,
cmlbki73b006vl804zwyqc1d4,TWICE,,Candy Pop,
cmgrlco15000fl404gqwrj3jy,SEVENTEEN,,DIRECTOR'S CUT,
cmlp8ylvg000el504ynx2ez7z,MONSTA X,,Spotlight,
cmgrdo14p000jjx043vkm09gq,LOONA,,Go Won,
cmh99pbf4000pl704857c3fld,Red Velvet,,The Perfect Red Velvet,
cmksq25nr006oky04762ig4ly,iKON,,Return,
cmgvdtp070014k104d72j1t4r,fromis_9,,To. Heart,
cmh9pwi8t000hjp04le8nlsou,Chung Ha,,Offset,
cmgpa3gm70003la04dqnldk86,Stray Kids,,Mixtape,
cmh9af7tc000fjl04qiwhl6q4,Block B,,Re:Montage,
cmgr91jvt0005l204o11rd48o,EXO,,Universe,
cmf1l9nz400145e2hn72vzt6q,TWICE,,Merry & Happy,
cmgvkitb6001cl604xezjnxp7,THE BOYZ,,THE FIRST,
cmh7yi3zq004ilg04pk68nq6q,LOONA,,Yves,
cmeqzhgjj000f6kh67oi6dmtn,Red Velvet,,Perfect Velvet,
cmi70muov0001l5040loga35u,MONSTA X,,The Code,
cmgrkqv0e000njr040au501ki,SEVENTEEN,,"TEEN,AGE ",
cmgyscz1a000al704ctp7v8mj,ASTRO,,Dream Part.02,
cmgrdikf8000xl80482r61pqf,LOONA,,Max & Match,
cmf1lci9e001u5e2hoq6326xm,TWICE,,Twicetagram,
cmlbkjon1009mkz04i5ntco8t,TWICE,,One More Time,
cmgqoge1s000hjo04vkr3rs7c,Taemin,,MOVE - The 2nd Album,
cmgp6yiui000fic04vn9694ij,GOT7,,7 for 7,
cmgrdeukv0001jv04j401hlit,LOONA,,Mix & Match,
cme01wn5s000lfxokvqne4jwq,BTS,,Love Yourself: Her,
cmi50f47c0001i804atplqwr7,BANG&JUNG&YOO&MOON,,Blue,
cmgr97y5y0003jv04k9b91rme,EXO,,The War: The Power of Music ,
cmgqlr7ia0003ky0423fau40p,VICTON,,Identity ,
cmgr1kmkf000gjo04db8bf22g,NCT DREAM,,We Young,
cmicqvti00009l804ks0pxs71,Weki Meki,,WEME,
cmirr2sw70007jo04dhxh0ehf,Wanna One,,1X1=1 (To Be One),
cmhgwlzsu0007jv04qs5q9owz,Girls' Generation,,Holiday Night,
cmmjmsroe00ikjp048ge6opeo,MONSTA X,,Beautiful,
cmgr9640x000el404quf6crso,EXO,,The War,
cmgqrqvvw0001jt0408kk04ty,Red Velvet,,The Red Summer,
cmlbktcui0084l1040abh2wyx,TWICE,,#TWICE,
cmi70lt9l0001jo04fm4khk3g,MONSTA X,,Shine Forever,
cmgr1it7o000ijv04no3zw1cf,NCT 127,,Cherry Bomb,
cmjiu65qj002ejz04ssnl3s7k,T-ARA,,What's My Name?,
cmicijmvf0024ib04370wfsw9,WJSN,,Happy Moment,
cmgysbz7f0009la04r5y23kes,ASTRO,,Dream Part.01,
cmh780c600014la045kheveqn,LOONA,,Kim Lip,
cmgsi3ia10003l204rjek8nr3,SEVENTEEN,,Al1,
cmf1lavby001e5e2hwgfrados,TWICE,,SIGNAL,
cmgrd2s6b000rky042h8c584m,LOONA,,Love&Evil,
cmj5fipqk0005l3048d1yto9s,SF9,,Breaking Sensation,
cmh7q83dg001rl5045s9zoe69,Dreamcatcher,,Fall asleep in the mirror,
cmj5cwghl0003la0498xnwdej,Taeyeon,,My Voice: Deluxe Edition,
cmjtr8kto0007ie049swwwfdn,OH MY GIRL,,Coloring Book,
cmixrmlfd0001js04dmuznwbf,PRISTIN,,Hi! PRISTIN,
cmi70k6uu0003jr04nqwmlmjr,MONSTA X,,The Clan pt.2.5: The Final Chapter,
cmgp708e00005l504fi5sroaj,GOT7,,FLIGHT LOG: ARRIVAL,
cmiuioiqu0005kw04uuox9x7d,BANG&JUNG&YOO&MOON,,Rose ,
cmgqztr5o0007if04m69j8tmy,GFRIEND,,The Awakening,
cmgqlqbj1001sl3042p358qi3,VICTON,,READY ,
cmgt37ogn0009ic04qxvxvvc1,Lovelyz,,R U Ready?,
cmf1lcczq001s5e2hvsluq77w,TWICE,,Twicecoaster: Lane 2,
cme01wn2l000jfxokkk7moe0a,BTS,,You Never Walk Alone,
cmgr1h8n30002jv04dzom3ona,NCT DREAM,,The First,
cmj5fghur000gjy04c76njqfy,SF9,,Burning Sensation,
cmgqrpp7z0001l1049c4h03s1,Red Velvet,,Rookie,
cmlpedf8z008hky04iqwmst5l,Girls' Generation,,Don't Say No (Seohyun solo),
cmgrcy0380003l404j02pktuw,LOONA,,YeoJin,
cmh7q744e001fju04cgcrtlqh,Dreamcatcher,,Nightmare,
cmg80c1u00001l20fmlsua62v,BTS,,The Best of BTS,
cmiciisyt0027jm04ufr3k450,WJSN,,From WJSN,
cmgrbjlw50009l804vyfrdzwj,EXO,,For Life,
cmgrcwu4o0001l4047ybuyjer,LOONA,,HaSeul,
cmpyja81902rol504oc6blzf4,Girls' Generation,,Wonderland (Jessica solo),
cmgrblxc4000dlg04qwfs9xdf,EXO,,Coming Over,
cmgsi2o3g000hl504ce7mgmjv,SEVENTEEN,,Going Seventeen,
cmgrctun4000tjw04djnz24i3,LOONA,,HyunJin,
cmgqmv4wb0023l804twkw5h88,SHINee,,1 and 1 - The 5th Album Repackage,
cmgysb08o0005la048w6x9ftv,ASTRO,,Autumn Story,
cmgqlp6yv0001ky04sqbjz3ag,VICTON,,Voice To New World ,
cmk1nh76t002vjs04lq0tgams,VIXX,,Kratos,
cmf1lc6m8001q5e2had55dh5o,TWICE,,Twicecoaster: Lane 1,
cme01wmzb000hfxokitzqolat,BTS,,Wings,
cmgr1d975000vkz04gjhk82po,NCT 127,,nct #127 (Fire Truck),
cmj5ff9wm0008jy042i91v6ei,SF9,,Feeling Sensation,
cmgrcshax0001kz04eq7okocs,LOONA,,HeeJin,
cmi70h6ep000bla04o4qfwu9w,MONSTA X,,The Clan pt.2 <Guilty>,
cmeqzhls000176kh6ob5sl82z,GOT7,,Flight Log: Turbulence,
cmgr9trx4000hl504n0qy81as,EXO,,Lotto ,
cme01wnq8000vfxokqfb2olrr,BTS,,Youth,
cmicihql3001oib047lpcaga3,WJSN,,The Secret,
cmhel6u53000nl504x337imqp,I.O.I,,Whatta Man,
cmhjsw2le001ll604g25rll2e,BANG&JUNG&YOO&MOON,,Put‘Em Up,
cmjw1dk1j008ojy04thmtxhvl,CLC,,Chamisma,
cmeqzhtvz00296kh6npuq5bal,GFRIEND,,LOL,
cmgrl176h0007l704ft5qj3j6,SEVENTEEN,,Love&Letter Repackage,
cmeqzhg2p000b6kh6gx04xosb,EXO,,EX'ACT,
cmi70f8me000hjv0470zbji93,MONSTA X,,The Clan pt.1 <Lost>,
cmm6xpslp000nl804ve9fz6y4,Girls' Generation,,"With Love, J (Jessicas Solo)",
cme01wmwj000ffxok9h9s4xpq,BTS,,Young Forever,
cmf1laone001c5e2hh6mvs0yd,TWICE,,PAGE TWO,
cmk1nckug000ni304sa4il4uz,VIXX,,Zelos,
cmh99yrsr0017jv0441n0qiwi,Block B,,Blooming Period,
cmjyg0vij001dl704iw3vlfin,LABOUM,,Fresh Adventure,
cmgqrnh700003le04o8vpmk7o,Red Velvet,,The Velvet,
cmg80b2ck0003jw0lsh48vaem,BTS,,RUN,
cmicigrde0001l8042hsoymam,WJSN,,Would You Like?,
cmgqobptp0001ju0496fgdi4h,Taemin,,Press It - The 1st Album,
cmgys8i0y0001la0427fmijgs,ASTRO,,Spring Up,
cmhjrhyo7000zky04dej5331g,BANG&JUNG&YOO&MOON,,Carnival,
cmnkm8ibz004dlb045phyo8y0,iKON,,Welcome Back (Japan Debut),
cmjvfu7og0047l504z15w7r7h,Dal★Shabet,,Naturalness,
cmo8ux85j00c6jv04454u37ta,iKON,,Welcome Back - Full,
cmidtkyw2000jkz0464ksps0u,EXO,,Sing For You,
cmg80aqe90001lj0pr2w6jfub,BTS,,I Need U,
cme01wmtq000dfxokv9umdx9c,BTS,,The Most Beautiful Moment in Life Pt.2,
cmh13k2vo000jjr04s5mhsimv,BANG&JUNG&YOO&MOON,,Matrix,
cmgvnfyp60001ld04dpk4tq19,EXO,,Love Me Right ~romantic universe~,
cmf1lbisn001k5e2hvq5x71fp,TWICE,,The Story Begins,
cmj5cqymb000lks04dgc6i0ie,Taeyeon,,I,
cmgt3cs2b0006l8048rdjrwy8,Lovelyz,,Lovelyz8,
cmgp7vahh0007l104gmgtk9as,GOT7,,MAD,
cmgbroamm0001l40lxzqn2a5x,BTS,,花樣年華 Pt. 1 (Japanese Ver.),
cmgrkrvz5000ll104u6mzq0s0,SEVENTEEN,,BOYS BE,
cmeqzhggm000d6kh6f3rzj549,Red Velvet,,The Red,
cmi70dup30001kz04llduvd00,MONSTA X,,Rush,
cmjjfyfeq0022l104cwqwfnka,Girls' Generation,,You Think,
cmgqmpxiq001vl804pytkpjj1,SHINee,,Married To the Music - The 4th Album Repackage,
cmgp7wyi6001ii504ngj5g91u,GOT7,,Just Right,
cmg809tps0001jw0lryy10u9n,BTS,,For You,
cmgr9xsqv0013lb0486muzc72,EXO,,Love Me Right,
cmgrkp3bz0001l904cafgl83e,SEVENTEEN,,17 CARAT,
cmi70cg0c000fju04qqn32y59,MONSTA X,,Trespass,
cmhy0dsft000gjo04o48pafi5,BoA,,Kiss My Lips,
cmlo1mj7i000pky04vvnzy0wn,Secret,,Fantasia (Hyosung Solo),
cme01wmr1000bfxokxhn47rtn,BTS,,The Most Beautiful Moment in Life Pt.1,
cmh8ktk3c002pju048cc9lmvd,EXO,,EXODUS,
cmgqrf7zy000al104i2t5jr3w,Red Velvet,,Ice Cream Cake,
cmgp7yr5g001ml104i288bnua,GOT7,,Identify,
cme01wmnz0009fxokkicfm6bg,BTS,,Dark & Wild,
cml8686p10015k104b2ld7vkp,Secret,,Secret Summer,
cmiv055nt0007l504v7b7tzr1,B1A4,,Solo Day,
cmiaja2cm000bi904z093ijxu,NU'EST,,Re:Birth,
cmh107byy0039l504irrg24vi,BANG&JUNG&YOO&MOON,,B.A.P Unplugged 2014,
cmlo224n70006l704v5td3p8e,Secret,,Top Secret (Hyosung Solo),
cmgrboot70005l804w4ulvjh4,EXO,,Overdose,
cme01wmkp0007fxoknz5xnh48,BTS,,Skool Luv Affair Special Addition,
cme01wmhx0005fxokd67drmyh,BTS,,Skool Luv Affair,
cmkjoz5a6001dl104b3547mcw,After School,,Shh,
cmhi0odtl002hjo04gb139fxv,SHINee,,3 2 1,
cmgqmhfja000hk3047j7m4kvy,SHINee,,Everybody - The 5th Mini Album,
cmkjoxrwi003rjx04khg4sqo8,After School,,Heaven,
cme01wmf20003fxok2avckwpx,BTS,,"O!RUL8,2?",
cmiaiyav60005i904wlcyfuex,NU'EST,,Sleep Talking,
cmgzdmery0009jj04naamfxfi,BANG&JUNG&YOO&MOON,,Badman,
cmgrbg6oo000dl804q682pvb4,EXO,,Growl,
cmhiedihh0003ky04n8ovc4r9,f(x),,Pink Tape,
cme01wmc70001fxokyksmagtf,BTS,,2 Cool 4 Skool,
cmeqzhfzn00096kh6w2gxcd9o,EXO,,XOXO,
cmgqm9kqk002mjx04sbmtotgc,SHINee,,SHINee The 3rd Album Chapter 2. 'Why So Serious? - The Misconceptions of Me',
cmpuoxzms00g8j40axxhyxl4k,The Boss,,On the Way,
cmgqm7ky30004ib04qqk6i8et,SHINee,,SHINee The 3rd Album Chapter 1. 'Dream Girl - Misconceptions of You',
cmgut9rd50003kz04w3ui24cs,BANG&JUNG&YOO&MOON,,One Shot,
cmjvducdw000el40411nfczsl,Dal★Shabet,,"Have, Don't Have",
cmkjomxq7000wi804i5ctdbc5,After School,,My Sweet Devil (Orange Caramel),
cmpxj6lcf035il704lc3g3oe1,The Boss,,Honki Magic,
cmh3wj27i000qjx04ddrierin,SUPER JUNIOR,,"Sexy, Free & Single",
cmkjoke2r0013l804sz7opioj,After School,,Lady Luck/Dilly Dally,
cmjvdlpj1000zl804lcpx9xx3,Dal★Shabet,,Bang Bang,
cmjuh88200008kz04i08wi5kg,Hello Venus,,Venus,
cmj5du8e20001l804h5n9lgzb,Girls' Generation,,Twinkle,
cmkjoj7ss0031kz04f1pwaqii,After School,,Playgirlz,
cmjvdivmg0011js04j6gfrufs,Dal★Shabet,,Hit U,
cmkjohjdk004ml504foujj9x2,After School,,Rambling Girls/Because of You (Japanese),
cmjiu0ded0014jv0498juwa3j,T-ARA,,Funky Town,
cml96c75x000bla04vsulsc7a,Girls' Generation,,Mr. Taxi,
cmkjoee7r003lif043n6m18o8,After School,,Diva (Japanese),
cmeqzhmmj001b6kh6hdlz1sh2,Girls' Generation,,The Boys,
cmjiuc9fc000pjx04tx17mpmf,T-ARA,,Bo Peep Bo Peep,
cmpw6wtvo0070la0493z523cw,Rainbow,,A (Japanese Version),
cmjvcr1qw0004l804pe0xai87,Dal★Shabet,,Bling Bling,
cmpuo1lss0081j70a94sll94k,The Boss,,Love Bingo!,
cmjvcntqc0008l104982ltrmn,Dal★Shabet,,Pink Rocket,
cmpunz8rq003xjd0bc7fy3oe8,The Boss,,Love Power,
cmgtm1dto0001lf04497gdhb0,BIGBANG,,Tonight,
cmj5djo180001ju04o6509k9p,Girls' Generation,,Hoot,
cmkjobhp40017la0420dsb9mp,After School,,Bang! (japanese),
cmhie3ka20007jx044lpi3txp,f(x),,NU ABO,
cmnpz06ki001ml1043hka0ab9,Girls' Generation,,Run Devil Run,
