keyword,created_at,author_handle,text,like_count,repost_count,post_uri
#photocard,2026-08-11T16:00:18.471Z,hdstore.bsky.social,"STRAY KIDS WORLD TOUR DISTRICT 9 UNLOCK IN SEOUL Bluâray Photocard Booklet KPOP

https://harada1029.github.io/r/?pf=bluesky&acc=hd_popidol_jp&k=img&i=364887203201&u=https%3A%2F%2Fwww.ebay.com%2Fitm%2F364887203201

#StrayKids #DISTRICT #Bluray #Photocard #KPOP #ebay #japan #america #instocknow",1,1,at://did:plc:hvvzvnqdsh3iniu5syjlxwjs/app.bsky.feed.post/3mssycmujgy2w
#photocard,2026-08-10T16:53:20.179Z,r-twist.bsky.social,"#Sunna #photocard! This is a request from Hoyolab, but i've also been meaning to make ""photocards"" of the angels! #Fanart #AngelofDelusion #AoD #Zenless #ZZZ",1,0,at://did:plc:kfytq2zls6jl542jm3csvvmi/app.bsky.feed.post/3msqks7ysns27
#photocard,2026-08-10T02:31:42.068Z,rankirakira.bsky.social,"Need something in the background while you draw or make a photocard! Why not listen to me make a MattJay Photocard while watching Nirvanna the Band the Show The Buffet on YouTube?

#nirvannathebandtheshow #ntbts #mattjay #photocard 

youtu.be/thwMiLP_ZoE",2,0,at://did:plc:5ezc34zmcq7ivlworxw4dsek/app.bsky.feed.post/3msp2nyypzs2m
#photocard,2026-08-10T02:25:46.574Z,tarubunart.bsky.social,Ignis photocard before and after 😌 (I didn’t use all the stickers I set aside) #photocard,8,1,at://did:plc:ycbmfbw4wgohyvfxbiyit3un/app.bsky.feed.post/3msp2d4eg3c2e
#photocard,2026-08-08T15:12:09.966Z,mistyewe.bsky.social,wip of a photocard of my silly little chalant freak <3 #oc #queerartist #humanartist #photocard #ocdrawing,3,0,at://did:plc:hntsi6ok2ifxkmdvf5pysbww/app.bsky.feed.post/3msle7lnyzs2h
#photocard,2026-08-07T19:26:14.574Z,tarubunart.bsky.social,Made a cyclops for a friend and made a couple photocard set of my sister and her husband that fit together! #photocard,6,1,at://did:plc:ycbmfbw4wgohyvfxbiyit3un/app.bsky.feed.post/3msjbwzpda22l
#photocard,2026-08-07T19:20:07.474Z,tarubunart.bsky.social,"Here’s my sticker collection atm… a sticker binder overfilled with sticker sheets, misc large sheets, several small booklets… I really don’t need more but they’re so fun to collect themselves #photocard",5,0,at://did:plc:ycbmfbw4wgohyvfxbiyit3un/app.bsky.feed.post/3msjbm2fwmk2l
#photocard,2026-08-07T19:11:51.678Z,tarubunart.bsky.social,#photocard,3,0,at://did:plc:ycbmfbw4wgohyvfxbiyit3un/app.bsky.feed.post/3msjb5ifmbs2l
#photocard,2026-08-07T19:11:36.965Z,tarubunart.bsky.social,#photocard,2,0,at://did:plc:ycbmfbw4wgohyvfxbiyit3un/app.bsky.feed.post/3msjb52ayv22l
#photocard,2026-08-07T19:11:13.275Z,tarubunart.bsky.social,Here’s more photocards I’ve done in the past. Loki got two 😌💚 and then various characters I really like-including my pet rabbit and my BTS bias on the bottom #photocard,11,0,at://did:plc:ycbmfbw4wgohyvfxbiyit3un/app.bsky.feed.post/3msjb46yb5k2l
#photocard,2026-08-07T18:55:27.470Z,tarubunart.bsky.social,AAAA THESE ARE SO CUTE I’m sure everyone loved them!! I made two of my DnD chars on the left side (I made two frames for my tiefling lmao guess who’s the favorite) and the two on the right is for an OC project w me and my friends #photocard,3,0,at://did:plc:ycbmfbw4wgohyvfxbiyit3un/app.bsky.feed.post/3msja7yz42k2l
#photocard,2026-08-06T16:24:52.469Z,tarubunart.bsky.social,Made photocards for my three Overwatch loves. Dont mind Genji’s random Japanese stickers 😌 (maybe I should start a tag for my photocards?? #photocard),9,1,at://did:plc:ycbmfbw4wgohyvfxbiyit3un/app.bsky.feed.post/3msghdtvt2s2u
#photocard,2026-08-02T18:24:55.068Z,sopeachy99.bsky.social,"8th #artfight attack!!!𖥔 ݁ ˖ִ🛸༄˖°🎤๋࣭ 
For @teasetmonster.bsky.social 

[ #teamcomedy #artfight26 #idol #photocard ] 
༘⋆📼˚ ༘ ೀ⋆｡˚༘⋆📼˚ ༘ ೀ⋆｡˚༘⋆📼˚ ༘ ೀ⋆｡˚",5,2,at://did:plc:4tmp6rfvphvs5foarh2cs3qk/app.bsky.feed.post/3ms4m6qxwv22l
#photocard,2026-07-23T15:49:48.679Z,spidereyez.bsky.social,"Did this to do those ""matching"" photo cards lol (I'm doing more & doing the whole matching pfp) 

#loveanddeepspace #loveanddeepspacemc #loveanddeepspacevalko #bringvalkoback #bringbackvalko #cosplay #photocard",5,0,at://did:plc:yjtuxsbfmjkk63qhgdmktkrp/app.bsky.feed.post/3mrd7st27bc22
#photocard,2026-07-21T20:05:14.366Z,moonrimuvi.bsky.social,"Photocard Commission for Vulpeculasz (Vulp), Florianfes, 
Khopper, @youkaihito.bsky.social  (Hito) and chococuffs (Haysie)!!

#commission #illustration #photocard",2,1,at://did:plc:m2pjciqe3pkjebapsf3si6om/app.bsky.feed.post/3mr6m6upvs22o
#photocard,2026-07-21T16:09:16.573Z,kembla.bsky.social,"Photocard - OC TONIO
Tonio con pijama 💙

#oc #illustration #yaoi #photocard #occontent #España",3,0,at://did:plc:tztrulqbgvwrbujn2acdw7wd/app.bsky.feed.post/3mr66z6mb522j
#photocard,2026-07-21T15:24:46.964Z,ateliermelty.bsky.social,"A new way to support your favourite horse (or non horse..?) entity? No wei!! Don’t forget to hit me up at AMP Manchester to get one of the first batch of Uma inspired PC holders!!! 🐴🧲🐠🧊

#umamusume #oshikatsu #artistalley #photocard",3,1,at://did:plc:o3rrsm6q4gqd4neyatnt6ss7/app.bsky.feed.post/3mr64jqlrp22d
#photocard,2026-07-20T16:00:19.970Z,hdstore.bsky.social,"BTS Jimin FACE Japan JPFC Limited Edition Lucky Draw Elected Official Photo Card

https://harada1029.github.io/r/?pf=bluesky&acc=hd_store_jp&k=img&i=126059277861&u=https%3A%2F%2Fwww.ebay.com%2Fitm%2F126059277861

#BTS #Jimin #FACE #PhotoCard #LuckyDraw #ebay #japan #america #instocknow",3,0,at://did:plc:hvvzvnqdsh3iniu5syjlxwjs/app.bsky.feed.post/3mr3o2g7ckr2o
#photocard,2026-07-20T12:25:49.969Z,cinnahon.bsky.social,"Thinking about making this a YCH......

--

#digitalart #originalart #originalcharacter #photocard",4,1,at://did:plc:kk2zsqlmbcbge3vnadpjhbxa/app.bsky.feed.post/3mr3c2jng4c2w
#photocard,2026-07-17T16:38:33.670Z,citrusfizz.bsky.social,"making a poca holder! 14USD +ship! lmk if interested! (might make a shaker with this design too maybe..)

double sided full art, comes with a keychain, 10cm x 7cm

pre-order here! ko-fi.com/s/7f7ed8ff9a
-
[ #poca #photocard #cute #smallbusiness #pocaholder #smallartist #icecreamsoda #art #artmerch ]",3,0,at://did:plc:lekln73fon4ypw5xj4leedzy/app.bsky.feed.post/3mqu6rnx4cc2c
#photocard,2026-07-15T04:29:45.270Z,lemmonreef.bsky.social,"recent photocard comm for @/Yeilxz Supra 

#photocard #slime #commission",10,1,at://did:plc:jqqras5jc2edi26pbacvdil5/app.bsky.feed.post/3mqnv4sifg22v
#photocard,2026-07-13T14:00:24.578Z,kembla.bsky.social,"Nueva ilustración - Photocard 
Oc Samuel 
#photocard #oc #digitalart #mangaart #yaoi",6,0,at://did:plc:tztrulqbgvwrbujn2acdw7wd/app.bsky.feed.post/3mqju3aokrk2g
#photocard,2026-07-01T04:00:30.019Z,hdstore.bsky.social,"Thank you for purchasing many Stray Kids goods today!

HD_PoPidol_Store Our ebay store has a variety of #straykids #goods.
We can deliver to all countries, so please feel free to place your order.

https://www.ebay.com/str/mtjapanstore

#hyunjin #photocard #ebay #japan #america #instocknow",0,0,at://did:plc:hvvzvnqdsh3iniu5syjlxwjs/app.bsky.feed.post/3mpkmxre7au2a
#photocard,2026-06-30T16:48:16.730Z,kjhartstudios.bsky.social,"acggoods.com/product/elf-...

#elf #girl #rainbow #fantasy #character #portrait #acggoods #photocard #onlineshopping #onlinestore #art #digitalart",2,0,at://did:plc:mlgioqvrptrlqnnjxwvgc3yb/app.bsky.feed.post/3mpjhfqascc2c
#photocard,2026-06-30T16:04:35.722Z,hdstore.bsky.social,"Stray Kids Hyunjin Official Photo Card Sticker THE SOUND Standard & A Version

You bought one at United States America today. We only have a few left in stock!

https://www.ebay.com/itm/364201591965

#StrayKids #Hyunjin #PhotoCard #Sticker #TheSound #ebay #japan #america #instocknow",0,0,at://did:plc:hvvzvnqdsh3iniu5syjlxwjs/app.bsky.feed.post/3mpjexmyehi26
#photocard,2026-06-29T02:18:24.264Z,ladyholmes.bsky.social,"Fiameta Briarhurst’s photo card. Huzzah!

My OG DnD character, mother, and bad ass wizard <3 Oh how she has endured these past 10 years. 

#fiametabriarhurst #dnd #dndoc #oc #digitalart #illustration #photocard #characterdesign #supporthumanartists #noai",19,4,at://did:plc:6rovpt2lqrye6kwvmdhb722n/app.bsky.feed.post/3mpfgcq2uh226
#photocard,2026-06-27T16:04:12.880Z,hdstore.bsky.social,"ATEEZ 3rd Mini Album THE WORLD EP PARADIGM CD First Limited Edition Photo Card

You bought one at United States America today. We only have a few left in stock!

https://www.ebay.com/itm/364196753645

#ATEEZ #TheWorld #MiniAlbum #PhotoCard #FirstLimitedEdition #ebay #japan #america #instocknow",1,0,at://did:plc:hvvzvnqdsh3iniu5syjlxwjs/app.bsky.feed.post/3mpbtk6t4th2x
#photocard,2026-06-27T01:24:41.968Z,spinktacular.bsky.social,"⚠️‼️ WARNING MUST ASK GF PERMISSION BEFORE LIKING (/j) ‼️⚠️

OC: @oddypng.bsky.social 

#photocard #oc",14,4,at://did:plc:wbcixivouqy3c7bxq4465ww5/app.bsky.feed.post/3mpacf7wgvk2d
#photocard,2026-06-26T11:26:42.571Z,markdaws.bsky.social,"I know almost nothing about Kpop but thought Id give it a chance, so lets check out everything that this pack can give.
One Beyond £1.25
youtu.be/of6K8aFZLt4
#KpopStarsPhotocardCollection #Kpop #Photocard #Lollypop #Review",0,0,at://did:plc:bmajxaxircequo77btolzawy/app.bsky.feed.post/3mp6tkz7wrk25
#photocard,2026-06-26T00:43:08.173Z,spinktacular.bsky.social,"SPEED DEMON ❤️‍🔥💛💚 

OC: @oddypng.bsky.social 

#photocard #oc",23,9,at://did:plc:wbcixivouqy3c7bxq4465ww5/app.bsky.feed.post/3mp5plyhvhs2a
#photocard,2026-06-21T16:04:06.261Z,hdstore.bsky.social,"SEVENTEEN DK FML Carat version mini album Fan Club CD Photocards File Binder Set

You bought one at United States America today. We only have a few left in stock!

https://www.ebay.com/itm/364434680184

#Seventeen #DK #FML #CaratVersion #Photocard #ebay #japan #america #instocknow",2,0,at://did:plc:hvvzvnqdsh3iniu5syjlxwjs/app.bsky.feed.post/3mosqqhuupi2h
#photocard,2026-06-21T16:01:04.273Z,istrovery.bsky.social,"photocards commission 
#digitalart #photocard #oc #commission #artmoots",8,1,at://did:plc:v46wkf2fepuqkhffntsa74ah/app.bsky.feed.post/3mosqkfwnqc2r
#photocard,2026-06-14T01:18:55.972Z,betsonbeedee.bsky.social,"Tamon B-Side Pop Up today💖 Had so much fun✨ His photo card is now in containment 🦑 

#tamonbside #popup #photocard",6,0,at://did:plc:xaxz3yom6rxphtustkn42gw4/app.bsky.feed.post/3mo7lymq6qc2w
#photocard,2026-06-13T16:54:39.767Z,ranebowstitches.bsky.social,#LeonKennedy #photocard I made for a friend for their birthday! I really enjoy how he came out~ #residentevil,0,0,at://did:plc:tucqpejxvlsoveydrxmdfdfv/app.bsky.feed.post/3mo6pt3p5kk2u
#photocard,2026-06-11T16:58:15.079Z,ladyholmes.bsky.social,"Next up on the photocard train is my sweet bun boy Snapdragon!!! <3

#photocard #oc #dndoc #dnd #rabbitfolk #viera #snapdragon #bunboy #cute #kawaii #supporthumanartists #noai #illustration #digitalart #pridemonth #druid",10,3,at://did:plc:6rovpt2lqrye6kwvmdhb722n/app.bsky.feed.post/3mnzp3u5ez22t
#photocard,2026-06-10T17:58:20.268Z,ladyholmes.bsky.social,"Made one of those decorative photo cards I’ve seen people make for their OCs. I hope I did it right. And because it’s Pride Month, I’ve included where Honey sits on the rainbow <3

#oc #honeygoldclover #photocard #illustration #digitalart #originalcharacter #faun #wildmage #dnd #pridemonth",11,3,at://did:plc:6rovpt2lqrye6kwvmdhb722n/app.bsky.feed.post/3mnxbygnme22n
#photocard,2026-06-05T16:58:47.361Z,tacoroach.bsky.social,"Normalize making photocard of your yumes

(Not a yume of mine, just an example)
#PhotoCard #Yumeshipping",0,0,at://did:plc:pj6iff52f4zqmh7itjexj6po/app.bsky.feed.post/3mnkmdfpfe22z
#photocard,2026-06-05T15:12:47.566Z,zirart.bsky.social,"Sorry for disappearing, I'm finally here to show you the last photocard in the series I made of Winx, and obviously, it had to be the Trix!
Who else loved these characters? ❤️💙💜
.
.
.
.
(agosto 2025)
#winx #trix #digitalart #fanart #cartoon #photocard #merch",16,4,at://did:plc:dyivlr6k4sxk25ng4elhatzy/app.bsky.feed.post/3mnkgfgffjs26
#photocard,2026-05-24T01:18:42.965Z,serknoire.bsky.social,"Chemists Photocard design - John Dalton and Dmitri Mendeleev

#artofserknoir #chemistry #historyofscience #photocard",0,0,at://did:plc:jnpxlpq4ui7pdpexifmejsgj/app.bsky.feed.post/3mmks6uccqs2o
#photocard,2026-05-21T17:56:44.260Z,zombieteddie.bsky.social,"I thought BlueSky might wanna see my ladies 🥰

#maidoutfit #purikura #bbnomula #meatcanyon #photocard #moistcr1tikal",1,0,at://did:plc:d62tv7dbvc45saayqfgdtllh/app.bsky.feed.post/3mmeylbut4s23
#photocard,2026-05-21T08:49:07.460Z,serknoire.bsky.social,"Chemists Photocard design - Marie Anne Lavoisier

#artofserknoir #chemistry #historyofscience #photocard",0,0,at://did:plc:jnpxlpq4ui7pdpexifmejsgj/app.bsky.feed.post/3mmdzxpeoss2t
#photocard,2026-05-20T11:06:05.684Z,serknoire.bsky.social,"Chemists Photocard design - Antoine Lavoisier

#artofserknoir #chemistry #historyofscience #photocard",1,0,at://did:plc:jnpxlpq4ui7pdpexifmejsgj/app.bsky.feed.post/3mmbr5kz6jc2z
#photocard,2026-05-20T09:12:20.670Z,serknoire.bsky.social,"Chemists Photocard design - Robert Boyle
(I'll start making new merch of this photocard!)

#artofserknoir #chemistry #historyofscience #photocard",0,0,at://did:plc:jnpxlpq4ui7pdpexifmejsgj/app.bsky.feed.post/3mmbksed2ns2q
#photocard,2026-05-09T01:30:56.863Z,skyteaa.bsky.social,"Gonna have 100 SkyTeaa holo photo cards for my con season this year! I would love to trade with people/ fans for these during events this year! I can’t wait to have them in hand! 

I’ve got SO MANY ORDERS RIGHT NOW. I’m just STARTING AT MY EMAIL WAITING! 

#SkyTeaaArt #photocard",34,1,at://did:plc:y7i32hhpuuxg47hadm6aopfa/app.bsky.feed.post/3mlf3viwtjs2j
#photocard,2026-05-04T17:30:49.279Z,daebias.bsky.social,"La wishlist de la commu est en ligne sur Daebias !

Postez les photocards qu'il vous manque pour compléter vos collections. Si quelqu'un possède votre PC dans son binder, il pourra vous aider à finir votre set.

daebias.com/wishlist

#kpop #photocard #daebias",0,0,at://did:plc:un4wdbckmmouuj5syxk64qjw/app.bsky.feed.post/3ml277acnvc2o
#photocard,2026-05-02T20:00:10.168Z,daebias.bsky.social,"Mon 1er projet de code de lycéenne : mêler le code et la K-pop !!!

Je construis Daebias, une marketplace pour acheteret vendre photocards entre fans.

Vendez vos PC ici : daebias.com

#Kpop #Photocard #KpopFrance #Daebias",1,0,at://did:plc:un4wdbckmmouuj5syxk64qjw/app.bsky.feed.post/3mkvglsdmof2e
#photocard,2026-05-01T15:37:18.763Z,cait-art18.bsky.social,"recent poca comms!!
You x mini you(s)/ ur fav chara!! 🤭

This service is now available on my VGen/ dm!! 
💌 vgen.co/Cait_art18

Feel free to contact me if u have any questions~

#watercolor #photocard #traditional #commsopen",6,3,at://did:plc:bp6amlxwou4ohqp2obyoz5fl/app.bsky.feed.post/3mkshh6ibms2m
#photocard,2026-04-26T20:40:17.750Z,deceivelain.bsky.social,"#Sketchpage #photocard #commission for @ scottland on #vgen ! Very fun character and colors to work with :D

#originalcharacter #ocsky #artsky #VgenComm",15,5,at://did:plc:uvteiij6qacztx6apyfnhti5/app.bsky.feed.post/3mkgg2jj7i226
#photocard,2026-04-26T06:12:19.747Z,moonrimuvi.bsky.social,"Iris🩷

continue the series of photocards⭐️

#photocard #aceattorney #iris #thegreataceattorney #tgaa",17,10,at://did:plc:m2pjciqe3pkjebapsf3si6om/app.bsky.feed.post/3mkevkgu4as2y
#photocard,2026-04-25T19:10:33.851Z,moonrimuvi.bsky.social,"Luluci💛

continue the series of photocards⭐️

#photocard #witchhatatelier #wha #δ帽子 #luluci",23,10,at://did:plc:m2pjciqe3pkjebapsf3si6om/app.bsky.feed.post/3mkdql6qwec2n
#wtsphotocard,2024-07-03T13:50:30.870Z,ferlinaidaf.bsky.social,"wts photocard treasure

member :
✅ Hyunsuk
✅ Haruto
✅ Doyoung
✅ Jaehyuk
✅ Junghwan
✅ Asahi

ex member :
✅ Yedam
✅ Mashiho

note :
✔️ Nego
✔️ Original 100%
✔️ Bisa via oren/hijau/hitam/manual

#wtsphotocard #wtstreasure #treasuremarket #TREASURE_REBOOT_IN_JAKARTA",2,0,at://did:plc:v7f33zshutobravxbtlj6v4p/app.bsky.feed.post/3kwf2imaoxk2w
#wtsphotocard,2024-06-24T03:51:09.464Z,mailluvbox.bsky.social,"Rt, likes are appreciated!
#Wts || want to sell rd ina!

📌 price in pict
📌 price exc packing
📌 shipping from Surabaya
📌 negotiable

Mention for take 

#wtsnct #nctseventeen #wtsgaramsoundwave #wtskaiexo #wtsphotocard",0,0,at://did:plc:xqvh7vmkczk6imxpekrvc5x2/app.bsky.feed.post/3kvnesl4jub2l
kpop photocard,2026-08-11T18:10:33.969Z,kaskabeltz.eurosky.social,Es una photocard de idol de kpop,1,0,at://did:plc:psehqk5633vubre3ohlvicqm/app.bsky.feed.post/3mst7lkf4gk2z
kpop photocard,2026-08-11T01:55:47.172Z,flavitamdzs.bsky.social,"✨ *DROP STRAYKIDS*✨
💰 valores na imagem + Frete (carta registrada)
✅ *Set em Mãos*
👉 Disponibilidade na Imagem
🔞MENORES OUT  
💌Minha casa + Você 
OBS: Comprando três pcs ou mais tem desconto
🏷️vendo venda troca troco photocard kpop grupo collector skz Félix IN Bangchan",0,0,at://did:plc:3vmo2bjwk74gfr2bdupsqe4t/app.bsky.feed.post/3msrj4emrxs2q
kpop photocard,2026-08-10T20:43:55.476Z,nanabananayeah.bsky.social,"Peguei elevador com uma jovem que usava 1 photocard do Baekhyun (eu acho) pendurado no cinto. Daí eu comentei com minha mãe, e ela disse “e não era mais nenhuma adolescentezinha”. PRA QUÊ?! Eu fiz todo o meu discurso sobre kpop não ser pra adolescente e sobre meu pai usar camisa do Vasco aos 76 anos",0,0,at://did:plc:mwpx6ebfqe3shkveltvsnt6m/app.bsky.feed.post/3msqxouju2s2o
kpop photocard,2026-08-08T20:40:08.662Z,cutiepies2.bsky.social,Arrumadinha está meu holder,5,0,at://did:plc:vxu7y6hqfimbqx5eooenyqg5/app.bsky.feed.post/3mslwjvqsxk2d
kpop photocard,2026-08-08T16:00:30.671Z,kpop-nsfw.bsky.social,"Y’all I got my new debit card and it’s flawless as it could be. This is peak.

https://www.kpopnsfw.com/299057/yall-i-got-my-new-debit-card-and-its-flawless-as-it-could-be-this-is-peak/

An Yujin, light of my life, my soul and whatsoever. This ain't no ordinary photocard, this is …",0,0,at://did:plc:vlihmzxvpwjondmxahcpgke6/app.bsky.feed.post/3mslgwadabk24
kpop photocard,2026-08-08T14:26:28.646Z,wangshu-jun.bsky.social,"maaaaybe we went a second time today, just to get the photocard 👉👈✨
it was a stressful journey to actually get it bc clearly UCI wasn’t prepared for the concept of photocards and kpop, but i was so happy i got the san pc in the end that i almost cried haha 🥹",4,0,at://did:plc:fnvo4dzjj4oqvamfanrlkq5h/app.bsky.feed.post/3mslbnsmkk22j
kpop photocard,2026-08-07T15:23:00.579Z,colbimlac.bsky.social,Mas se são meninas colecionando photocard de idol de kpop...,0,0,at://did:plc:zosoramtyizzlo7y4vibxcot/app.bsky.feed.post/3msiueateys2d
kpop photocard,2026-08-06T22:26:26.872Z,histerico.bsky.social,at this point there's no difference between cartas de pokemon e photocard de kpop pqp pagar absurdo por um pedaço de papel,0,0,at://did:plc:sfgl336shtbmw2oxnrzp5znb/app.bsky.feed.post/3msh3kgkloc27
kpop photocard,2026-08-06T18:38:56.564Z,introyouth.bsky.social,"the CONCEPT of photocard holders with my friends in it omfg 🤩
might have to steal the idea

the kpop version of lovers picture in the wallet omg (i do have tannies in my wallet..) how cute",1,0,at://did:plc:ksp3ypmxcw5vsmnqmc7mcxfb/app.bsky.feed.post/3msgotonxck2k
kpop photocard,2026-08-06T17:29:43.464Z,tigerlily.cafe,hey Kpop ppl what brand do you use for photocard holders. I have 82476383738293782 toploaders due to being a tcg girlie but.,0,0,at://did:plc:dis2fsbsoeyqy7zezkngfxyj/app.bsky.feed.post/3msgkxwtzm22z
kpop photocard,2026-08-06T03:54:04.067Z,liatriskitty.bsky.social,"New pfp who dis? Was inspired by an Ateez kpop photocard.

Art by Shai_juno on vgen",5,2,at://did:plc:qc6a53jxetckfzgsbdecjfoq/app.bsky.feed.post/3msf5faoal22b
kpop photocard,2026-08-05T20:04:39.271Z,groovepick.bsky.social,"JENNIE : Vinyle ""Ruby"" Rouge Rubis en exclu ! 💎🌹

Le #GroovePick K-Pop ! Édition limitée avec mini poster, carte postale et photocard. Un collector magnifique pour tous les fans de @jennierubyjane.bsky.social l 💿🔥

💰 24,99€ | 🗓️ le 22/08/25 
👉 tidd.ly/454x3Kp 🚀

#Jennie #KPop #Vinyl #Publicité #Fnac",0,0,at://did:plc:liep3tnjqxl53t5iu6pjei65/app.bsky.feed.post/3msed6244fk2g
kpop photocard,2026-08-02T20:04:50.870Z,vichrodrigues.bsky.social,a momo dando um tapa na cara e cuspindo na galera que encheu o saco dela pela cartinha pokemon lá,0,0,at://did:plc:dbgafpyw3doxdlgeupjjgeao/app.bsky.feed.post/3ms4rrjepec24
kpop photocard,2026-08-01T23:50:05.475Z,moxamber.bsky.social,"I am not shocked to hear that Kpop photocard scene might be worse than pokemon, but that is also a horrifying thing to read.",0,0,at://did:plc:paj6ipalc3udmxlestdq7qfd/app.bsky.feed.post/3ms2nvepk7s2d
kpop photocard,2026-07-30T18:00:34.274Z,chaminefufu.bsky.social,eu entendo gostar de ter um photocard ou outro mas coleção de photocard pra mim é algo que foge muito a minha compreensão e talvez porque eu ja seja calejada demais em kpop rpa saber que a não ser que seja um grupo enorme em breve deve dar disband,0,0,at://did:plc:ovgf4j3q6eowzb7f5iwtaz6d/app.bsky.feed.post/3mruz2fgy7c2i
kpop photocard,2026-07-26T21:23:32.768Z,thekpophag.bsky.social,Made some fun things for my photocard collection. Will print and cut them tomorrow to see if they any adjustments before putting them up on my Ko-Fi #kpop #photocardcollection,0,0,at://did:plc:lbcbqywa4stoza4gesg4erkn/app.bsky.feed.post/3mrlcvvb7z22y
kpop photocard,2026-07-26T20:46:58.883Z,blutmut.bsky.social,fun fact tho i really wanted outlaw by ateez because its one of my absolute favorite kpop albums ever but i didnt like any of the versions so i had to go for the one i disliked the least and unfortunately its purple which is my least favorite color. and then i got a san photocard from it,0,1,at://did:plc:fuynrqkp6haflpoz3scxt6yz/app.bsky.feed.post/3mrlauhi7rs2q
kpop photocard,2026-07-25T20:13:10.364Z,proteinscollide.bsky.social,My Milan kpop moment...I don't have a Jeno photocard so Chenle subbed in 😅🍨,6,0,at://did:plc:s5wyl7jqooeqq7h3aitozqwv/app.bsky.feed.post/3mrioidz5tc2v
kpop photocard,2026-07-25T05:10:17.770Z,st4rg4zz3rrr.bsky.social,jongho.. jongho please let me get your photocard at kpop nabi in the morning.. 😞,1,0,at://did:plc:f5d37tx72xjlniu5psll7yuv/app.bsky.feed.post/3mrh42o65ic27
kpop photocard,2026-07-23T05:50:58.669Z,crownlessagain.bsky.social,"My Loot Drops

-1 sugar free monster energy 
-2(+) knives
-1 assorted TGCF related item (pin/keychain/photocard etc)
-1 Carmex lip balm
-1 assorted Kpop photocard (Taemin or San most likely)
-a handful of knotted friendship bracelets
-1 hair tie
-1 black cloth face mask
-1 baseball cap",8,0,at://did:plc:qdp4qbcfomsiuq727e7wsj5m/app.bsky.feed.post/3mrc5fl2tz22d
kpop photocard,2026-07-23T05:18:24.863Z,severinlee.bsky.social,"Loot that drops after defeating me:

• one of my key chains (random)
• an unfinished art
• lip balm
• 10 hair ties 
• top ten kpop fics
• poverty
• complicated relationship with mom
• yeonjun fake photocard
• three pen cases
• a money attracting amulet
• back pain",9,0,at://did:plc:gs7i3jq64y42yox7x2cyyi7n/app.bsky.feed.post/3mrc3ldjjfs2d
kpop photocard,2026-07-22T23:17:11.665Z,awyeahmrb.bsky.social,I guess my kpop photocard collection is going to be my retirement,0,0,at://did:plc:gwc525eymedrwaquax4tuukt/app.bsky.feed.post/3mrbhffe6gk2f
kpop photocard,2026-07-22T17:16:01.972Z,kathnotkathy.bsky.social,"First Kpop photocard album ordered 🫶 I have finally outgrown just keeping them in toploaders in a box, lol, I need a system for my babies so I can easily show them off & pick ones to wear on my bag.",1,0,at://did:plc:ou6sfk2dqrnoctmvcj4eayxi/app.bsky.feed.post/3mrat7mxwck2q
kpop photocard,2026-07-21T22:23:41.168Z,belpetit.bsky.social,,7,0,at://did:plc:3bq4bmrzd3qqefjkaebr4brc/app.bsky.feed.post/3mr6twkncg22t
kpop photocard,2026-07-20T19:38:50.068Z,ellywing.bsky.social,"Do it, theres SO many options from kpop photocard books to choose from!! I wanna see more people to just be loud about their love for their characters >:3 esp with the handles its sooo nice!!",1,0,at://did:plc:3hojwcodpglutpcwila5wh7n/app.bsky.feed.post/3mr42b6ir7s2q
kpop photocard,2026-07-17T13:41:54.075Z,shanicetjn.bsky.social,"Bringing the boys out for dinner! 💖 Thank you for drawing them for me, @ruanauden.bsky.social ilysm.

#SajaBoys | #Abby | #Jinu | #Stoof",29,8,at://did:plc:5cnxjkcmcv53p7gydotxl7wp/app.bsky.feed.post/3mqtuvojaus2e
kpop photocard,2026-07-17T11:21:05.970Z,camomille.bsky.social,e quando eu der meu último suspiro saibam que o meu maior feito foi usar guarda photocard de kpop pra levar meu bilhete único igual um chaveiro,3,0,at://did:plc:vowjpd7kfwif2vtbcrofdwc5/app.bsky.feed.post/3mqtn224ims23
kpop photocard,2026-07-16T18:23:19.477Z,lsinthechat.bsky.social,"Selling boy paper on Pocamarket. Check what I’ve got: (I got the Hyunjoong target exclusive up there)

pocamarket.com/s/@sourpuss_...

Please give these paper boys a good home. 

[ #kpop #photocards #ateez #pocamarket #boypaper ]",0,0,at://did:plc:dvzdikrpwaivovw5nbllmuwn/app.bsky.feed.post/3mqru6fyd5s2o
kpop photocard,2026-07-15T19:31:38.572Z,kathnotkathy.bsky.social,"I know I am talking into the void with this one, but: I am sorta confused how few Kpop women stan woman artists. Like I love Yena. I make my own Yena merch. But I have yet to run into another woman or not cis man in the wild who has a lady in their photocard holder. It's always a man.",1,0,at://did:plc:ou6sfk2dqrnoctmvcj4eayxi/app.bsky.feed.post/3mqphjnuozs2n
kpop photocard,2026-07-15T16:03:06.579Z,tinatalkingalone.bsky.social,"dia 03 de férias: decorei e organizei meu álbum de photocard e assisti um video da reconstrução da casa do Ea-Nasir no Minecraft 

engraçado como me acostumo rápido a não trabalhar e estudar",2,0,at://did:plc:jrnrbwvgdiasrl3g75cibtnx/app.bsky.feed.post/3mqp3ugrzb22v
kpop photocard,2026-07-14T21:55:07.877Z,vickychu.bsky.social,"Apareceu gente fazendo grading em Photocard de kpop aqui no Brasil.... Mona, isso nunca vai vingar, tá vergonhoso",0,0,at://did:plc:4b4q3migz5sbpiyvwzmhfa2u/app.bsky.feed.post/3mqn73ecuc22u
kpop photocard,2026-07-14T00:59:46.770Z,koreanwave.bsky.social,"🌍 글로벌 K-POP 반응

[해외반응] 에스파 - 일본 미니앨범 1집 : KISS N TELL (앨범 포장 / 상품 미리보기)

#KPOP #한류 #글로벌반응 #KoreanWave",0,0,at://did:plc:pcepwreewjg6vigw4cxliyxw/app.bsky.feed.post/3mqkywluonz2a
kpop photocard,2026-07-12T19:36:31.865Z,bbarbs.bsky.social,"Tava pensando em levar desses saquinhos com algum docinho, PC, adesivo e chaveiro, mas acho que vou levar só PC e adesivos, pra distribuir na fila acho que vai ser meio ruim, não pretendo chegar muito cedo aí não sei como vai ser",0,0,at://did:plc:j6loih3dp3rdsgz3azmjdcoa/app.bsky.feed.post/3mqhweyq7us24
kpop photocard,2026-07-12T01:17:16.275Z,superfnd.bsky.social,Sponsored Ad - 2 Pcs Kpop Photocard Holder PC ... Major Rave ⋮ • Compact and lightweight design for easy carrying #KPopMusic affiliate link.,1,1,at://did:plc:pzhlhuaibdm4rkqdmczcoi5n/app.bsky.feed.post/3mqfyxzdbgm22
kpop photocard,2026-07-12T01:17:11.972Z,kiitnreviews.bsky.social,Sponsored Ad - 2 Pcs Kpop Photocard Holder PC ... Major Rave ⋮ • Durable hard shell protective sleeves for safeguarding photcards and ID badges #KPopMusic affiliate link.,0,0,at://did:plc:btlzxpao25tto3rjlpdralg3/app.bsky.feed.post/3mqfyxvkd5n25
kpop photocard,2026-07-10T08:45:51.875Z,tenredpencils1.bsky.social,I don’t really know anything about sports but my daughter tells me this is her bias in the football,9,1,at://did:plc:6ondk6v3qtuo3aqgak7v44jn/app.bsky.feed.post/3mqbr3zqchc2y
kpop photocard,2026-07-08T02:30:10.227Z,kpop-nsfw.bsky.social,"aespa Shin Ramyun – photocard found!

https://www.kpopnsfw.com/282821/aespa-shin-ramyun-photocard-found/

Follow-up to my post 2 weeks – can confirm that there is a photocard in the 4 pack that says ""photocard inside."" Now I wonder if there are ones with the individual photocards in North America!",0,0,at://did:plc:vlihmzxvpwjondmxahcpgke6/app.bsky.feed.post/3mq436oyqyz2u
kpop photocard,2026-07-06T14:42:44.131Z,reservatory.bsky.social,"14.  Your favorite kpop photocard.

This is my favorite.  Because I say Jungwon is my precious, handsome, and talented son that I birthed and raised (you know, because I'm old enough to have birthed and a raised him) and he's holding an octopus plush and I LOVE octopodes.",1,0,at://did:plc:lrc2ft5khsyazut7mgg2r6h4/app.bsky.feed.post/3mpyd6pps5s2x
kpop photocard,2026-07-06T03:35:05.837Z,muva-rakuten.bsky.social,"友達に勧められて聴いたら一発で気に入った一枚。『防弾少年団 BTS - In The Mood For Love Part. 1 (3rd Mini) [PINK ver.] CD+Photobook+Photocard K-POP KPOP [韓国盤]』

商品ページはこちら！

#PR",0,0,at://did:plc:qimtgi33gkhroitggfrb56nm/app.bsky.feed.post/3mpx5uxcgw322
kpop photocard,2026-07-04T12:17:09.026Z,superfnd.bsky.social,"Kefley Photocard Holder Keychain Kpop Photo Card... Popular ⋮ • The use of acrylic in creating protective cases, such as those for photo cards and ID cards, has become increasingly popular #KPopMusic #ad",0,0,at://did:plc:pzhlhuaibdm4rkqdmczcoi5n/app.bsky.feed.post/3mpt24mqth52m
kpop photocard,2026-07-04T12:17:06.121Z,kiitnreviews.bsky.social,"Kefley Photocard Holder Keychain Kpop Photo Card... Popular ⋮ • Its applications extend beyond industrial uses, as it has become a popular choice for artists and designers seeking to create visually .. #ad",0,0,at://did:plc:btlzxpao25tto3rjlpdralg3/app.bsky.feed.post/3mpt24jr5uq2b
kpop photocard,2026-07-03T23:12:09.932Z,starwoo.atiny.social,eu gostaria sim que as conversas entre fãs de kpop girassem menos em torno de photocard,2,0,at://did:plc:jocvz5to4pzadyvcxarueivy/app.bsky.feed.post/3mproaxqdrk2u
kpop photocard,2026-07-02T21:06:41.723Z,reviewercaptain.bsky.social,"The Lora Rossie Kpop Photocard Binder includes 50 holographic sleeves and 10 Korean stickers, making it a… https://reviewercaptain.com/dp/b0c3vqg4rc?t=eyJhbGciOiJIUzI1NiIsInR5cCI6IkpXVCJ9.eyJhc2luIjoiQjBDM1ZRRzRSQyIsInRhZyI6InRpZnhjaGFhMy0yMCJ9.pw6L9FxFrGoWI6xMDHdkA3wSlOOtYaM3MwVzCIlQVlM",0,0,at://did:plc:ycn7j2zzwepmmipil3ywtval/app.bsky.feed.post/3mpowrobae52r
kpop photocard,2026-06-30T22:50:59.826Z,cydneyjt.bsky.social,this is gonna be fun 🙂‍↕️,35,0,at://did:plc:5xxoh6efyodv7cidx6c5f2ci/app.bsky.feed.post/3mpk3objjuc2d
kpop photocard,2026-06-30T15:56:09.520Z,ascoresdalua.bsky.social,"Thank you for the art share! 

I do lots of OC art and I'm in a bit of a 2D flat style moment right now 😌

🌸 ascoresdalua.carrd.co",13,6,at://did:plc:cfujjxh2v2f4j2araorlfwyp/app.bsky.feed.post/3mpjedh2bt22o
kpop photocard,2026-06-30T01:54:27.132Z,caseyorbits.bsky.social,12. loona ++ limited b version was the first kpop album i ever purchased :),9,2,at://did:plc:obzc532pt7yho4uhbbd7phgh/app.bsky.feed.post/3mphvgzks7c2e
kpop photocard,2026-06-27T16:16:37.865Z,cromerhearts.bsky.social,IMF CUKING SHAKING? THIS IS MY BIGGEST ISO HJ PHOTOCARD AND ITS $10 AT THE KPOP STORE,14,0,at://did:plc:xrl4ryy4ib3iyn6crqiblon7/app.bsky.feed.post/3mpbua5revk2y
