Group_Name,Reason
13Found,QID_NOT_FOUND
257,QID_NOT_FOUND
87dance,QID_NOT_FOUND
A2O May,QID_NOT_FOUND
ADORA,QID_NOT_FOUND
AEONIT,QID_NOT_FOUND
Ahn Yeeun,QID_NOT_FOUND
ALL'N,QID_NOT_FOUND
AmbiO,QID_NOT_FOUND
ARGON,QID_NOT_FOUND
AWU,QID_NOT_FOUND
Bae Jinyoung,QID_NOT_FOUND
Bang Yedam,QID_NOT_FOUND
BASTTIE,QID_NOT_FOUND
BE:MAX,QID_NOT_FOUND
Blah Blah,QID_NOT_FOUND
Burvey,QID_NOT_FOUND
can’t be blue,QID_NOT_FOUND
ChRocktikal,QID_NOT_FOUND
Cosmosy,QID_NOT_FOUND
DeVita,QID_NOT_FOUND
DIGNITY,QID_NOT_FOUND
Double 0ne,QID_NOT_FOUND
DPR,QID_NOT_FOUND
EMOTI:M,QID_NOT_FOUND
Feverse,QID_NOT_FOUND
For The More,QID_NOT_FOUND
Gitim,QID_NOT_FOUND
GRAY,QID_NOT_FOUND
H//PE PRINCESS,QID_NOT_FOUND
HANRORO,QID_NOT_FOUND
HEART OF WOMAN,QID_NOT_FOUND
Hebi,QID_NOT_FOUND
HISTORY,QID_NOT_FOUND
hrtz.wav,QID_NOT_FOUND
Hwang Minhyun,QID_NOT_FOUND
HyunA&DAWN,QID_NOT_FOUND
Hyunjun Hur,QID_NOT_FOUND
I (Cha Yoonji),QID_NOT_FOUND
I.MET.U,QID_NOT_FOUND
IRISÉ,QID_NOT_FOUND
Isaac Hong,QID_NOT_FOUND
Izykite,QID_NOT_FOUND
Jang Haneum,QID_NOT_FOUND
Jeon Youl,QID_NOT_FOUND
JI BLUE,QID_NOT_FOUND
Jung Seunghwan,QID_NOT_FOUND
JustB,QID_NOT_FOUND
Kang Hyewon,QID_NOT_FOUND
KANGDANIEL,QID_NOT_FOUND
Kik5o,QID_NOT_FOUND
Kik5o x AleXa,QID_NOT_FOUND
Kim Hyojong,QID_NOT_FOUND
Kim Jaehwan,QID_NOT_FOUND
Kim Woojin,QID_NOT_FOUND
Lee Dahye,QID_NOT_FOUND
Lee Junghyun,QID_NOT_FOUND
Lee Sujeong,QID_NOT_FOUND
LOVEONE,QID_NOT_FOUND
LU,QID_NOT_FOUND
LUCY,QID_NOT_FOUND
Luminous,QID_NOT_FOUND
MAKAMAKA,QID_NOT_FOUND
MAP6,QID_NOT_FOUND
MARMELLO,QID_NOT_FOUND
MILLENNIUM,QID_NOT_FOUND
Min Jiwoon,QID_NOT_FOUND
Moon Sujin,QID_NOT_FOUND
MW:MEU,QID_NOT_FOUND
Nchive,QID_NOT_FOUND
NOIR,QID_NOT_FOUND
owoon,QID_NOT_FOUND
Oyster,QID_NOT_FOUND
Papaya,QID_NOT_FOUND
Park Hyoshin,QID_NOT_FOUND
PRITTI-G,QID_NOT_FOUND
RoaD-B,QID_NOT_FOUND
Roh Taehyun,QID_NOT_FOUND
Royal 44,QID_NOT_FOUND
Ryu Sera,QID_NOT_FOUND
Ryu Sujeong,QID_NOT_FOUND
Scarlet (2014),QID_NOT_FOUND
Smile.G,QID_NOT_FOUND
Soorin,QID_NOT_FOUND
SPLAYIT,QID_NOT_FOUND
Stella Jang,QID_NOT_FOUND
Summer Soul,QID_NOT_FOUND
TAN,QID_NOT_FOUND
The Deep,QID_NOT_FOUND
TOMATOMAT,QID_NOT_FOUND
U_Chae,QID_NOT_FOUND
UDTT,QID_NOT_FOUND
V01D,QID_NOT_FOUND
VAYONN,QID_NOT_FOUND
VVS,QID_NOT_FOUND
W!TCHX,QID_NOT_FOUND
WEi,QID_NOT_FOUND
Wezag,QID_NOT_FOUND
Wish,QID_NOT_FOUND
XngHan&Xoul,QID_NOT_FOUND
YongYong,QID_NOT_FOUND
Yoon Jisung,QID_NOT_FOUND
Youha,QID_NOT_FOUND
1NB,NO_MEMBER_DATA
1Verse,NO_MEMBER_DATA
24K+,NO_MEMBER_DATA
2Z,NO_MEMBER_DATA
4TEN,NO_MEMBER_DATA
A.KOR,NO_MEMBER_DATA
ADYA,NO_MEMBER_DATA
AEN,NO_MEMBER_DATA
AIMERS,NO_MEMBER_DATA
ALL(H)OURS,NO_MEMBER_DATA
AM8IC,NO_MEMBER_DATA
ARISE,NO_MEMBER_DATA
ARTBEAT v,NO_MEMBER_DATA
ARrC,NO_MEMBER_DATA
ASH ISLAND,NO_MEMBER_DATA
Asc2nt,NO_MEMBER_DATA
AtHeart,NO_MEMBER_DATA
B.I,NO_MEMBER_DATA
BADVILLAIN,NO_MEMBER_DATA
BDC,NO_MEMBER_DATA
BE BOYS,NO_MEMBER_DATA
BLANK2Y,NO_MEMBER_DATA
BLINGONE,NO_MEMBER_DATA
BLITZERS,NO_MEMBER_DATA
BUS,NO_MEMBER_DATA
BXB,NO_MEMBER_DATA
Baby DONT Cry,NO_MEMBER_DATA
Big Ocean,NO_MEMBER_DATA
BlingBling,NO_MEMBER_DATA
Botopass,NO_MEMBER_DATA
Boys Republic,NO_MEMBER_DATA
C-REAL,NO_MEMBER_DATA
CATCH THE YOUNG,NO_MEMBER_DATA
CMDM,NO_MEMBER_DATA
Candy Shop,NO_MEMBER_DATA
Cheeze,NO_MEMBER_DATA
Craxy,NO_MEMBER_DATA
D.Holic,NO_MEMBER_DATA
DEAN,NO_MEMBER_DATA
DXMON,NO_MEMBER_DATA
Daychild,NO_MEMBER_DATA
Dragon Pony,NO_MEMBER_DATA
FlaShe,NO_MEMBER_DATA
G-Dragon,NO_MEMBER_DATA
GENBLUE,NO_MEMBER_DATA
Gain,NO_MEMBER_DATA
Geenius,NO_MEMBER_DATA
HITGS,NO_MEMBER_DATA
HWISOO,NO_MEMBER_DATA
Ha Sung Woon,NO_MEMBER_DATA
Halo,NO_MEMBER_DATA
Hi-L,NO_MEMBER_DATA
Holland,NO_MEMBER_DATA
Hot Issue,NO_MEMBER_DATA
I:MOND,NO_MEMBER_DATA
IN A MINUTE,NO_MEMBER_DATA
IRRIS,NO_MEMBER_DATA
JAMIE,NO_MEMBER_DATA
Jay Park,NO_MEMBER_DATA
Jeong Yein,NO_MEMBER_DATA
KAVE,NO_MEMBER_DATA
KPop Demon Hunters,NO_MEMBER_DATA
Key,NO_MEMBER_DATA
Keyveatz,NO_MEMBER_DATA
Keyvitup,NO_MEMBER_DATA
KickFlip,NO_MEMBER_DATA
Kiiras,NO_MEMBER_DATA
Kim Ji-yeon,NO_MEMBER_DATA
LNGSHOT,NO_MEMBER_DATA
LOCO,NO_MEMBER_DATA
LUN8,NO_MEMBER_DATA
Lee Chaeyeon,NO_MEMBER_DATA
Lim Kim,NO_MEMBER_DATA
Lim Youngmin,NO_MEMBER_DATA
M.O.N.T,NO_MEMBER_DATA
MAVE:,NO_MEMBER_DATA
MIMIIROSE,NO_MEMBER_DATA
MIXX,NO_MEMBER_DATA
MY.st,NO_MEMBER_DATA
Maywish,NO_MEMBER_DATA
Megamax,NO_MEMBER_DATA
Mijoo,NO_MEMBER_DATA
NCUS,NO_MEMBER_DATA
NEWBEAT,NO_MEMBER_DATA
NEXZ,NO_MEMBER_DATA
NIKA,NO_MEMBER_DATA
NOWZ,NO_MEMBER_DATA
NeonPunch,NO_MEMBER_DATA
New-L,NO_MEMBER_DATA
ODD YOUTH,NO_MEMBER_DATA
OWIS,NO_MEMBER_DATA
PLAVE,NO_MEMBER_DATA
POW,NO_MEMBER_DATA
PRIMARY,NO_MEMBER_DATA
PRIMROSE,NO_MEMBER_DATA
PRITZ,NO_MEMBER_DATA
QI.X,NO_MEMBER_DATA
Queenz Eye,NO_MEMBER_DATA
RE:WIND,NO_MEMBER_DATA
ROCKY,NO_MEMBER_DATA
Rainbow,NO_MEMBER_DATA
Rocking Doll,NO_MEMBER_DATA
Rothy,NO_MEMBER_DATA
Royal Pirates,NO_MEMBER_DATA
S,NO_MEMBER_DATA
SEVENUS,NO_MEMBER_DATA
SHA SHA,NO_MEMBER_DATA
She'z,NO_MEMBER_DATA
Soojin,NO_MEMBER_DATA
StelLive,NO_MEMBER_DATA
Sunmi,NO_MEMBER_DATA
TASTY,NO_MEMBER_DATA
TIOT,NO_MEMBER_DATA
TRENDZ,NO_MEMBER_DATA
TUNEXX,NO_MEMBER_DATA
Taeyeon,NO_MEMBER_DATA
The KingDom,NO_MEMBER_DATA
The Legend,NO_MEMBER_DATA
The Poles,NO_MEMBER_DATA
The Wind,NO_MEMBER_DATA
Trade L,NO_MEMBER_DATA
UNICODE,NO_MEMBER_DATA
UNVS,NO_MEMBER_DATA
VAV,NO_MEMBER_DATA
Varsity,NO_MEMBER_DATA
ViV,NO_MEMBER_DATA
WAKER,NO_MEMBER_DATA
WATERFIRE,NO_MEMBER_DATA
WHIB,NO_MEMBER_DATA
WOODZ,NO_MEMBER_DATA
We Girls,NO_MEMBER_DATA
X-5,NO_MEMBER_DATA
XODIAC,NO_MEMBER_DATA
XUM,NO_MEMBER_DATA
YUHZ,NO_MEMBER_DATA
Yena,NO_MEMBER_DATA
Yerin,NO_MEMBER_DATA
Yoon Min,NO_MEMBER_DATA
idntt,NO_MEMBER_DATA
ifeye,NO_MEMBER_DATA
iii,NO_MEMBER_DATA
wave to earth,NO_MEMBER_DATA
xikers,NO_MEMBER_DATA
